Command line invocation:
    /Applications/Xcode_26.6.app/Contents/Developer/usr/bin/xcodebuild -project ios/App/App.xcodeproj -scheme App -configuration Release -destination generic/platform=iOS -archivePath build/FocusHer.xcarchive -allowProvisioningUpdates -authenticationKeyPath /Users/runner/.appstoreconnect/private_keys/AuthKey_Z7T5YKSW7U.p8 -authenticationKeyID Z7T5YKSW7U -authenticationKeyIssuerID 951bd4e3-5906-4027-aa20-7cbb4507902b DEVELOPMENT_TEAM=625A6TQ9CK CODE_SIGN_STYLE=Automatic CODE_SIGNING_ALLOWED=NO CODE_SIGNING_REQUIRED=NO CODE_SIGN_IDENTITY= MARKETING_VERSION=1.0.0 CURRENT_PROJECT_VERSION=3 TARGETED_DEVICE_FAMILY=1 archive

Build settings from command line:
    CODE_SIGN_IDENTITY = 
    CODE_SIGN_STYLE = Automatic
    CODE_SIGNING_ALLOWED = NO
    CODE_SIGNING_REQUIRED = NO
    CURRENT_PROJECT_VERSION = 3
    DEVELOPMENT_TEAM = 625A6TQ9CK
    MARKETING_VERSION = 1.0.0
    TARGETED_DEVICE_FAMILY = 1

Resolve Package Graph

Fetching from https://github.com/RevenueCat/purchases-hybrid-common.git

Fetching from https://github.com/ionic-team/capacitor-swift-pm.git

Fetching from https://github.com/RevenueCat/purchases-ios-spm

Creating working copy of package ‘purchases-ios-spm’

Checking out 5.92.0 of package ‘purchases-ios-spm’

Creating working copy of package ‘capacitor-swift-pm’

Checking out 8.5.2 of package ‘capacitor-swift-pm’

Creating working copy of package ‘purchases-hybrid-common’

Checking out 19.5.0 of package ‘purchases-hybrid-common’


Resolved source packages:
  CapacitorStatusBar: /Users/runner/work/focusher-app/focusher-app/node_modules/@capacitor/status-bar @ local
  CapApp-SPM: /Users/runner/work/focusher-app/focusher-app/ios/App/CapApp-SPM @ local
  CapacitorLocalNotifications: /Users/runner/work/focusher-app/focusher-app/node_modules/@capacitor/local-notifications @ local
  PurchasesHybridCommon: https://github.com/RevenueCat/purchases-hybrid-common.git @ 19.5.0
  CapacitorApp: /Users/runner/work/focusher-app/focusher-app/node_modules/@capacitor/app @ local
  RevenueCat: https://github.com/RevenueCat/purchases-ios-spm @ 5.92.0
  CapacitorSplashScreen: /Users/runner/work/focusher-app/focusher-app/node_modules/@capacitor/splash-screen @ local
  RevenuecatPurchasesCapacitor: /Users/runner/work/focusher-app/focusher-app/node_modules/@revenuecat/purchases-capacitor @ local
  capacitor-swift-pm: https://github.com/ionic-team/capacitor-swift-pm.git @ 8.5.2

note: Using codesigning identity override: 
ComputePackagePrebuildTargetDependencyGraph

Prepare packages

CreateBuildRequest

SendProjectDescription

CreateBuildOperation

ComputeTargetDependencyGraph
note: Building targets in dependency order
note: Target dependency graph (20 targets)
    Target 'App' in project 'App'
        ➜ Explicit dependency on target 'CapApp-SPM' in project 'CapApp-SPM'
    Target 'CapApp-SPM' in project 'CapApp-SPM'
        ➜ Explicit dependency on target 'CapApp-SPM' in project 'CapApp-SPM'
        ➜ Explicit dependency on target 'Capacitor' in project 'capacitor-swift-pm'
        ➜ Explicit dependency on target 'Cordova' in project 'capacitor-swift-pm'
        ➜ Explicit dependency on target 'CapacitorApp' in project 'CapacitorApp'
        ➜ Explicit dependency on target 'CapacitorLocalNotifications' in project 'CapacitorLocalNotifications'
        ➜ Explicit dependency on target 'CapacitorSplashScreen' in project 'CapacitorSplashScreen'
        ➜ Explicit dependency on target 'CapacitorStatusBar' in project 'CapacitorStatusBar'
        ➜ Explicit dependency on target 'RevenuecatPurchasesCapacitor' in project 'RevenuecatPurchasesCapacitor'
    Target 'CapApp-SPM' in project 'CapApp-SPM'
        ➜ Explicit dependency on target 'Capacitor' in project 'capacitor-swift-pm'
        ➜ Explicit dependency on target 'Cordova' in project 'capacitor-swift-pm'
        ➜ Explicit dependency on target 'CapacitorApp' in project 'CapacitorApp'
        ➜ Explicit dependency on target 'CapacitorLocalNotifications' in project 'CapacitorLocalNotifications'
        ➜ Explicit dependency on target 'CapacitorSplashScreen' in project 'CapacitorSplashScreen'
        ➜ Explicit dependency on target 'CapacitorStatusBar' in project 'CapacitorStatusBar'
        ➜ Explicit dependency on target 'RevenuecatPurchasesCapacitor' in project 'RevenuecatPurchasesCapacitor'
    Target 'RevenuecatPurchasesCapacitor' in project 'RevenuecatPurchasesCapacitor'
        ➜ Explicit dependency on target 'RevenuecatPurchasesCapacitor' in project 'RevenuecatPurchasesCapacitor'
        ➜ Explicit dependency on target 'Capacitor' in project 'capacitor-swift-pm'
        ➜ Explicit dependency on target 'Cordova' in project 'capacitor-swift-pm'
        ➜ Explicit dependency on target 'PurchasesHybridCommon' in project 'PurchasesHybridCommon'
    Target 'RevenuecatPurchasesCapacitor' in project 'RevenuecatPurchasesCapacitor'
        ➜ Explicit dependency on target 'Capacitor' in project 'capacitor-swift-pm'
        ➜ Explicit dependency on target 'Cordova' in project 'capacitor-swift-pm'
        ➜ Explicit dependency on target 'PurchasesHybridCommon' in project 'PurchasesHybridCommon'
    Target 'PurchasesHybridCommon' in project 'PurchasesHybridCommon'
        ➜ Explicit dependency on target 'PurchasesHybridCommon' in project 'PurchasesHybridCommon'
        ➜ Explicit dependency on target 'RevenueCat' in project 'RevenueCat'
    Target 'PurchasesHybridCommon' in project 'PurchasesHybridCommon'
        ➜ Explicit dependency on target 'RevenueCat' in project 'RevenueCat'
    Target 'RevenueCat' in project 'RevenueCat'
        ➜ Explicit dependency on target 'RevenueCat' in project 'RevenueCat'
        ➜ Explicit dependency on target 'RevenueCat_RevenueCat' in project 'RevenueCat'
    Target 'RevenueCat' in project 'RevenueCat'
        ➜ Explicit dependency on target 'RevenueCat_RevenueCat' in project 'RevenueCat'
    Target 'RevenueCat_RevenueCat' in project 'RevenueCat' (no dependencies)
    Target 'CapacitorStatusBar' in project 'CapacitorStatusBar'
        ➜ Explicit dependency on target 'StatusBarPlugin' in project 'CapacitorStatusBar'
        ➜ Explicit dependency on target 'Capacitor' in project 'capacitor-swift-pm'
        ➜ Explicit dependency on target 'Cordova' in project 'capacitor-swift-pm'
    Target 'StatusBarPlugin' in project 'CapacitorStatusBar'
        ➜ Explicit dependency on target 'Capacitor' in project 'capacitor-swift-pm'
        ➜ Explicit dependency on target 'Cordova' in project 'capacitor-swift-pm'
    Target 'CapacitorSplashScreen' in project 'CapacitorSplashScreen'
        ➜ Explicit dependency on target 'SplashScreenPlugin' in project 'CapacitorSplashScreen'
        ➜ Explicit dependency on target 'Capacitor' in project 'capacitor-swift-pm'
        ➜ Explicit dependency on target 'Cordova' in project 'capacitor-swift-pm'
    Target 'SplashScreenPlugin' in project 'CapacitorSplashScreen'
        ➜ Explicit dependency on target 'Capacitor' in project 'capacitor-swift-pm'
        ➜ Explicit dependency on target 'Cordova' in project 'capacitor-swift-pm'
    Target 'CapacitorLocalNotifications' in project 'CapacitorLocalNotifications'
        ➜ Explicit dependency on target 'LocalNotificationsPlugin' in project 'CapacitorLocalNotifications'
        ➜ Explicit dependency on target 'Capacitor' in project 'capacitor-swift-pm'
        ➜ Explicit dependency on target 'Cordova' in project 'capacitor-swift-pm'
    Target 'LocalNotificationsPlugin' in project 'CapacitorLocalNotifications'
        ➜ Explicit dependency on target 'Capacitor' in project 'capacitor-swift-pm'
        ➜ Explicit dependency on target 'Cordova' in project 'capacitor-swift-pm'
    Target 'CapacitorApp' in project 'CapacitorApp'
        ➜ Explicit dependency on target 'AppPlugin' in project 'CapacitorApp'
        ➜ Explicit dependency on target 'Capacitor' in project 'capacitor-swift-pm'
        ➜ Explicit dependency on target 'Cordova' in project 'capacitor-swift-pm'
    Target 'AppPlugin' in project 'CapacitorApp'
        ➜ Explicit dependency on target 'Capacitor' in project 'capacitor-swift-pm'
        ➜ Explicit dependency on target 'Cordova' in project 'capacitor-swift-pm'
    Target 'Cordova' in project 'capacitor-swift-pm' (no dependencies)
    Target 'Capacitor' in project 'capacitor-swift-pm' (no dependencies)

GatherProvisioningInputs

CreateBuildDescription

ExecuteExternalTool /Applications/Xcode_26.6.app/Contents/Developer/Toolchains/XcodeDefault.xctoolchain/usr/bin/swiftc --version

ExecuteExternalTool /Applications/Xcode_26.6.app/Contents/Developer/usr/bin/actool --print-asset-tag-combinations --output-format xml1 /Users/runner/work/focusher-app/focusher-app/ios/App/App/Assets.xcassets

ExecuteExternalTool /Applications/Xcode_26.6.app/Contents/Developer/usr/bin/ibtool --version --output-format xml1

ExecuteExternalTool /Applications/Xcode_26.6.app/Contents/Developer/Toolchains/XcodeDefault.xctoolchain/usr/bin/clang -v -E -dM -isysroot /Applications/Xcode_26.6.app/Contents/Developer/Platforms/iPhoneOS.platform/Developer/SDKs/iPhoneOS26.5.sdk -x c -c /dev/null

ExecuteExternalTool /Applications/Xcode_26.6.app/Contents/Developer/Toolchains/XcodeDefault.xctoolchain/usr/bin/ld -version_details

ReadFileContents /Applications/Xcode_26.6.app/Contents/Developer/Toolchains/XcodeDefault.xctoolchain/usr/share/docc/features.json

ExecuteExternalTool /Applications/Xcode_26.6.app/Contents/Developer/usr/bin/actool --version --output-format xml1

Build description signature: d7363937a54964acc6675a6bdaba5b31
Build description path: /Users/runner/Library/Developer/Xcode/DerivedData/App-bftnsirjgxxrogcvaqjekecjqrkn/Build/Intermediates.noindex/ArchiveIntermediates/App/IntermediateBuildFilesPath/XCBuildData/d7363937a54964acc6675a6bdaba5b31.xcbuilddata
CreateBuildDirectory /Users/runner/Library/Developer/Xcode/DerivedData/App-bftnsirjgxxrogcvaqjekecjqrkn/Build/Intermediates.noindex/ArchiveIntermediates/App/InstallationBuildProductsLocation
    cd /Users/runner/work/focusher-app/focusher-app/ios/App/App.xcodeproj
    builtin-create-build-directory /Users/runner/Library/Developer/Xcode/DerivedData/App-bftnsirjgxxrogcvaqjekecjqrkn/Build/Intermediates.noindex/ArchiveIntermediates/App/InstallationBuildProductsLocation

CreateBuildDirectory /Users/runner/Library/Developer/Xcode/DerivedData/App-bftnsirjgxxrogcvaqjekecjqrkn/Build/Intermediates.noindex/ArchiveIntermediates/App/IntermediateBuildFilesPath
    cd /Users/runner/work/focusher-app/focusher-app/ios/App/App.xcodeproj
    builtin-create-build-directory /Users/runner/Library/Developer/Xcode/DerivedData/App-bftnsirjgxxrogcvaqjekecjqrkn/Build/Intermediates.noindex/ArchiveIntermediates/App/IntermediateBuildFilesPath

CreateBuildDirectory /Users/runner/Library/Developer/Xcode/DerivedData/App-bftnsirjgxxrogcvaqjekecjqrkn/Build/Intermediates.noindex/ArchiveIntermediates/App/BuildProductsPath
    cd /Users/runner/work/focusher-app/focusher-app/ios/App/App.xcodeproj
    builtin-create-build-directory /Users/runner/Library/Developer/Xcode/DerivedData/App-bftnsirjgxxrogcvaqjekecjqrkn/Build/Intermediates.noindex/ArchiveIntermediates/App/BuildProductsPath

ClangStatCache /Applications/Xcode_26.6.app/Contents/Developer/Toolchains/XcodeDefault.xctoolchain/usr/bin/clang-stat-cache /Applications/Xcode_26.6.app/Contents/Developer/Platforms/iPhoneOS.platform/Developer/SDKs/iPhoneOS26.5.sdk /Users/runner/Library/Developer/Xcode/DerivedData/SDKStatCaches.noindex/iphoneos26.5-23F81a-688ef53f1462e2c8f657fdc38a81448fee66e23052a0157c865c76b268046726.sdkstatcache
    cd /Users/runner/work/focusher-app/focusher-app/ios/App/App.xcodeproj
    /Applications/Xcode_26.6.app/Contents/Developer/Toolchains/XcodeDefault.xctoolchain/usr/bin/clang-stat-cache /Applications/Xcode_26.6.app/Contents/Developer/Platforms/iPhoneOS.platform/Developer/SDKs/iPhoneOS26.5.sdk -o /Users/runner/Library/Developer/Xcode/DerivedData/SDKStatCaches.noindex/iphoneos26.5-23F81a-688ef53f1462e2c8f657fdc38a81448fee66e23052a0157c865c76b268046726.sdkstatcache

WriteAuxiliaryFile /Users/runner/Library/Developer/Xcode/DerivedData/App-bftnsirjgxxrogcvaqjekecjqrkn/Build/Intermediates.noindex/ArchiveIntermediates/App/IntermediateBuildFilesPath/App.build/Release-iphoneos/App-0ca3007d900a678c2b4d53418799ee3d-VFS-iphoneos/all-product-headers.yaml
    cd /Users/runner/work/focusher-app/focusher-app/ios/App/App.xcodeproj
    write-file /Users/runner/Library/Developer/Xcode/DerivedData/App-bftnsirjgxxrogcvaqjekecjqrkn/Build/Intermediates.noindex/ArchiveIntermediates/App/IntermediateBuildFilesPath/App.build/Release-iphoneos/App-0ca3007d900a678c2b4d53418799ee3d-VFS-iphoneos/all-product-headers.yaml

SignatureCollection /Users/runner/Library/Developer/Xcode/DerivedData/App-bftnsirjgxxrogcvaqjekecjqrkn/Build/Intermediates.noindex/ArchiveIntermediates/App/BuildProductsPath/Release-iphoneos/Cordova.xcframework-ios.signature
    cd /Users/runner/work/focusher-app/focusher-app/ios/App/App.xcodeproj
    builtin-collectSignature --input /Users/runner/Library/Developer/Xcode/DerivedData/App-bftnsirjgxxrogcvaqjekecjqrkn/SourcePackages/artifacts/capacitor-swift-pm/Cordova/Cordova.xcframework --output /Users/runner/Library/Developer/Xcode/DerivedData/App-bftnsirjgxxrogcvaqjekecjqrkn/Build/Intermediates.noindex/ArchiveIntermediates/App/BuildProductsPath/Release-iphoneos/Cordova.xcframework-ios.signature --info platform ios --info library Cordova.framework

SignatureCollection /Users/runner/Library/Developer/Xcode/DerivedData/App-bftnsirjgxxrogcvaqjekecjqrkn/Build/Intermediates.noindex/ArchiveIntermediates/App/BuildProductsPath/Release-iphoneos/Capacitor.xcframework-ios.signature
    cd /Users/runner/work/focusher-app/focusher-app/ios/App/App.xcodeproj
    builtin-collectSignature --input /Users/runner/Library/Developer/Xcode/DerivedData/App-bftnsirjgxxrogcvaqjekecjqrkn/SourcePackages/artifacts/capacitor-swift-pm/Capacitor/Capacitor.xcframework --output /Users/runner/Library/Developer/Xcode/DerivedData/App-bftnsirjgxxrogcvaqjekecjqrkn/Build/Intermediates.noindex/ArchiveIntermediates/App/BuildProductsPath/Release-iphoneos/Capacitor.xcframework-ios.signature --info platform ios --info library Capacitor.framework

CreateBuildDirectory /Users/runner/Library/Developer/Xcode/DerivedData/App-bftnsirjgxxrogcvaqjekecjqrkn/Build/Intermediates.noindex/ArchiveIntermediates/App/IntermediateBuildFilesPath/SwiftExplicitPrecompiledModules
    cd /Users/runner/work/focusher-app/focusher-app/ios/App/App.xcodeproj
    builtin-create-build-directory /Users/runner/Library/Developer/Xcode/DerivedData/App-bftnsirjgxxrogcvaqjekecjqrkn/Build/Intermediates.noindex/ArchiveIntermediates/App/IntermediateBuildFilesPath/SwiftExplicitPrecompiledModules

CreateBuildDirectory /Users/runner/Library/Developer/Xcode/DerivedData/App-bftnsirjgxxrogcvaqjekecjqrkn/Build/Intermediates.noindex/ArchiveIntermediates/App/IntermediateBuildFilesPath/ExplicitPrecompiledModules
    cd /Users/runner/work/focusher-app/focusher-app/ios/App/App.xcodeproj
    builtin-create-build-directory /Users/runner/Library/Developer/Xcode/DerivedData/App-bftnsirjgxxrogcvaqjekecjqrkn/Build/Intermediates.noindex/ArchiveIntermediates/App/IntermediateBuildFilesPath/ExplicitPrecompiledModules

CreateBuildDirectory /Users/runner/Library/Developer/Xcode/DerivedData/App-bftnsirjgxxrogcvaqjekecjqrkn/Build/Intermediates.noindex/ArchiveIntermediates/App/IntermediateBuildFilesPath/EagerLinkingTBDs/Release-iphoneos
    cd /Users/runner/work/focusher-app/focusher-app/ios/App/App.xcodeproj
    builtin-create-build-directory /Users/runner/Library/Developer/Xcode/DerivedData/App-bftnsirjgxxrogcvaqjekecjqrkn/Build/Intermediates.noindex/ArchiveIntermediates/App/IntermediateBuildFilesPath/EagerLinkingTBDs/Release-iphoneos

CreateBuildDirectory /Users/runner/Library/Developer/Xcode/DerivedData/App-bftnsirjgxxrogcvaqjekecjqrkn/Build/Intermediates.noindex/ArchiveIntermediates/App/BuildProductsPath/Release-iphoneos
    cd /Users/runner/work/focusher-app/focusher-app/ios/App/App.xcodeproj
    builtin-create-build-directory /Users/runner/Library/Developer/Xcode/DerivedData/App-bftnsirjgxxrogcvaqjekecjqrkn/Build/Intermediates.noindex/ArchiveIntermediates/App/BuildProductsPath/Release-iphoneos

WriteAuxiliaryFile /Users/runner/Library/Developer/Xcode/DerivedData/App-bftnsirjgxxrogcvaqjekecjqrkn/Build/Intermediates.noindex/ArchiveIntermediates/App/IntermediateBuildFilesPath/RevenueCat.build/Release-iphoneos/RevenueCat_RevenueCat.build/empty-RevenueCat_RevenueCat.plist (in target 'RevenueCat_RevenueCat' from project 'RevenueCat')
    cd /Users/runner/Library/Developer/Xcode/DerivedData/App-bftnsirjgxxrogcvaqjekecjqrkn/SourcePackages/checkouts/purchases-ios-spm
    write-file /Users/runner/Library/Developer/Xcode/DerivedData/App-bftnsirjgxxrogcvaqjekecjqrkn/Build/Intermediates.noindex/ArchiveIntermediates/App/IntermediateBuildFilesPath/RevenueCat.build/Release-iphoneos/RevenueCat_RevenueCat.build/empty-RevenueCat_RevenueCat.plist

WriteAuxiliaryFile /Users/runner/Library/Developer/Xcode/DerivedData/App-bftnsirjgxxrogcvaqjekecjqrkn/Build/Intermediates.noindex/ArchiveIntermediates/App/IntermediateBuildFilesPath/RevenueCat.build/Release-iphoneos/RevenueCat_RevenueCat.build/RevenueCat_RevenueCat.DependencyStaticMetadataFileList (in target 'RevenueCat_RevenueCat' from project 'RevenueCat')
    cd /Users/runner/Library/Developer/Xcode/DerivedData/App-bftnsirjgxxrogcvaqjekecjqrkn/SourcePackages/checkouts/purchases-ios-spm
    write-file /Users/runner/Library/Developer/Xcode/DerivedData/App-bftnsirjgxxrogcvaqjekecjqrkn/Build/Intermediates.noindex/ArchiveIntermediates/App/IntermediateBuildFilesPath/RevenueCat.build/Release-iphoneos/RevenueCat_RevenueCat.build/RevenueCat_RevenueCat.DependencyStaticMetadataFileList

WriteAuxiliaryFile /Users/runner/Library/Developer/Xcode/DerivedData/App-bftnsirjgxxrogcvaqjekecjqrkn/Build/Intermediates.noindex/ArchiveIntermediates/App/IntermediateBuildFilesPath/RevenueCat.build/Release-iphoneos/RevenueCat_RevenueCat.build/RevenueCat_RevenueCat.DependencyMetadataFileList (in target 'RevenueCat_RevenueCat' from project 'RevenueCat')
    cd /Users/runner/Library/Developer/Xcode/DerivedData/App-bftnsirjgxxrogcvaqjekecjqrkn/SourcePackages/checkouts/purchases-ios-spm
    write-file /Users/runner/Library/Developer/Xcode/DerivedData/App-bftnsirjgxxrogcvaqjekecjqrkn/Build/Intermediates.noindex/ArchiveIntermediates/App/IntermediateBuildFilesPath/RevenueCat.build/Release-iphoneos/RevenueCat_RevenueCat.build/RevenueCat_RevenueCat.DependencyMetadataFileList

SymLink /Users/runner/Library/Developer/Xcode/DerivedData/App-bftnsirjgxxrogcvaqjekecjqrkn/Build/Intermediates.noindex/ArchiveIntermediates/App/BuildProductsPath/Release-iphoneos/RevenueCat_RevenueCat.bundle ../../IntermediateBuildFilesPath/UninstalledProducts/iphoneos/RevenueCat_RevenueCat.bundle (in target 'RevenueCat_RevenueCat' from project 'RevenueCat')
    cd /Users/runner/Library/Developer/Xcode/DerivedData/App-bftnsirjgxxrogcvaqjekecjqrkn/SourcePackages/checkouts/purchases-ios-spm
    /bin/ln -sfh ../../IntermediateBuildFilesPath/UninstalledProducts/iphoneos/RevenueCat_RevenueCat.bundle /Users/runner/Library/Developer/Xcode/DerivedData/App-bftnsirjgxxrogcvaqjekecjqrkn/Build/Intermediates.noindex/ArchiveIntermediates/App/BuildProductsPath/Release-iphoneos/RevenueCat_RevenueCat.bundle

MkDir /Users/runner/Library/Developer/Xcode/DerivedData/App-bftnsirjgxxrogcvaqjekecjqrkn/Build/Intermediates.noindex/ArchiveIntermediates/App/IntermediateBuildFilesPath/UninstalledProducts/iphoneos/RevenueCat_RevenueCat.bundle (in target 'RevenueCat_RevenueCat' from project 'RevenueCat')
    cd /Users/runner/Library/Developer/Xcode/DerivedData/App-bftnsirjgxxrogcvaqjekecjqrkn/SourcePackages/checkouts/purchases-ios-spm
    /bin/mkdir -p /Users/runner/Library/Developer/Xcode/DerivedData/App-bftnsirjgxxrogcvaqjekecjqrkn/Build/Intermediates.noindex/ArchiveIntermediates/App/IntermediateBuildFilesPath/UninstalledProducts/iphoneos/RevenueCat_RevenueCat.bundle

WriteAuxiliaryFile /Users/runner/Library/Developer/Xcode/DerivedData/App-bftnsirjgxxrogcvaqjekecjqrkn/Build/Intermediates.noindex/ArchiveIntermediates/App/IntermediateBuildFilesPath/RevenueCat.build/Release-iphoneos/RevenueCat.build/RevenueCat.modulemap (in target 'RevenueCat' from project 'RevenueCat')
    cd /Users/runner/Library/Developer/Xcode/DerivedData/App-bftnsirjgxxrogcvaqjekecjqrkn/SourcePackages/checkouts/purchases-ios-spm
    write-file /Users/runner/Library/Developer/Xcode/DerivedData/App-bftnsirjgxxrogcvaqjekecjqrkn/Build/Intermediates.noindex/ArchiveIntermediates/App/IntermediateBuildFilesPath/RevenueCat.build/Release-iphoneos/RevenueCat.build/RevenueCat.modulemap

WriteAuxiliaryFile /Users/runner/Library/Developer/Xcode/DerivedData/App-bftnsirjgxxrogcvaqjekecjqrkn/Build/Intermediates.noindex/ArchiveIntermediates/App/IntermediateBuildFilesPath/RevenueCat.build/Release-iphoneos/RevenueCat.build/RevenueCat.DependencyStaticMetadataFileList (in target 'RevenueCat' from project 'RevenueCat')
    cd /Users/runner/Library/Developer/Xcode/DerivedData/App-bftnsirjgxxrogcvaqjekecjqrkn/SourcePackages/checkouts/purchases-ios-spm
    write-file /Users/runner/Library/Developer/Xcode/DerivedData/App-bftnsirjgxxrogcvaqjekecjqrkn/Build/Intermediates.noindex/ArchiveIntermediates/App/IntermediateBuildFilesPath/RevenueCat.build/Release-iphoneos/RevenueCat.build/RevenueCat.DependencyStaticMetadataFileList

WriteAuxiliaryFile /Users/runner/Library/Developer/Xcode/DerivedData/App-bftnsirjgxxrogcvaqjekecjqrkn/Build/Intermediates.noindex/ArchiveIntermediates/App/IntermediateBuildFilesPath/RevenueCat.build/Release-iphoneos/RevenueCat.build/RevenueCat.DependencyMetadataFileList (in target 'RevenueCat' from project 'RevenueCat')
    cd /Users/runner/Library/Developer/Xcode/DerivedData/App-bftnsirjgxxrogcvaqjekecjqrkn/SourcePackages/checkouts/purchases-ios-spm
    write-file /Users/runner/Library/Developer/Xcode/DerivedData/App-bftnsirjgxxrogcvaqjekecjqrkn/Build/Intermediates.noindex/ArchiveIntermediates/App/IntermediateBuildFilesPath/RevenueCat.build/Release-iphoneos/RevenueCat.build/RevenueCat.DependencyMetadataFileList

WriteAuxiliaryFile /Users/runner/Library/Developer/Xcode/DerivedData/App-bftnsirjgxxrogcvaqjekecjqrkn/Build/Intermediates.noindex/ArchiveIntermediates/App/IntermediateBuildFilesPath/RevenueCat.build/Release-iphoneos/RevenueCat.build/Objects-normal/arm64/RevenueCat_const_extract_protocols.json (in target 'RevenueCat' from project 'RevenueCat')
    cd /Users/runner/Library/Developer/Xcode/DerivedData/App-bftnsirjgxxrogcvaqjekecjqrkn/SourcePackages/checkouts/purchases-ios-spm
    write-file /Users/runner/Library/Developer/Xcode/DerivedData/App-bftnsirjgxxrogcvaqjekecjqrkn/Build/Intermediates.noindex/ArchiveIntermediates/App/IntermediateBuildFilesPath/RevenueCat.build/Release-iphoneos/RevenueCat.build/Objects-normal/arm64/RevenueCat_const_extract_protocols.json

WriteAuxiliaryFile /Users/runner/Library/Developer/Xcode/DerivedData/App-bftnsirjgxxrogcvaqjekecjqrkn/Build/Intermediates.noindex/ArchiveIntermediates/App/IntermediateBuildFilesPath/RevenueCat.build/Release-iphoneos/RevenueCat.build/Objects-normal/arm64/RevenueCat.SwiftFileList (in target 'RevenueCat' from project 'RevenueCat')
    cd /Users/runner/Library/Developer/Xcode/DerivedData/App-bftnsirjgxxrogcvaqjekecjqrkn/SourcePackages/checkouts/purchases-ios-spm
    write-file /Users/runner/Library/Developer/Xcode/DerivedData/App-bftnsirjgxxrogcvaqjekecjqrkn/Build/Intermediates.noindex/ArchiveIntermediates/App/IntermediateBuildFilesPath/RevenueCat.build/Release-iphoneos/RevenueCat.build/Objects-normal/arm64/RevenueCat.SwiftFileList

WriteAuxiliaryFile /Users/runner/Library/Developer/Xcode/DerivedData/App-bftnsirjgxxrogcvaqjekecjqrkn/Build/Intermediates.noindex/ArchiveIntermediates/App/IntermediateBuildFilesPath/RevenueCat.build/Release-iphoneos/RevenueCat.build/Objects-normal/arm64/RevenueCat.SwiftConstValuesFileList (in target 'RevenueCat' from project 'RevenueCat')
    cd /Users/runner/Library/Developer/Xcode/DerivedData/App-bftnsirjgxxrogcvaqjekecjqrkn/SourcePackages/checkouts/purchases-ios-spm
    write-file /Users/runner/Library/Developer/Xcode/DerivedData/App-bftnsirjgxxrogcvaqjekecjqrkn/Build/Intermediates.noindex/ArchiveIntermediates/App/IntermediateBuildFilesPath/RevenueCat.build/Release-iphoneos/RevenueCat.build/Objects-normal/arm64/RevenueCat.SwiftConstValuesFileList

WriteAuxiliaryFile /Users/runner/Library/Developer/Xcode/DerivedData/App-bftnsirjgxxrogcvaqjekecjqrkn/Build/Intermediates.noindex/ArchiveIntermediates/App/IntermediateBuildFilesPath/RevenueCat.build/Release-iphoneos/RevenueCat.build/Objects-normal/arm64/RevenueCat.LinkFileList (in target 'RevenueCat' from project 'RevenueCat')
    cd /Users/runner/Library/Developer/Xcode/DerivedData/App-bftnsirjgxxrogcvaqjekecjqrkn/SourcePackages/checkouts/purchases-ios-spm
    write-file /Users/runner/Library/Developer/Xcode/DerivedData/App-bftnsirjgxxrogcvaqjekecjqrkn/Build/Intermediates.noindex/ArchiveIntermediates/App/IntermediateBuildFilesPath/RevenueCat.build/Release-iphoneos/RevenueCat.build/Objects-normal/arm64/RevenueCat.LinkFileList

WriteAuxiliaryFile /Users/runner/Library/Developer/Xcode/DerivedData/App-bftnsirjgxxrogcvaqjekecjqrkn/Build/Intermediates.noindex/ArchiveIntermediates/App/IntermediateBuildFilesPath/RevenueCat.build/Release-iphoneos/RevenueCat.build/Objects-normal/arm64/RevenueCat-OutputFileMap.json (in target 'RevenueCat' from project 'RevenueCat')
    cd /Users/runner/Library/Developer/Xcode/DerivedData/App-bftnsirjgxxrogcvaqjekecjqrkn/SourcePackages/checkouts/purchases-ios-spm
    write-file /Users/runner/Library/Developer/Xcode/DerivedData/App-bftnsirjgxxrogcvaqjekecjqrkn/Build/Intermediates.noindex/ArchiveIntermediates/App/IntermediateBuildFilesPath/RevenueCat.build/Release-iphoneos/RevenueCat.build/Objects-normal/arm64/RevenueCat-OutputFileMap.json

WriteAuxiliaryFile /Users/runner/Library/Developer/Xcode/DerivedData/App-bftnsirjgxxrogcvaqjekecjqrkn/Build/Intermediates.noindex/ArchiveIntermediates/App/IntermediateBuildFilesPath/RevenueCat.build/Release-iphoneos/RevenueCat.build/DerivedSources/resource_bundle_accessor.swift (in target 'RevenueCat' from project 'RevenueCat')
    cd /Users/runner/Library/Developer/Xcode/DerivedData/App-bftnsirjgxxrogcvaqjekecjqrkn/SourcePackages/checkouts/purchases-ios-spm
    write-file /Users/runner/Library/Developer/Xcode/DerivedData/App-bftnsirjgxxrogcvaqjekecjqrkn/Build/Intermediates.noindex/ArchiveIntermediates/App/IntermediateBuildFilesPath/RevenueCat.build/Release-iphoneos/RevenueCat.build/DerivedSources/resource_bundle_accessor.swift

Copy /Users/runner/Library/Developer/Xcode/DerivedData/App-bftnsirjgxxrogcvaqjekecjqrkn/Build/Intermediates.noindex/ArchiveIntermediates/App/IntermediateBuildFilesPath/GeneratedModuleMaps-iphoneos/RevenueCat.modulemap /Users/runner/Library/Developer/Xcode/DerivedData/App-bftnsirjgxxrogcvaqjekecjqrkn/Build/Intermediates.noindex/ArchiveIntermediates/App/IntermediateBuildFilesPath/RevenueCat.build/Release-iphoneos/RevenueCat.build/RevenueCat.modulemap (in target 'RevenueCat' from project 'RevenueCat')
    cd /Users/runner/Library/Developer/Xcode/DerivedData/App-bftnsirjgxxrogcvaqjekecjqrkn/SourcePackages/checkouts/purchases-ios-spm
    builtin-copy -exclude .DS_Store -exclude CVS -exclude .svn -exclude .git -exclude .hg -strip-unsigned-binaries -strip-deterministic -strip-tool /Applications/Xcode_26.6.app/Contents/Developer/Toolchains/XcodeDefault.xctoolchain/usr/bin/strip -resolve-src-symlinks /Users/runner/Library/Developer/Xcode/DerivedData/App-bftnsirjgxxrogcvaqjekecjqrkn/Build/Intermediates.noindex/ArchiveIntermediates/App/IntermediateBuildFilesPath/RevenueCat.build/Release-iphoneos/RevenueCat.build/RevenueCat.modulemap /Users/runner/Library/Developer/Xcode/DerivedData/App-bftnsirjgxxrogcvaqjekecjqrkn/Build/Intermediates.noindex/ArchiveIntermediates/App/IntermediateBuildFilesPath/GeneratedModuleMaps-iphoneos

SymLink /Users/runner/Library/Developer/Xcode/DerivedData/App-bftnsirjgxxrogcvaqjekecjqrkn/Build/Intermediates.noindex/ArchiveIntermediates/App/BuildProductsPath/Release-iphoneos/RevenueCat.o ../../IntermediateBuildFilesPath/UninstalledProducts/iphoneos/RevenueCat.o (in target 'RevenueCat' from project 'RevenueCat')
    cd /Users/runner/Library/Developer/Xcode/DerivedData/App-bftnsirjgxxrogcvaqjekecjqrkn/SourcePackages/checkouts/purchases-ios-spm
    /bin/ln -sfh ../../IntermediateBuildFilesPath/UninstalledProducts/iphoneos/RevenueCat.o /Users/runner/Library/Developer/Xcode/DerivedData/App-bftnsirjgxxrogcvaqjekecjqrkn/Build/Intermediates.noindex/ArchiveIntermediates/App/BuildProductsPath/Release-iphoneos/RevenueCat.o

ProcessXCFramework /Users/runner/Library/Developer/Xcode/DerivedData/App-bftnsirjgxxrogcvaqjekecjqrkn/SourcePackages/artifacts/capacitor-swift-pm/Cordova/Cordova.xcframework /Users/runner/Library/Developer/Xcode/DerivedData/App-bftnsirjgxxrogcvaqjekecjqrkn/Build/Intermediates.noindex/ArchiveIntermediates/App/BuildProductsPath/Release-iphoneos/Cordova.framework ios
    cd /Users/runner/work/focusher-app/focusher-app/ios/App/App.xcodeproj
    builtin-process-xcframework --xcframework /Users/runner/Library/Developer/Xcode/DerivedData/App-bftnsirjgxxrogcvaqjekecjqrkn/SourcePackages/artifacts/capacitor-swift-pm/Cordova/Cordova.xcframework --platform ios --target-path /Users/runner/Library/Developer/Xcode/DerivedData/App-bftnsirjgxxrogcvaqjekecjqrkn/Build/Intermediates.noindex/ArchiveIntermediates/App/BuildProductsPath/Release-iphoneos
/Users/runner/Library/Developer/Xcode/DerivedData/App-bftnsirjgxxrogcvaqjekecjqrkn/SourcePackages/artifacts/capacitor-swift-pm/Cordova/Cordova.xcframework:1:1: note: The identity of “Cordova.xcframework” is not recorded in your project.

WriteAuxiliaryFile /Users/runner/Library/Developer/Xcode/DerivedData/App-bftnsirjgxxrogcvaqjekecjqrkn/Build/Intermediates.noindex/ArchiveIntermediates/App/IntermediateBuildFilesPath/PurchasesHybridCommon.build/Release-iphoneos/PurchasesHybridCommon.build/PurchasesHybridCommon.modulemap (in target 'PurchasesHybridCommon' from project 'PurchasesHybridCommon')
    cd /Users/runner/Library/Developer/Xcode/DerivedData/App-bftnsirjgxxrogcvaqjekecjqrkn/SourcePackages/checkouts/purchases-hybrid-common
    write-file /Users/runner/Library/Developer/Xcode/DerivedData/App-bftnsirjgxxrogcvaqjekecjqrkn/Build/Intermediates.noindex/ArchiveIntermediates/App/IntermediateBuildFilesPath/PurchasesHybridCommon.build/Release-iphoneos/PurchasesHybridCommon.build/PurchasesHybridCommon.modulemap

WriteAuxiliaryFile /Users/runner/Library/Developer/Xcode/DerivedData/App-bftnsirjgxxrogcvaqjekecjqrkn/Build/Intermediates.noindex/ArchiveIntermediates/App/IntermediateBuildFilesPath/PurchasesHybridCommon.build/Release-iphoneos/PurchasesHybridCommon.build/PurchasesHybridCommon.DependencyStaticMetadataFileList (in target 'PurchasesHybridCommon' from project 'PurchasesHybridCommon')
    cd /Users/runner/Library/Developer/Xcode/DerivedData/App-bftnsirjgxxrogcvaqjekecjqrkn/SourcePackages/checkouts/purchases-hybrid-common
    write-file /Users/runner/Library/Developer/Xcode/DerivedData/App-bftnsirjgxxrogcvaqjekecjqrkn/Build/Intermediates.noindex/ArchiveIntermediates/App/IntermediateBuildFilesPath/PurchasesHybridCommon.build/Release-iphoneos/PurchasesHybridCommon.build/PurchasesHybridCommon.DependencyStaticMetadataFileList

WriteAuxiliaryFile /Users/runner/Library/Developer/Xcode/DerivedData/App-bftnsirjgxxrogcvaqjekecjqrkn/Build/Intermediates.noindex/ArchiveIntermediates/App/IntermediateBuildFilesPath/PurchasesHybridCommon.build/Release-iphoneos/PurchasesHybridCommon.build/PurchasesHybridCommon.DependencyMetadataFileList (in target 'PurchasesHybridCommon' from project 'PurchasesHybridCommon')
    cd /Users/runner/Library/Developer/Xcode/DerivedData/App-bftnsirjgxxrogcvaqjekecjqrkn/SourcePackages/checkouts/purchases-hybrid-common
    write-file /Users/runner/Library/Developer/Xcode/DerivedData/App-bftnsirjgxxrogcvaqjekecjqrkn/Build/Intermediates.noindex/ArchiveIntermediates/App/IntermediateBuildFilesPath/PurchasesHybridCommon.build/Release-iphoneos/PurchasesHybridCommon.build/PurchasesHybridCommon.DependencyMetadataFileList

WriteAuxiliaryFile /Users/runner/Library/Developer/Xcode/DerivedData/App-bftnsirjgxxrogcvaqjekecjqrkn/Build/Intermediates.noindex/ArchiveIntermediates/App/IntermediateBuildFilesPath/PurchasesHybridCommon.build/Release-iphoneos/PurchasesHybridCommon.build/Objects-normal/arm64/PurchasesHybridCommon_const_extract_protocols.json (in target 'PurchasesHybridCommon' from project 'PurchasesHybridCommon')
    cd /Users/runner/Library/Developer/Xcode/DerivedData/App-bftnsirjgxxrogcvaqjekecjqrkn/SourcePackages/checkouts/purchases-hybrid-common
    write-file /Users/runner/Library/Developer/Xcode/DerivedData/App-bftnsirjgxxrogcvaqjekecjqrkn/Build/Intermediates.noindex/ArchiveIntermediates/App/IntermediateBuildFilesPath/PurchasesHybridCommon.build/Release-iphoneos/PurchasesHybridCommon.build/Objects-normal/arm64/PurchasesHybridCommon_const_extract_protocols.json

WriteAuxiliaryFile /Users/runner/Library/Developer/Xcode/DerivedData/App-bftnsirjgxxrogcvaqjekecjqrkn/Build/Intermediates.noindex/ArchiveIntermediates/App/IntermediateBuildFilesPath/PurchasesHybridCommon.build/Release-iphoneos/PurchasesHybridCommon.build/Objects-normal/arm64/PurchasesHybridCommon.SwiftFileList (in target 'PurchasesHybridCommon' from project 'PurchasesHybridCommon')
    cd /Users/runner/Library/Developer/Xcode/DerivedData/App-bftnsirjgxxrogcvaqjekecjqrkn/SourcePackages/checkouts/purchases-hybrid-common
    write-file /Users/runner/Library/Developer/Xcode/DerivedData/App-bftnsirjgxxrogcvaqjekecjqrkn/Build/Intermediates.noindex/ArchiveIntermediates/App/IntermediateBuildFilesPath/PurchasesHybridCommon.build/Release-iphoneos/PurchasesHybridCommon.build/Objects-normal/arm64/PurchasesHybridCommon.SwiftFileList

WriteAuxiliaryFile /Users/runner/Library/Developer/Xcode/DerivedData/App-bftnsirjgxxrogcvaqjekecjqrkn/Build/Intermediates.noindex/ArchiveIntermediates/App/IntermediateBuildFilesPath/PurchasesHybridCommon.build/Release-iphoneos/PurchasesHybridCommon.build/Objects-normal/arm64/PurchasesHybridCommon.SwiftConstValuesFileList (in target 'PurchasesHybridCommon' from project 'PurchasesHybridCommon')
    cd /Users/runner/Library/Developer/Xcode/DerivedData/App-bftnsirjgxxrogcvaqjekecjqrkn/SourcePackages/checkouts/purchases-hybrid-common
    write-file /Users/runner/Library/Developer/Xcode/DerivedData/App-bftnsirjgxxrogcvaqjekecjqrkn/Build/Intermediates.noindex/ArchiveIntermediates/App/IntermediateBuildFilesPath/PurchasesHybridCommon.build/Release-iphoneos/PurchasesHybridCommon.build/Objects-normal/arm64/PurchasesHybridCommon.SwiftConstValuesFileList

WriteAuxiliaryFile /Users/runner/Library/Developer/Xcode/DerivedData/App-bftnsirjgxxrogcvaqjekecjqrkn/Build/Intermediates.noindex/ArchiveIntermediates/App/IntermediateBuildFilesPath/PurchasesHybridCommon.build/Release-iphoneos/PurchasesHybridCommon.build/Objects-normal/arm64/PurchasesHybridCommon.LinkFileList (in target 'PurchasesHybridCommon' from project 'PurchasesHybridCommon')
    cd /Users/runner/Library/Developer/Xcode/DerivedData/App-bftnsirjgxxrogcvaqjekecjqrkn/SourcePackages/checkouts/purchases-hybrid-common
    write-file /Users/runner/Library/Developer/Xcode/DerivedData/App-bftnsirjgxxrogcvaqjekecjqrkn/Build/Intermediates.noindex/ArchiveIntermediates/App/IntermediateBuildFilesPath/PurchasesHybridCommon.build/Release-iphoneos/PurchasesHybridCommon.build/Objects-normal/arm64/PurchasesHybridCommon.LinkFileList

WriteAuxiliaryFile /Users/runner/Library/Developer/Xcode/DerivedData/App-bftnsirjgxxrogcvaqjekecjqrkn/Build/Intermediates.noindex/ArchiveIntermediates/App/IntermediateBuildFilesPath/PurchasesHybridCommon.build/Release-iphoneos/PurchasesHybridCommon.build/Objects-normal/arm64/PurchasesHybridCommon-OutputFileMap.json (in target 'PurchasesHybridCommon' from project 'PurchasesHybridCommon')
    cd /Users/runner/Library/Developer/Xcode/DerivedData/App-bftnsirjgxxrogcvaqjekecjqrkn/SourcePackages/checkouts/purchases-hybrid-common
    write-file /Users/runner/Library/Developer/Xcode/DerivedData/App-bftnsirjgxxrogcvaqjekecjqrkn/Build/Intermediates.noindex/ArchiveIntermediates/App/IntermediateBuildFilesPath/PurchasesHybridCommon.build/Release-iphoneos/PurchasesHybridCommon.build/Objects-normal/arm64/PurchasesHybridCommon-OutputFileMap.json

Copy /Users/runner/Library/Developer/Xcode/DerivedData/App-bftnsirjgxxrogcvaqjekecjqrkn/Build/Intermediates.noindex/ArchiveIntermediates/App/IntermediateBuildFilesPath/GeneratedModuleMaps-iphoneos/PurchasesHybridCommon.modulemap /Users/runner/Library/Developer/Xcode/DerivedData/App-bftnsirjgxxrogcvaqjekecjqrkn/Build/Intermediates.noindex/ArchiveIntermediates/App/IntermediateBuildFilesPath/PurchasesHybridCommon.build/Release-iphoneos/PurchasesHybridCommon.build/PurchasesHybridCommon.modulemap (in target 'PurchasesHybridCommon' from project 'PurchasesHybridCommon')
    cd /Users/runner/Library/Developer/Xcode/DerivedData/App-bftnsirjgxxrogcvaqjekecjqrkn/SourcePackages/checkouts/purchases-hybrid-common
    builtin-copy -exclude .DS_Store -exclude CVS -exclude .svn -exclude .git -exclude .hg -strip-unsigned-binaries -strip-deterministic -strip-tool /Applications/Xcode_26.6.app/Contents/Developer/Toolchains/XcodeDefault.xctoolchain/usr/bin/strip -resolve-src-symlinks /Users/runner/Library/Developer/Xcode/DerivedData/App-bftnsirjgxxrogcvaqjekecjqrkn/Build/Intermediates.noindex/ArchiveIntermediates/App/IntermediateBuildFilesPath/PurchasesHybridCommon.build/Release-iphoneos/PurchasesHybridCommon.build/PurchasesHybridCommon.modulemap /Users/runner/Library/Developer/Xcode/DerivedData/App-bftnsirjgxxrogcvaqjekecjqrkn/Build/Intermediates.noindex/ArchiveIntermediates/App/IntermediateBuildFilesPath/GeneratedModuleMaps-iphoneos

SymLink /Users/runner/Library/Developer/Xcode/DerivedData/App-bftnsirjgxxrogcvaqjekecjqrkn/Build/Intermediates.noindex/ArchiveIntermediates/App/BuildProductsPath/Release-iphoneos/PurchasesHybridCommon.o ../../IntermediateBuildFilesPath/UninstalledProducts/iphoneos/PurchasesHybridCommon.o (in target 'PurchasesHybridCommon' from project 'PurchasesHybridCommon')
    cd /Users/runner/Library/Developer/Xcode/DerivedData/App-bftnsirjgxxrogcvaqjekecjqrkn/SourcePackages/checkouts/purchases-hybrid-common
    /bin/ln -sfh ../../IntermediateBuildFilesPath/UninstalledProducts/iphoneos/PurchasesHybridCommon.o /Users/runner/Library/Developer/Xcode/DerivedData/App-bftnsirjgxxrogcvaqjekecjqrkn/Build/Intermediates.noindex/ArchiveIntermediates/App/BuildProductsPath/Release-iphoneos/PurchasesHybridCommon.o

ProcessXCFramework /Users/runner/Library/Developer/Xcode/DerivedData/App-bftnsirjgxxrogcvaqjekecjqrkn/SourcePackages/artifacts/capacitor-swift-pm/Capacitor/Capacitor.xcframework /Users/runner/Library/Developer/Xcode/DerivedData/App-bftnsirjgxxrogcvaqjekecjqrkn/Build/Intermediates.noindex/ArchiveIntermediates/App/BuildProductsPath/Release-iphoneos/Capacitor.framework ios
    cd /Users/runner/work/focusher-app/focusher-app/ios/App/App.xcodeproj
    builtin-process-xcframework --xcframework /Users/runner/Library/Developer/Xcode/DerivedData/App-bftnsirjgxxrogcvaqjekecjqrkn/SourcePackages/artifacts/capacitor-swift-pm/Capacitor/Capacitor.xcframework --platform ios --target-path /Users/runner/Library/Developer/Xcode/DerivedData/App-bftnsirjgxxrogcvaqjekecjqrkn/Build/Intermediates.noindex/ArchiveIntermediates/App/BuildProductsPath/Release-iphoneos
/Users/runner/Library/Developer/Xcode/DerivedData/App-bftnsirjgxxrogcvaqjekecjqrkn/SourcePackages/artifacts/capacitor-swift-pm/Capacitor/Capacitor.xcframework:1:1: note: The identity of “Capacitor.xcframework” is not recorded in your project.

CreateBuildDirectory /Users/runner/Library/Developer/Xcode/DerivedData/App-bftnsirjgxxrogcvaqjekecjqrkn/Build/Intermediates.noindex/ArchiveIntermediates/App/BuildProductsPath/Release-iphoneos/PackageFrameworks
    cd /Users/runner/work/focusher-app/focusher-app/ios/App/App.xcodeproj
    builtin-create-build-directory /Users/runner/Library/Developer/Xcode/DerivedData/App-bftnsirjgxxrogcvaqjekecjqrkn/Build/Intermediates.noindex/ArchiveIntermediates/App/BuildProductsPath/Release-iphoneos/PackageFrameworks

ProcessInfoPlistFile /Users/runner/Library/Developer/Xcode/DerivedData/App-bftnsirjgxxrogcvaqjekecjqrkn/Build/Intermediates.noindex/ArchiveIntermediates/App/IntermediateBuildFilesPath/UninstalledProducts/iphoneos/RevenueCat_RevenueCat.bundle/Info.plist /Users/runner/Library/Developer/Xcode/DerivedData/App-bftnsirjgxxrogcvaqjekecjqrkn/Build/Intermediates.noindex/ArchiveIntermediates/App/IntermediateBuildFilesPath/RevenueCat.build/Release-iphoneos/RevenueCat_RevenueCat.build/empty-RevenueCat_RevenueCat.plist (in target 'RevenueCat_RevenueCat' from project 'RevenueCat')
    cd /Users/runner/Library/Developer/Xcode/DerivedData/App-bftnsirjgxxrogcvaqjekecjqrkn/SourcePackages/checkouts/purchases-ios-spm
    builtin-infoPlistUtility /Users/runner/Library/Developer/Xcode/DerivedData/App-bftnsirjgxxrogcvaqjekecjqrkn/Build/Intermediates.noindex/ArchiveIntermediates/App/IntermediateBuildFilesPath/RevenueCat.build/Release-iphoneos/RevenueCat_RevenueCat.build/empty-RevenueCat_RevenueCat.plist -producttype com.apple.product-type.bundle -expandbuildsettings -format binary -platform iphoneos -requiredArchitecture arm64 -o /Users/runner/Library/Developer/Xcode/DerivedData/App-bftnsirjgxxrogcvaqjekecjqrkn/Build/Intermediates.noindex/ArchiveIntermediates/App/IntermediateBuildFilesPath/UninstalledProducts/iphoneos/RevenueCat_RevenueCat.bundle/Info.plist

CpResource /Users/runner/Library/Developer/Xcode/DerivedData/App-bftnsirjgxxrogcvaqjekecjqrkn/Build/Intermediates.noindex/ArchiveIntermediates/App/IntermediateBuildFilesPath/UninstalledProducts/iphoneos/RevenueCat_RevenueCat.bundle/PrivacyInfo.xcprivacy /Users/runner/Library/Developer/Xcode/DerivedData/App-bftnsirjgxxrogcvaqjekecjqrkn/SourcePackages/checkouts/purchases-ios-spm/Sources/PrivacyInfo.xcprivacy (in target 'RevenueCat_RevenueCat' from project 'RevenueCat')
    cd /Users/runner/Library/Developer/Xcode/DerivedData/App-bftnsirjgxxrogcvaqjekecjqrkn/SourcePackages/checkouts/purchases-ios-spm
    builtin-copy -exclude .DS_Store -exclude CVS -exclude .svn -exclude .git -exclude .hg -strip-unsigned-binaries -strip-deterministic -strip-tool /Applications/Xcode_26.6.app/Contents/Developer/Toolchains/XcodeDefault.xctoolchain/usr/bin/strip -resolve-src-symlinks /Users/runner/Library/Developer/Xcode/DerivedData/App-bftnsirjgxxrogcvaqjekecjqrkn/SourcePackages/checkouts/purchases-ios-spm/Sources/PrivacyInfo.xcprivacy /Users/runner/Library/Developer/Xcode/DerivedData/App-bftnsirjgxxrogcvaqjekecjqrkn/Build/Intermediates.noindex/ArchiveIntermediates/App/IntermediateBuildFilesPath/UninstalledProducts/iphoneos/RevenueCat_RevenueCat.bundle

SetOwnerAndGroup runner:staff /Users/runner/Library/Developer/Xcode/DerivedData/App-bftnsirjgxxrogcvaqjekecjqrkn/Build/Intermediates.noindex/ArchiveIntermediates/App/IntermediateBuildFilesPath/UninstalledProducts/iphoneos/RevenueCat_RevenueCat.bundle (in target 'RevenueCat_RevenueCat' from project 'RevenueCat')
    cd /Users/runner/Library/Developer/Xcode/DerivedData/App-bftnsirjgxxrogcvaqjekecjqrkn/SourcePackages/checkouts/purchases-ios-spm
    /usr/sbin/chown -RH runner:staff /Users/runner/Library/Developer/Xcode/DerivedData/App-bftnsirjgxxrogcvaqjekecjqrkn/Build/Intermediates.noindex/ArchiveIntermediates/App/IntermediateBuildFilesPath/UninstalledProducts/iphoneos/RevenueCat_RevenueCat.bundle

SetMode u+w,go-w,a+rX /Users/runner/Library/Developer/Xcode/DerivedData/App-bftnsirjgxxrogcvaqjekecjqrkn/Build/Intermediates.noindex/ArchiveIntermediates/App/IntermediateBuildFilesPath/UninstalledProducts/iphoneos/RevenueCat_RevenueCat.bundle (in target 'RevenueCat_RevenueCat' from project 'RevenueCat')
    cd /Users/runner/Library/Developer/Xcode/DerivedData/App-bftnsirjgxxrogcvaqjekecjqrkn/SourcePackages/checkouts/purchases-ios-spm
    /bin/chmod -RH u+w,go-w,a+rX /Users/runner/Library/Developer/Xcode/DerivedData/App-bftnsirjgxxrogcvaqjekecjqrkn/Build/Intermediates.noindex/ArchiveIntermediates/App/IntermediateBuildFilesPath/UninstalledProducts/iphoneos/RevenueCat_RevenueCat.bundle

RegisterExecutionPolicyException /Users/runner/Library/Developer/Xcode/DerivedData/App-bftnsirjgxxrogcvaqjekecjqrkn/Build/Intermediates.noindex/ArchiveIntermediates/App/IntermediateBuildFilesPath/UninstalledProducts/iphoneos/RevenueCat_RevenueCat.bundle (in target 'RevenueCat_RevenueCat' from project 'RevenueCat')
    cd /Users/runner/Library/Developer/Xcode/DerivedData/App-bftnsirjgxxrogcvaqjekecjqrkn/SourcePackages/checkouts/purchases-ios-spm
    builtin-RegisterExecutionPolicyException /Users/runner/Library/Developer/Xcode/DerivedData/App-bftnsirjgxxrogcvaqjekecjqrkn/Build/Intermediates.noindex/ArchiveIntermediates/App/IntermediateBuildFilesPath/UninstalledProducts/iphoneos/RevenueCat_RevenueCat.bundle

Touch /Users/runner/Library/Developer/Xcode/DerivedData/App-bftnsirjgxxrogcvaqjekecjqrkn/Build/Intermediates.noindex/ArchiveIntermediates/App/IntermediateBuildFilesPath/UninstalledProducts/iphoneos/RevenueCat_RevenueCat.bundle (in target 'RevenueCat_RevenueCat' from project 'RevenueCat')
    cd /Users/runner/Library/Developer/Xcode/DerivedData/App-bftnsirjgxxrogcvaqjekecjqrkn/SourcePackages/checkouts/purchases-ios-spm
    /usr/bin/touch -c /Users/runner/Library/Developer/Xcode/DerivedData/App-bftnsirjgxxrogcvaqjekecjqrkn/Build/Intermediates.noindex/ArchiveIntermediates/App/IntermediateBuildFilesPath/UninstalledProducts/iphoneos/RevenueCat_RevenueCat.bundle

WriteAuxiliaryFile /Users/runner/Library/Developer/Xcode/DerivedData/App-bftnsirjgxxrogcvaqjekecjqrkn/Build/Intermediates.noindex/ArchiveIntermediates/App/IntermediateBuildFilesPath/CapacitorStatusBar.build/Release-iphoneos/StatusBarPlugin.build/StatusBarPlugin.modulemap (in target 'StatusBarPlugin' from project 'CapacitorStatusBar')
    cd /Users/runner/work/focusher-app/focusher-app/node_modules/@capacitor/status-bar
    write-file /Users/runner/Library/Developer/Xcode/DerivedData/App-bftnsirjgxxrogcvaqjekecjqrkn/Build/Intermediates.noindex/ArchiveIntermediates/App/IntermediateBuildFilesPath/CapacitorStatusBar.build/Release-iphoneos/StatusBarPlugin.build/StatusBarPlugin.modulemap

WriteAuxiliaryFile /Users/runner/Library/Developer/Xcode/DerivedData/App-bftnsirjgxxrogcvaqjekecjqrkn/Build/Intermediates.noindex/ArchiveIntermediates/App/IntermediateBuildFilesPath/CapacitorStatusBar.build/Release-iphoneos/StatusBarPlugin.build/StatusBarPlugin.DependencyStaticMetadataFileList (in target 'StatusBarPlugin' from project 'CapacitorStatusBar')
    cd /Users/runner/work/focusher-app/focusher-app/node_modules/@capacitor/status-bar
    write-file /Users/runner/Library/Developer/Xcode/DerivedData/App-bftnsirjgxxrogcvaqjekecjqrkn/Build/Intermediates.noindex/ArchiveIntermediates/App/IntermediateBuildFilesPath/CapacitorStatusBar.build/Release-iphoneos/StatusBarPlugin.build/StatusBarPlugin.DependencyStaticMetadataFileList

WriteAuxiliaryFile /Users/runner/Library/Developer/Xcode/DerivedData/App-bftnsirjgxxrogcvaqjekecjqrkn/Build/Intermediates.noindex/ArchiveIntermediates/App/IntermediateBuildFilesPath/CapacitorStatusBar.build/Release-iphoneos/StatusBarPlugin.build/StatusBarPlugin.DependencyMetadataFileList (in target 'StatusBarPlugin' from project 'CapacitorStatusBar')
    cd /Users/runner/work/focusher-app/focusher-app/node_modules/@capacitor/status-bar
    write-file /Users/runner/Library/Developer/Xcode/DerivedData/App-bftnsirjgxxrogcvaqjekecjqrkn/Build/Intermediates.noindex/ArchiveIntermediates/App/IntermediateBuildFilesPath/CapacitorStatusBar.build/Release-iphoneos/StatusBarPlugin.build/StatusBarPlugin.DependencyMetadataFileList

WriteAuxiliaryFile /Users/runner/Library/Developer/Xcode/DerivedData/App-bftnsirjgxxrogcvaqjekecjqrkn/Build/Intermediates.noindex/ArchiveIntermediates/App/IntermediateBuildFilesPath/CapacitorStatusBar.build/Release-iphoneos/StatusBarPlugin.build/Objects-normal/arm64/StatusBarPlugin_const_extract_protocols.json (in target 'StatusBarPlugin' from project 'CapacitorStatusBar')
    cd /Users/runner/work/focusher-app/focusher-app/node_modules/@capacitor/status-bar
    write-file /Users/runner/Library/Developer/Xcode/DerivedData/App-bftnsirjgxxrogcvaqjekecjqrkn/Build/Intermediates.noindex/ArchiveIntermediates/App/IntermediateBuildFilesPath/CapacitorStatusBar.build/Release-iphoneos/StatusBarPlugin.build/Objects-normal/arm64/StatusBarPlugin_const_extract_protocols.json

WriteAuxiliaryFile /Users/runner/Library/Developer/Xcode/DerivedData/App-bftnsirjgxxrogcvaqjekecjqrkn/Build/Intermediates.noindex/ArchiveIntermediates/App/IntermediateBuildFilesPath/CapacitorStatusBar.build/Release-iphoneos/StatusBarPlugin.build/Objects-normal/arm64/StatusBarPlugin.SwiftFileList (in target 'StatusBarPlugin' from project 'CapacitorStatusBar')
    cd /Users/runner/work/focusher-app/focusher-app/node_modules/@capacitor/status-bar
    write-file /Users/runner/Library/Developer/Xcode/DerivedData/App-bftnsirjgxxrogcvaqjekecjqrkn/Build/Intermediates.noindex/ArchiveIntermediates/App/IntermediateBuildFilesPath/CapacitorStatusBar.build/Release-iphoneos/StatusBarPlugin.build/Objects-normal/arm64/StatusBarPlugin.SwiftFileList

WriteAuxiliaryFile /Users/runner/Library/Developer/Xcode/DerivedData/App-bftnsirjgxxrogcvaqjekecjqrkn/Build/Intermediates.noindex/ArchiveIntermediates/App/IntermediateBuildFilesPath/CapacitorStatusBar.build/Release-iphoneos/StatusBarPlugin.build/Objects-normal/arm64/StatusBarPlugin.SwiftConstValuesFileList (in target 'StatusBarPlugin' from project 'CapacitorStatusBar')
    cd /Users/runner/work/focusher-app/focusher-app/node_modules/@capacitor/status-bar
    write-file /Users/runner/Library/Developer/Xcode/DerivedData/App-bftnsirjgxxrogcvaqjekecjqrkn/Build/Intermediates.noindex/ArchiveIntermediates/App/IntermediateBuildFilesPath/CapacitorStatusBar.build/Release-iphoneos/StatusBarPlugin.build/Objects-normal/arm64/StatusBarPlugin.SwiftConstValuesFileList

WriteAuxiliaryFile /Users/runner/Library/Developer/Xcode/DerivedData/App-bftnsirjgxxrogcvaqjekecjqrkn/Build/Intermediates.noindex/ArchiveIntermediates/App/IntermediateBuildFilesPath/CapacitorStatusBar.build/Release-iphoneos/StatusBarPlugin.build/Objects-normal/arm64/StatusBarPlugin.LinkFileList (in target 'StatusBarPlugin' from project 'CapacitorStatusBar')
    cd /Users/runner/work/focusher-app/focusher-app/node_modules/@capacitor/status-bar
    write-file /Users/runner/Library/Developer/Xcode/DerivedData/App-bftnsirjgxxrogcvaqjekecjqrkn/Build/Intermediates.noindex/ArchiveIntermediates/App/IntermediateBuildFilesPath/CapacitorStatusBar.build/Release-iphoneos/StatusBarPlugin.build/Objects-normal/arm64/StatusBarPlugin.LinkFileList

WriteAuxiliaryFile /Users/runner/Library/Developer/Xcode/DerivedData/App-bftnsirjgxxrogcvaqjekecjqrkn/Build/Intermediates.noindex/ArchiveIntermediates/App/IntermediateBuildFilesPath/CapacitorStatusBar.build/Release-iphoneos/StatusBarPlugin.build/Objects-normal/arm64/StatusBarPlugin-OutputFileMap.json (in target 'StatusBarPlugin' from project 'CapacitorStatusBar')
    cd /Users/runner/work/focusher-app/focusher-app/node_modules/@capacitor/status-bar
    write-file /Users/runner/Library/Developer/Xcode/DerivedData/App-bftnsirjgxxrogcvaqjekecjqrkn/Build/Intermediates.noindex/ArchiveIntermediates/App/IntermediateBuildFilesPath/CapacitorStatusBar.build/Release-iphoneos/StatusBarPlugin.build/Objects-normal/arm64/StatusBarPlugin-OutputFileMap.json

Copy /Users/runner/Library/Developer/Xcode/DerivedData/App-bftnsirjgxxrogcvaqjekecjqrkn/Build/Intermediates.noindex/ArchiveIntermediates/App/IntermediateBuildFilesPath/GeneratedModuleMaps-iphoneos/StatusBarPlugin.modulemap /Users/runner/Library/Developer/Xcode/DerivedData/App-bftnsirjgxxrogcvaqjekecjqrkn/Build/Intermediates.noindex/ArchiveIntermediates/App/IntermediateBuildFilesPath/CapacitorStatusBar.build/Release-iphoneos/StatusBarPlugin.build/StatusBarPlugin.modulemap (in target 'StatusBarPlugin' from project 'CapacitorStatusBar')
    cd /Users/runner/work/focusher-app/focusher-app/node_modules/@capacitor/status-bar
    builtin-copy -exclude .DS_Store -exclude CVS -exclude .svn -exclude .git -exclude .hg -strip-unsigned-binaries -strip-deterministic -strip-tool /Applications/Xcode_26.6.app/Contents/Developer/Toolchains/XcodeDefault.xctoolchain/usr/bin/strip -resolve-src-symlinks /Users/runner/Library/Developer/Xcode/DerivedData/App-bftnsirjgxxrogcvaqjekecjqrkn/Build/Intermediates.noindex/ArchiveIntermediates/App/IntermediateBuildFilesPath/CapacitorStatusBar.build/Release-iphoneos/StatusBarPlugin.build/StatusBarPlugin.modulemap /Users/runner/Library/Developer/Xcode/DerivedData/App-bftnsirjgxxrogcvaqjekecjqrkn/Build/Intermediates.noindex/ArchiveIntermediates/App/IntermediateBuildFilesPath/GeneratedModuleMaps-iphoneos

SymLink /Users/runner/Library/Developer/Xcode/DerivedData/App-bftnsirjgxxrogcvaqjekecjqrkn/Build/Intermediates.noindex/ArchiveIntermediates/App/BuildProductsPath/Release-iphoneos/StatusBarPlugin.o ../../IntermediateBuildFilesPath/UninstalledProducts/iphoneos/StatusBarPlugin.o (in target 'StatusBarPlugin' from project 'CapacitorStatusBar')
    cd /Users/runner/work/focusher-app/focusher-app/node_modules/@capacitor/status-bar
    /bin/ln -sfh ../../IntermediateBuildFilesPath/UninstalledProducts/iphoneos/StatusBarPlugin.o /Users/runner/Library/Developer/Xcode/DerivedData/App-bftnsirjgxxrogcvaqjekecjqrkn/Build/Intermediates.noindex/ArchiveIntermediates/App/BuildProductsPath/Release-iphoneos/StatusBarPlugin.o

WriteAuxiliaryFile /Users/runner/Library/Developer/Xcode/DerivedData/App-bftnsirjgxxrogcvaqjekecjqrkn/Build/Intermediates.noindex/ArchiveIntermediates/App/IntermediateBuildFilesPath/CapacitorSplashScreen.build/Release-iphoneos/SplashScreenPlugin.build/SplashScreenPlugin.modulemap (in target 'SplashScreenPlugin' from project 'CapacitorSplashScreen')
    cd /Users/runner/work/focusher-app/focusher-app/node_modules/@capacitor/splash-screen
    write-file /Users/runner/Library/Developer/Xcode/DerivedData/App-bftnsirjgxxrogcvaqjekecjqrkn/Build/Intermediates.noindex/ArchiveIntermediates/App/IntermediateBuildFilesPath/CapacitorSplashScreen.build/Release-iphoneos/SplashScreenPlugin.build/SplashScreenPlugin.modulemap

WriteAuxiliaryFile /Users/runner/Library/Developer/Xcode/DerivedData/App-bftnsirjgxxrogcvaqjekecjqrkn/Build/Intermediates.noindex/ArchiveIntermediates/App/IntermediateBuildFilesPath/CapacitorSplashScreen.build/Release-iphoneos/SplashScreenPlugin.build/SplashScreenPlugin.DependencyStaticMetadataFileList (in target 'SplashScreenPlugin' from project 'CapacitorSplashScreen')
    cd /Users/runner/work/focusher-app/focusher-app/node_modules/@capacitor/splash-screen
    write-file /Users/runner/Library/Developer/Xcode/DerivedData/App-bftnsirjgxxrogcvaqjekecjqrkn/Build/Intermediates.noindex/ArchiveIntermediates/App/IntermediateBuildFilesPath/CapacitorSplashScreen.build/Release-iphoneos/SplashScreenPlugin.build/SplashScreenPlugin.DependencyStaticMetadataFileList

WriteAuxiliaryFile /Users/runner/Library/Developer/Xcode/DerivedData/App-bftnsirjgxxrogcvaqjekecjqrkn/Build/Intermediates.noindex/ArchiveIntermediates/App/IntermediateBuildFilesPath/CapacitorSplashScreen.build/Release-iphoneos/SplashScreenPlugin.build/SplashScreenPlugin.DependencyMetadataFileList (in target 'SplashScreenPlugin' from project 'CapacitorSplashScreen')
    cd /Users/runner/work/focusher-app/focusher-app/node_modules/@capacitor/splash-screen
    write-file /Users/runner/Library/Developer/Xcode/DerivedData/App-bftnsirjgxxrogcvaqjekecjqrkn/Build/Intermediates.noindex/ArchiveIntermediates/App/IntermediateBuildFilesPath/CapacitorSplashScreen.build/Release-iphoneos/SplashScreenPlugin.build/SplashScreenPlugin.DependencyMetadataFileList

WriteAuxiliaryFile /Users/runner/Library/Developer/Xcode/DerivedData/App-bftnsirjgxxrogcvaqjekecjqrkn/Build/Intermediates.noindex/ArchiveIntermediates/App/IntermediateBuildFilesPath/CapacitorSplashScreen.build/Release-iphoneos/SplashScreenPlugin.build/Objects-normal/arm64/SplashScreenPlugin_const_extract_protocols.json (in target 'SplashScreenPlugin' from project 'CapacitorSplashScreen')
    cd /Users/runner/work/focusher-app/focusher-app/node_modules/@capacitor/splash-screen
    write-file /Users/runner/Library/Developer/Xcode/DerivedData/App-bftnsirjgxxrogcvaqjekecjqrkn/Build/Intermediates.noindex/ArchiveIntermediates/App/IntermediateBuildFilesPath/CapacitorSplashScreen.build/Release-iphoneos/SplashScreenPlugin.build/Objects-normal/arm64/SplashScreenPlugin_const_extract_protocols.json

WriteAuxiliaryFile /Users/runner/Library/Developer/Xcode/DerivedData/App-bftnsirjgxxrogcvaqjekecjqrkn/Build/Intermediates.noindex/ArchiveIntermediates/App/IntermediateBuildFilesPath/CapacitorSplashScreen.build/Release-iphoneos/SplashScreenPlugin.build/Objects-normal/arm64/SplashScreenPlugin.SwiftFileList (in target 'SplashScreenPlugin' from project 'CapacitorSplashScreen')
    cd /Users/runner/work/focusher-app/focusher-app/node_modules/@capacitor/splash-screen
    write-file /Users/runner/Library/Developer/Xcode/DerivedData/App-bftnsirjgxxrogcvaqjekecjqrkn/Build/Intermediates.noindex/ArchiveIntermediates/App/IntermediateBuildFilesPath/CapacitorSplashScreen.build/Release-iphoneos/SplashScreenPlugin.build/Objects-normal/arm64/SplashScreenPlugin.SwiftFileList

WriteAuxiliaryFile /Users/runner/Library/Developer/Xcode/DerivedData/App-bftnsirjgxxrogcvaqjekecjqrkn/Build/Intermediates.noindex/ArchiveIntermediates/App/IntermediateBuildFilesPath/CapacitorSplashScreen.build/Release-iphoneos/SplashScreenPlugin.build/Objects-normal/arm64/SplashScreenPlugin.SwiftConstValuesFileList (in target 'SplashScreenPlugin' from project 'CapacitorSplashScreen')
    cd /Users/runner/work/focusher-app/focusher-app/node_modules/@capacitor/splash-screen
    write-file /Users/runner/Library/Developer/Xcode/DerivedData/App-bftnsirjgxxrogcvaqjekecjqrkn/Build/Intermediates.noindex/ArchiveIntermediates/App/IntermediateBuildFilesPath/CapacitorSplashScreen.build/Release-iphoneos/SplashScreenPlugin.build/Objects-normal/arm64/SplashScreenPlugin.SwiftConstValuesFileList

WriteAuxiliaryFile /Users/runner/Library/Developer/Xcode/DerivedData/App-bftnsirjgxxrogcvaqjekecjqrkn/Build/Intermediates.noindex/ArchiveIntermediates/App/IntermediateBuildFilesPath/CapacitorSplashScreen.build/Release-iphoneos/SplashScreenPlugin.build/Objects-normal/arm64/SplashScreenPlugin.LinkFileList (in target 'SplashScreenPlugin' from project 'CapacitorSplashScreen')
    cd /Users/runner/work/focusher-app/focusher-app/node_modules/@capacitor/splash-screen
    write-file /Users/runner/Library/Developer/Xcode/DerivedData/App-bftnsirjgxxrogcvaqjekecjqrkn/Build/Intermediates.noindex/ArchiveIntermediates/App/IntermediateBuildFilesPath/CapacitorSplashScreen.build/Release-iphoneos/SplashScreenPlugin.build/Objects-normal/arm64/SplashScreenPlugin.LinkFileList

WriteAuxiliaryFile /Users/runner/Library/Developer/Xcode/DerivedData/App-bftnsirjgxxrogcvaqjekecjqrkn/Build/Intermediates.noindex/ArchiveIntermediates/App/IntermediateBuildFilesPath/CapacitorSplashScreen.build/Release-iphoneos/SplashScreenPlugin.build/Objects-normal/arm64/SplashScreenPlugin-OutputFileMap.json (in target 'SplashScreenPlugin' from project 'CapacitorSplashScreen')
    cd /Users/runner/work/focusher-app/focusher-app/node_modules/@capacitor/splash-screen
    write-file /Users/runner/Library/Developer/Xcode/DerivedData/App-bftnsirjgxxrogcvaqjekecjqrkn/Build/Intermediates.noindex/ArchiveIntermediates/App/IntermediateBuildFilesPath/CapacitorSplashScreen.build/Release-iphoneos/SplashScreenPlugin.build/Objects-normal/arm64/SplashScreenPlugin-OutputFileMap.json

Copy /Users/runner/Library/Developer/Xcode/DerivedData/App-bftnsirjgxxrogcvaqjekecjqrkn/Build/Intermediates.noindex/ArchiveIntermediates/App/IntermediateBuildFilesPath/GeneratedModuleMaps-iphoneos/SplashScreenPlugin.modulemap /Users/runner/Library/Developer/Xcode/DerivedData/App-bftnsirjgxxrogcvaqjekecjqrkn/Build/Intermediates.noindex/ArchiveIntermediates/App/IntermediateBuildFilesPath/CapacitorSplashScreen.build/Release-iphoneos/SplashScreenPlugin.build/SplashScreenPlugin.modulemap (in target 'SplashScreenPlugin' from project 'CapacitorSplashScreen')
    cd /Users/runner/work/focusher-app/focusher-app/node_modules/@capacitor/splash-screen
    builtin-copy -exclude .DS_Store -exclude CVS -exclude .svn -exclude .git -exclude .hg -strip-unsigned-binaries -strip-deterministic -strip-tool /Applications/Xcode_26.6.app/Contents/Developer/Toolchains/XcodeDefault.xctoolchain/usr/bin/strip -resolve-src-symlinks /Users/runner/Library/Developer/Xcode/DerivedData/App-bftnsirjgxxrogcvaqjekecjqrkn/Build/Intermediates.noindex/ArchiveIntermediates/App/IntermediateBuildFilesPath/CapacitorSplashScreen.build/Release-iphoneos/SplashScreenPlugin.build/SplashScreenPlugin.modulemap /Users/runner/Library/Developer/Xcode/DerivedData/App-bftnsirjgxxrogcvaqjekecjqrkn/Build/Intermediates.noindex/ArchiveIntermediates/App/IntermediateBuildFilesPath/GeneratedModuleMaps-iphoneos

WriteAuxiliaryFile /Users/runner/Library/Developer/Xcode/DerivedData/App-bftnsirjgxxrogcvaqjekecjqrkn/Build/Intermediates.noindex/ArchiveIntermediates/App/IntermediateBuildFilesPath/RevenuecatPurchasesCapacitor.build/Release-iphoneos/RevenuecatPurchasesCapacitor.build/RevenuecatPurchasesCapacitor.modulemap (in target 'RevenuecatPurchasesCapacitor' from project 'RevenuecatPurchasesCapacitor')
    cd /Users/runner/work/focusher-app/focusher-app/node_modules/@revenuecat/purchases-capacitor
    write-file /Users/runner/Library/Developer/Xcode/DerivedData/App-bftnsirjgxxrogcvaqjekecjqrkn/Build/Intermediates.noindex/ArchiveIntermediates/App/IntermediateBuildFilesPath/RevenuecatPurchasesCapacitor.build/Release-iphoneos/RevenuecatPurchasesCapacitor.build/RevenuecatPurchasesCapacitor.modulemap

WriteAuxiliaryFile /Users/runner/Library/Developer/Xcode/DerivedData/App-bftnsirjgxxrogcvaqjekecjqrkn/Build/Intermediates.noindex/ArchiveIntermediates/App/IntermediateBuildFilesPath/RevenuecatPurchasesCapacitor.build/Release-iphoneos/RevenuecatPurchasesCapacitor.build/RevenuecatPurchasesCapacitor.DependencyStaticMetadataFileList (in target 'RevenuecatPurchasesCapacitor' from project 'RevenuecatPurchasesCapacitor')
    cd /Users/runner/work/focusher-app/focusher-app/node_modules/@revenuecat/purchases-capacitor
    write-file /Users/runner/Library/Developer/Xcode/DerivedData/App-bftnsirjgxxrogcvaqjekecjqrkn/Build/Intermediates.noindex/ArchiveIntermediates/App/IntermediateBuildFilesPath/RevenuecatPurchasesCapacitor.build/Release-iphoneos/RevenuecatPurchasesCapacitor.build/RevenuecatPurchasesCapacitor.DependencyStaticMetadataFileList

WriteAuxiliaryFile /Users/runner/Library/Developer/Xcode/DerivedData/App-bftnsirjgxxrogcvaqjekecjqrkn/Build/Intermediates.noindex/ArchiveIntermediates/App/IntermediateBuildFilesPath/RevenuecatPurchasesCapacitor.build/Release-iphoneos/RevenuecatPurchasesCapacitor.build/RevenuecatPurchasesCapacitor.DependencyMetadataFileList (in target 'RevenuecatPurchasesCapacitor' from project 'RevenuecatPurchasesCapacitor')
    cd /Users/runner/work/focusher-app/focusher-app/node_modules/@revenuecat/purchases-capacitor
    write-file /Users/runner/Library/Developer/Xcode/DerivedData/App-bftnsirjgxxrogcvaqjekecjqrkn/Build/Intermediates.noindex/ArchiveIntermediates/App/IntermediateBuildFilesPath/RevenuecatPurchasesCapacitor.build/Release-iphoneos/RevenuecatPurchasesCapacitor.build/RevenuecatPurchasesCapacitor.DependencyMetadataFileList

WriteAuxiliaryFile /Users/runner/Library/Developer/Xcode/DerivedData/App-bftnsirjgxxrogcvaqjekecjqrkn/Build/Intermediates.noindex/ArchiveIntermediates/App/IntermediateBuildFilesPath/RevenuecatPurchasesCapacitor.build/Release-iphoneos/RevenuecatPurchasesCapacitor.build/Objects-normal/arm64/RevenuecatPurchasesCapacitor_const_extract_protocols.json (in target 'RevenuecatPurchasesCapacitor' from project 'RevenuecatPurchasesCapacitor')
    cd /Users/runner/work/focusher-app/focusher-app/node_modules/@revenuecat/purchases-capacitor
    write-file /Users/runner/Library/Developer/Xcode/DerivedData/App-bftnsirjgxxrogcvaqjekecjqrkn/Build/Intermediates.noindex/ArchiveIntermediates/App/IntermediateBuildFilesPath/RevenuecatPurchasesCapacitor.build/Release-iphoneos/RevenuecatPurchasesCapacitor.build/Objects-normal/arm64/RevenuecatPurchasesCapacitor_const_extract_protocols.json

WriteAuxiliaryFile /Users/runner/Library/Developer/Xcode/DerivedData/App-bftnsirjgxxrogcvaqjekecjqrkn/Build/Intermediates.noindex/ArchiveIntermediates/App/IntermediateBuildFilesPath/RevenuecatPurchasesCapacitor.build/Release-iphoneos/RevenuecatPurchasesCapacitor.build/Objects-normal/arm64/RevenuecatPurchasesCapacitor.SwiftFileList (in target 'RevenuecatPurchasesCapacitor' from project 'RevenuecatPurchasesCapacitor')
    cd /Users/runner/work/focusher-app/focusher-app/node_modules/@revenuecat/purchases-capacitor
    write-file /Users/runner/Library/Developer/Xcode/DerivedData/App-bftnsirjgxxrogcvaqjekecjqrkn/Build/Intermediates.noindex/ArchiveIntermediates/App/IntermediateBuildFilesPath/RevenuecatPurchasesCapacitor.build/Release-iphoneos/RevenuecatPurchasesCapacitor.build/Objects-normal/arm64/RevenuecatPurchasesCapacitor.SwiftFileList

WriteAuxiliaryFile /Users/runner/Library/Developer/Xcode/DerivedData/App-bftnsirjgxxrogcvaqjekecjqrkn/Build/Intermediates.noindex/ArchiveIntermediates/App/IntermediateBuildFilesPath/RevenuecatPurchasesCapacitor.build/Release-iphoneos/RevenuecatPurchasesCapacitor.build/Objects-normal/arm64/RevenuecatPurchasesCapacitor.SwiftConstValuesFileList (in target 'RevenuecatPurchasesCapacitor' from project 'RevenuecatPurchasesCapacitor')
    cd /Users/runner/work/focusher-app/focusher-app/node_modules/@revenuecat/purchases-capacitor
    write-file /Users/runner/Library/Developer/Xcode/DerivedData/App-bftnsirjgxxrogcvaqjekecjqrkn/Build/Intermediates.noindex/ArchiveIntermediates/App/IntermediateBuildFilesPath/RevenuecatPurchasesCapacitor.build/Release-iphoneos/RevenuecatPurchasesCapacitor.build/Objects-normal/arm64/RevenuecatPurchasesCapacitor.SwiftConstValuesFileList

WriteAuxiliaryFile /Users/runner/Library/Developer/Xcode/DerivedData/App-bftnsirjgxxrogcvaqjekecjqrkn/Build/Intermediates.noindex/ArchiveIntermediates/App/IntermediateBuildFilesPath/RevenuecatPurchasesCapacitor.build/Release-iphoneos/RevenuecatPurchasesCapacitor.build/Objects-normal/arm64/RevenuecatPurchasesCapacitor.LinkFileList (in target 'RevenuecatPurchasesCapacitor' from project 'RevenuecatPurchasesCapacitor')
    cd /Users/runner/work/focusher-app/focusher-app/node_modules/@revenuecat/purchases-capacitor
    write-file /Users/runner/Library/Developer/Xcode/DerivedData/App-bftnsirjgxxrogcvaqjekecjqrkn/Build/Intermediates.noindex/ArchiveIntermediates/App/IntermediateBuildFilesPath/RevenuecatPurchasesCapacitor.build/Release-iphoneos/RevenuecatPurchasesCapacitor.build/Objects-normal/arm64/RevenuecatPurchasesCapacitor.LinkFileList

WriteAuxiliaryFile /Users/runner/Library/Developer/Xcode/DerivedData/App-bftnsirjgxxrogcvaqjekecjqrkn/Build/Intermediates.noindex/ArchiveIntermediates/App/IntermediateBuildFilesPath/RevenuecatPurchasesCapacitor.build/Release-iphoneos/RevenuecatPurchasesCapacitor.build/Objects-normal/arm64/RevenuecatPurchasesCapacitor-OutputFileMap.json (in target 'RevenuecatPurchasesCapacitor' from project 'RevenuecatPurchasesCapacitor')
    cd /Users/runner/work/focusher-app/focusher-app/node_modules/@revenuecat/purchases-capacitor
    write-file /Users/runner/Library/Developer/Xcode/DerivedData/App-bftnsirjgxxrogcvaqjekecjqrkn/Build/Intermediates.noindex/ArchiveIntermediates/App/IntermediateBuildFilesPath/RevenuecatPurchasesCapacitor.build/Release-iphoneos/RevenuecatPurchasesCapacitor.build/Objects-normal/arm64/RevenuecatPurchasesCapacitor-OutputFileMap.json

Copy /Users/runner/Library/Developer/Xcode/DerivedData/App-bftnsirjgxxrogcvaqjekecjqrkn/Build/Intermediates.noindex/ArchiveIntermediates/App/IntermediateBuildFilesPath/GeneratedModuleMaps-iphoneos/RevenuecatPurchasesCapacitor.modulemap /Users/runner/Library/Developer/Xcode/DerivedData/App-bftnsirjgxxrogcvaqjekecjqrkn/Build/Intermediates.noindex/ArchiveIntermediates/App/IntermediateBuildFilesPath/RevenuecatPurchasesCapacitor.build/Release-iphoneos/RevenuecatPurchasesCapacitor.build/RevenuecatPurchasesCapacitor.modulemap (in target 'RevenuecatPurchasesCapacitor' from project 'RevenuecatPurchasesCapacitor')
    cd /Users/runner/work/focusher-app/focusher-app/node_modules/@revenuecat/purchases-capacitor
    builtin-copy -exclude .DS_Store -exclude CVS -exclude .svn -exclude .git -exclude .hg -strip-unsigned-binaries -strip-deterministic -strip-tool /Applications/Xcode_26.6.app/Contents/Developer/Toolchains/XcodeDefault.xctoolchain/usr/bin/strip -resolve-src-symlinks /Users/runner/Library/Developer/Xcode/DerivedData/App-bftnsirjgxxrogcvaqjekecjqrkn/Build/Intermediates.noindex/ArchiveIntermediates/App/IntermediateBuildFilesPath/RevenuecatPurchasesCapacitor.build/Release-iphoneos/RevenuecatPurchasesCapacitor.build/RevenuecatPurchasesCapacitor.modulemap /Users/runner/Library/Developer/Xcode/DerivedData/App-bftnsirjgxxrogcvaqjekecjqrkn/Build/Intermediates.noindex/ArchiveIntermediates/App/IntermediateBuildFilesPath/GeneratedModuleMaps-iphoneos

WriteAuxiliaryFile /Users/runner/Library/Developer/Xcode/DerivedData/App-bftnsirjgxxrogcvaqjekecjqrkn/Build/Intermediates.noindex/ArchiveIntermediates/App/IntermediateBuildFilesPath/CapacitorLocalNotifications.build/Release-iphoneos/LocalNotificationsPlugin.build/Objects-normal/arm64/LocalNotificationsPlugin_const_extract_protocols.json (in target 'LocalNotificationsPlugin' from project 'CapacitorLocalNotifications')
    cd /Users/runner/work/focusher-app/focusher-app/node_modules/@capacitor/local-notifications
    write-file /Users/runner/Library/Developer/Xcode/DerivedData/App-bftnsirjgxxrogcvaqjekecjqrkn/Build/Intermediates.noindex/ArchiveIntermediates/App/IntermediateBuildFilesPath/CapacitorLocalNotifications.build/Release-iphoneos/LocalNotificationsPlugin.build/Objects-normal/arm64/LocalNotificationsPlugin_const_extract_protocols.json

WriteAuxiliaryFile /Users/runner/Library/Developer/Xcode/DerivedData/App-bftnsirjgxxrogcvaqjekecjqrkn/Build/Intermediates.noindex/ArchiveIntermediates/App/IntermediateBuildFilesPath/CapacitorLocalNotifications.build/Release-iphoneos/LocalNotificationsPlugin.build/Objects-normal/arm64/LocalNotificationsPlugin.SwiftFileList (in target 'LocalNotificationsPlugin' from project 'CapacitorLocalNotifications')
    cd /Users/runner/work/focusher-app/focusher-app/node_modules/@capacitor/local-notifications
    write-file /Users/runner/Library/Developer/Xcode/DerivedData/App-bftnsirjgxxrogcvaqjekecjqrkn/Build/Intermediates.noindex/ArchiveIntermediates/App/IntermediateBuildFilesPath/CapacitorLocalNotifications.build/Release-iphoneos/LocalNotificationsPlugin.build/Objects-normal/arm64/LocalNotificationsPlugin.SwiftFileList

WriteAuxiliaryFile /Users/runner/Library/Developer/Xcode/DerivedData/App-bftnsirjgxxrogcvaqjekecjqrkn/Build/Intermediates.noindex/ArchiveIntermediates/App/IntermediateBuildFilesPath/CapacitorLocalNotifications.build/Release-iphoneos/LocalNotificationsPlugin.build/Objects-normal/arm64/LocalNotificationsPlugin.SwiftConstValuesFileList (in target 'LocalNotificationsPlugin' from project 'CapacitorLocalNotifications')
    cd /Users/runner/work/focusher-app/focusher-app/node_modules/@capacitor/local-notifications
    write-file /Users/runner/Library/Developer/Xcode/DerivedData/App-bftnsirjgxxrogcvaqjekecjqrkn/Build/Intermediates.noindex/ArchiveIntermediates/App/IntermediateBuildFilesPath/CapacitorLocalNotifications.build/Release-iphoneos/LocalNotificationsPlugin.build/Objects-normal/arm64/LocalNotificationsPlugin.SwiftConstValuesFileList

WriteAuxiliaryFile /Users/runner/Library/Developer/Xcode/DerivedData/App-bftnsirjgxxrogcvaqjekecjqrkn/Build/Intermediates.noindex/ArchiveIntermediates/App/IntermediateBuildFilesPath/CapacitorLocalNotifications.build/Release-iphoneos/LocalNotificationsPlugin.build/Objects-normal/arm64/LocalNotificationsPlugin.LinkFileList (in target 'LocalNotificationsPlugin' from project 'CapacitorLocalNotifications')
    cd /Users/runner/work/focusher-app/focusher-app/node_modules/@capacitor/local-notifications
    write-file /Users/runner/Library/Developer/Xcode/DerivedData/App-bftnsirjgxxrogcvaqjekecjqrkn/Build/Intermediates.noindex/ArchiveIntermediates/App/IntermediateBuildFilesPath/CapacitorLocalNotifications.build/Release-iphoneos/LocalNotificationsPlugin.build/Objects-normal/arm64/LocalNotificationsPlugin.LinkFileList

WriteAuxiliaryFile /Users/runner/Library/Developer/Xcode/DerivedData/App-bftnsirjgxxrogcvaqjekecjqrkn/Build/Intermediates.noindex/ArchiveIntermediates/App/IntermediateBuildFilesPath/CapacitorLocalNotifications.build/Release-iphoneos/LocalNotificationsPlugin.build/Objects-normal/arm64/LocalNotificationsPlugin-OutputFileMap.json (in target 'LocalNotificationsPlugin' from project 'CapacitorLocalNotifications')
    cd /Users/runner/work/focusher-app/focusher-app/node_modules/@capacitor/local-notifications
    write-file /Users/runner/Library/Developer/Xcode/DerivedData/App-bftnsirjgxxrogcvaqjekecjqrkn/Build/Intermediates.noindex/ArchiveIntermediates/App/IntermediateBuildFilesPath/CapacitorLocalNotifications.build/Release-iphoneos/LocalNotificationsPlugin.build/Objects-normal/arm64/LocalNotificationsPlugin-OutputFileMap.json

WriteAuxiliaryFile /Users/runner/Library/Developer/Xcode/DerivedData/App-bftnsirjgxxrogcvaqjekecjqrkn/Build/Intermediates.noindex/ArchiveIntermediates/App/IntermediateBuildFilesPath/CapacitorLocalNotifications.build/Release-iphoneos/LocalNotificationsPlugin.build/LocalNotificationsPlugin.modulemap (in target 'LocalNotificationsPlugin' from project 'CapacitorLocalNotifications')
    cd /Users/runner/work/focusher-app/focusher-app/node_modules/@capacitor/local-notifications
    write-file /Users/runner/Library/Developer/Xcode/DerivedData/App-bftnsirjgxxrogcvaqjekecjqrkn/Build/Intermediates.noindex/ArchiveIntermediates/App/IntermediateBuildFilesPath/CapacitorLocalNotifications.build/Release-iphoneos/LocalNotificationsPlugin.build/LocalNotificationsPlugin.modulemap

WriteAuxiliaryFile /Users/runner/Library/Developer/Xcode/DerivedData/App-bftnsirjgxxrogcvaqjekecjqrkn/Build/Intermediates.noindex/ArchiveIntermediates/App/IntermediateBuildFilesPath/CapacitorLocalNotifications.build/Release-iphoneos/LocalNotificationsPlugin.build/LocalNotificationsPlugin.DependencyStaticMetadataFileList (in target 'LocalNotificationsPlugin' from project 'CapacitorLocalNotifications')
    cd /Users/runner/work/focusher-app/focusher-app/node_modules/@capacitor/local-notifications
    write-file /Users/runner/Library/Developer/Xcode/DerivedData/App-bftnsirjgxxrogcvaqjekecjqrkn/Build/Intermediates.noindex/ArchiveIntermediates/App/IntermediateBuildFilesPath/CapacitorLocalNotifications.build/Release-iphoneos/LocalNotificationsPlugin.build/LocalNotificationsPlugin.DependencyStaticMetadataFileList

WriteAuxiliaryFile /Users/runner/Library/Developer/Xcode/DerivedData/App-bftnsirjgxxrogcvaqjekecjqrkn/Build/Intermediates.noindex/ArchiveIntermediates/App/IntermediateBuildFilesPath/CapacitorLocalNotifications.build/Release-iphoneos/LocalNotificationsPlugin.build/LocalNotificationsPlugin.DependencyMetadataFileList (in target 'LocalNotificationsPlugin' from project 'CapacitorLocalNotifications')
    cd /Users/runner/work/focusher-app/focusher-app/node_modules/@capacitor/local-notifications
    write-file /Users/runner/Library/Developer/Xcode/DerivedData/App-bftnsirjgxxrogcvaqjekecjqrkn/Build/Intermediates.noindex/ArchiveIntermediates/App/IntermediateBuildFilesPath/CapacitorLocalNotifications.build/Release-iphoneos/LocalNotificationsPlugin.build/LocalNotificationsPlugin.DependencyMetadataFileList

Copy /Users/runner/Library/Developer/Xcode/DerivedData/App-bftnsirjgxxrogcvaqjekecjqrkn/Build/Intermediates.noindex/ArchiveIntermediates/App/IntermediateBuildFilesPath/GeneratedModuleMaps-iphoneos/LocalNotificationsPlugin.modulemap /Users/runner/Library/Developer/Xcode/DerivedData/App-bftnsirjgxxrogcvaqjekecjqrkn/Build/Intermediates.noindex/ArchiveIntermediates/App/IntermediateBuildFilesPath/CapacitorLocalNotifications.build/Release-iphoneos/LocalNotificationsPlugin.build/LocalNotificationsPlugin.modulemap (in target 'LocalNotificationsPlugin' from project 'CapacitorLocalNotifications')
    cd /Users/runner/work/focusher-app/focusher-app/node_modules/@capacitor/local-notifications
    builtin-copy -exclude .DS_Store -exclude CVS -exclude .svn -exclude .git -exclude .hg -strip-unsigned-binaries -strip-deterministic -strip-tool /Applications/Xcode_26.6.app/Contents/Developer/Toolchains/XcodeDefault.xctoolchain/usr/bin/strip -resolve-src-symlinks /Users/runner/Library/Developer/Xcode/DerivedData/App-bftnsirjgxxrogcvaqjekecjqrkn/Build/Intermediates.noindex/ArchiveIntermediates/App/IntermediateBuildFilesPath/CapacitorLocalNotifications.build/Release-iphoneos/LocalNotificationsPlugin.build/LocalNotificationsPlugin.modulemap /Users/runner/Library/Developer/Xcode/DerivedData/App-bftnsirjgxxrogcvaqjekecjqrkn/Build/Intermediates.noindex/ArchiveIntermediates/App/IntermediateBuildFilesPath/GeneratedModuleMaps-iphoneos

WriteAuxiliaryFile /Users/runner/Library/Developer/Xcode/DerivedData/App-bftnsirjgxxrogcvaqjekecjqrkn/Build/Intermediates.noindex/ArchiveIntermediates/App/IntermediateBuildFilesPath/CapApp-SPM.build/Release-iphoneos/CapApp-SPM.build/Objects-normal/arm64/CapApp-SPM_const_extract_protocols.json (in target 'CapApp-SPM' from project 'CapApp-SPM')
    cd /Users/runner/work/focusher-app/focusher-app/ios/App/CapApp-SPM
    write-file /Users/runner/Library/Developer/Xcode/DerivedData/App-bftnsirjgxxrogcvaqjekecjqrkn/Build/Intermediates.noindex/ArchiveIntermediates/App/IntermediateBuildFilesPath/CapApp-SPM.build/Release-iphoneos/CapApp-SPM.build/Objects-normal/arm64/CapApp-SPM_const_extract_protocols.json

WriteAuxiliaryFile /Users/runner/Library/Developer/Xcode/DerivedData/App-bftnsirjgxxrogcvaqjekecjqrkn/Build/Intermediates.noindex/ArchiveIntermediates/App/IntermediateBuildFilesPath/CapApp-SPM.build/Release-iphoneos/CapApp-SPM.build/Objects-normal/arm64/CapApp-SPM.SwiftFileList (in target 'CapApp-SPM' from project 'CapApp-SPM')
    cd /Users/runner/work/focusher-app/focusher-app/ios/App/CapApp-SPM
    write-file /Users/runner/Library/Developer/Xcode/DerivedData/App-bftnsirjgxxrogcvaqjekecjqrkn/Build/Intermediates.noindex/ArchiveIntermediates/App/IntermediateBuildFilesPath/CapApp-SPM.build/Release-iphoneos/CapApp-SPM.build/Objects-normal/arm64/CapApp-SPM.SwiftFileList

WriteAuxiliaryFile /Users/runner/Library/Developer/Xcode/DerivedData/App-bftnsirjgxxrogcvaqjekecjqrkn/Build/Intermediates.noindex/ArchiveIntermediates/App/IntermediateBuildFilesPath/CapApp-SPM.build/Release-iphoneos/CapApp-SPM.build/Objects-normal/arm64/CapApp-SPM.SwiftConstValuesFileList (in target 'CapApp-SPM' from project 'CapApp-SPM')
    cd /Users/runner/work/focusher-app/focusher-app/ios/App/CapApp-SPM
    write-file /Users/runner/Library/Developer/Xcode/DerivedData/App-bftnsirjgxxrogcvaqjekecjqrkn/Build/Intermediates.noindex/ArchiveIntermediates/App/IntermediateBuildFilesPath/CapApp-SPM.build/Release-iphoneos/CapApp-SPM.build/Objects-normal/arm64/CapApp-SPM.SwiftConstValuesFileList

WriteAuxiliaryFile /Users/runner/Library/Developer/Xcode/DerivedData/App-bftnsirjgxxrogcvaqjekecjqrkn/Build/Intermediates.noindex/ArchiveIntermediates/App/IntermediateBuildFilesPath/CapApp-SPM.build/Release-iphoneos/CapApp-SPM.build/Objects-normal/arm64/CapApp-SPM.LinkFileList (in target 'CapApp-SPM' from project 'CapApp-SPM')
    cd /Users/runner/work/focusher-app/focusher-app/ios/App/CapApp-SPM
    write-file /Users/runner/Library/Developer/Xcode/DerivedData/App-bftnsirjgxxrogcvaqjekecjqrkn/Build/Intermediates.noindex/ArchiveIntermediates/App/IntermediateBuildFilesPath/CapApp-SPM.build/Release-iphoneos/CapApp-SPM.build/Objects-normal/arm64/CapApp-SPM.LinkFileList

WriteAuxiliaryFile /Users/runner/Library/Developer/Xcode/DerivedData/App-bftnsirjgxxrogcvaqjekecjqrkn/Build/Intermediates.noindex/ArchiveIntermediates/App/IntermediateBuildFilesPath/CapApp-SPM.build/Release-iphoneos/CapApp-SPM.build/Objects-normal/arm64/CapApp-SPM-OutputFileMap.json (in target 'CapApp-SPM' from project 'CapApp-SPM')
    cd /Users/runner/work/focusher-app/focusher-app/ios/App/CapApp-SPM
    write-file /Users/runner/Library/Developer/Xcode/DerivedData/App-bftnsirjgxxrogcvaqjekecjqrkn/Build/Intermediates.noindex/ArchiveIntermediates/App/IntermediateBuildFilesPath/CapApp-SPM.build/Release-iphoneos/CapApp-SPM.build/Objects-normal/arm64/CapApp-SPM-OutputFileMap.json

WriteAuxiliaryFile /Users/runner/Library/Developer/Xcode/DerivedData/App-bftnsirjgxxrogcvaqjekecjqrkn/Build/Intermediates.noindex/ArchiveIntermediates/App/IntermediateBuildFilesPath/CapApp-SPM.build/Release-iphoneos/CapApp-SPM.build/CapApp-SPM.modulemap (in target 'CapApp-SPM' from project 'CapApp-SPM')
    cd /Users/runner/work/focusher-app/focusher-app/ios/App/CapApp-SPM
    write-file /Users/runner/Library/Developer/Xcode/DerivedData/App-bftnsirjgxxrogcvaqjekecjqrkn/Build/Intermediates.noindex/ArchiveIntermediates/App/IntermediateBuildFilesPath/CapApp-SPM.build/Release-iphoneos/CapApp-SPM.build/CapApp-SPM.modulemap

WriteAuxiliaryFile /Users/runner/Library/Developer/Xcode/DerivedData/App-bftnsirjgxxrogcvaqjekecjqrkn/Build/Intermediates.noindex/ArchiveIntermediates/App/IntermediateBuildFilesPath/CapApp-SPM.build/Release-iphoneos/CapApp-SPM.build/CapApp-SPM.DependencyStaticMetadataFileList (in target 'CapApp-SPM' from project 'CapApp-SPM')
    cd /Users/runner/work/focusher-app/focusher-app/ios/App/CapApp-SPM
    write-file /Users/runner/Library/Developer/Xcode/DerivedData/App-bftnsirjgxxrogcvaqjekecjqrkn/Build/Intermediates.noindex/ArchiveIntermediates/App/IntermediateBuildFilesPath/CapApp-SPM.build/Release-iphoneos/CapApp-SPM.build/CapApp-SPM.DependencyStaticMetadataFileList

WriteAuxiliaryFile /Users/runner/Library/Developer/Xcode/DerivedData/App-bftnsirjgxxrogcvaqjekecjqrkn/Build/Intermediates.noindex/ArchiveIntermediates/App/IntermediateBuildFilesPath/CapApp-SPM.build/Release-iphoneos/CapApp-SPM.build/CapApp-SPM.DependencyMetadataFileList (in target 'CapApp-SPM' from project 'CapApp-SPM')
    cd /Users/runner/work/focusher-app/focusher-app/ios/App/CapApp-SPM
    write-file /Users/runner/Library/Developer/Xcode/DerivedData/App-bftnsirjgxxrogcvaqjekecjqrkn/Build/Intermediates.noindex/ArchiveIntermediates/App/IntermediateBuildFilesPath/CapApp-SPM.build/Release-iphoneos/CapApp-SPM.build/CapApp-SPM.DependencyMetadataFileList

Copy /Users/runner/Library/Developer/Xcode/DerivedData/App-bftnsirjgxxrogcvaqjekecjqrkn/Build/Intermediates.noindex/ArchiveIntermediates/App/IntermediateBuildFilesPath/GeneratedModuleMaps-iphoneos/CapApp-SPM.modulemap /Users/runner/Library/Developer/Xcode/DerivedData/App-bftnsirjgxxrogcvaqjekecjqrkn/Build/Intermediates.noindex/ArchiveIntermediates/App/IntermediateBuildFilesPath/CapApp-SPM.build/Release-iphoneos/CapApp-SPM.build/CapApp-SPM.modulemap (in target 'CapApp-SPM' from project 'CapApp-SPM')
    cd /Users/runner/work/focusher-app/focusher-app/ios/App/CapApp-SPM
    builtin-copy -exclude .DS_Store -exclude CVS -exclude .svn -exclude .git -exclude .hg -strip-unsigned-binaries -strip-deterministic -strip-tool /Applications/Xcode_26.6.app/Contents/Developer/Toolchains/XcodeDefault.xctoolchain/usr/bin/strip -resolve-src-symlinks /Users/runner/Library/Developer/Xcode/DerivedData/App-bftnsirjgxxrogcvaqjekecjqrkn/Build/Intermediates.noindex/ArchiveIntermediates/App/IntermediateBuildFilesPath/CapApp-SPM.build/Release-iphoneos/CapApp-SPM.build/CapApp-SPM.modulemap /Users/runner/Library/Developer/Xcode/DerivedData/App-bftnsirjgxxrogcvaqjekecjqrkn/Build/Intermediates.noindex/ArchiveIntermediates/App/IntermediateBuildFilesPath/GeneratedModuleMaps-iphoneos

WriteAuxiliaryFile /Users/runner/Library/Developer/Xcode/DerivedData/App-bftnsirjgxxrogcvaqjekecjqrkn/Build/Intermediates.noindex/ArchiveIntermediates/App/IntermediateBuildFilesPath/CapacitorApp.build/Release-iphoneos/AppPlugin.build/Objects-normal/arm64/AppPlugin_const_extract_protocols.json (in target 'AppPlugin' from project 'CapacitorApp')
    cd /Users/runner/work/focusher-app/focusher-app/node_modules/@capacitor/app
    write-file /Users/runner/Library/Developer/Xcode/DerivedData/App-bftnsirjgxxrogcvaqjekecjqrkn/Build/Intermediates.noindex/ArchiveIntermediates/App/IntermediateBuildFilesPath/CapacitorApp.build/Release-iphoneos/AppPlugin.build/Objects-normal/arm64/AppPlugin_const_extract_protocols.json

WriteAuxiliaryFile /Users/runner/Library/Developer/Xcode/DerivedData/App-bftnsirjgxxrogcvaqjekecjqrkn/Build/Intermediates.noindex/ArchiveIntermediates/App/IntermediateBuildFilesPath/CapacitorApp.build/Release-iphoneos/AppPlugin.build/Objects-normal/arm64/AppPlugin.SwiftFileList (in target 'AppPlugin' from project 'CapacitorApp')
    cd /Users/runner/work/focusher-app/focusher-app/node_modules/@capacitor/app
    write-file /Users/runner/Library/Developer/Xcode/DerivedData/App-bftnsirjgxxrogcvaqjekecjqrkn/Build/Intermediates.noindex/ArchiveIntermediates/App/IntermediateBuildFilesPath/CapacitorApp.build/Release-iphoneos/AppPlugin.build/Objects-normal/arm64/AppPlugin.SwiftFileList

WriteAuxiliaryFile /Users/runner/Library/Developer/Xcode/DerivedData/App-bftnsirjgxxrogcvaqjekecjqrkn/Build/Intermediates.noindex/ArchiveIntermediates/App/IntermediateBuildFilesPath/CapacitorApp.build/Release-iphoneos/AppPlugin.build/Objects-normal/arm64/AppPlugin.SwiftConstValuesFileList (in target 'AppPlugin' from project 'CapacitorApp')
    cd /Users/runner/work/focusher-app/focusher-app/node_modules/@capacitor/app
    write-file /Users/runner/Library/Developer/Xcode/DerivedData/App-bftnsirjgxxrogcvaqjekecjqrkn/Build/Intermediates.noindex/ArchiveIntermediates/App/IntermediateBuildFilesPath/CapacitorApp.build/Release-iphoneos/AppPlugin.build/Objects-normal/arm64/AppPlugin.SwiftConstValuesFileList

WriteAuxiliaryFile /Users/runner/Library/Developer/Xcode/DerivedData/App-bftnsirjgxxrogcvaqjekecjqrkn/Build/Intermediates.noindex/ArchiveIntermediates/App/IntermediateBuildFilesPath/CapacitorApp.build/Release-iphoneos/AppPlugin.build/Objects-normal/arm64/AppPlugin.LinkFileList (in target 'AppPlugin' from project 'CapacitorApp')
    cd /Users/runner/work/focusher-app/focusher-app/node_modules/@capacitor/app
    write-file /Users/runner/Library/Developer/Xcode/DerivedData/App-bftnsirjgxxrogcvaqjekecjqrkn/Build/Intermediates.noindex/ArchiveIntermediates/App/IntermediateBuildFilesPath/CapacitorApp.build/Release-iphoneos/AppPlugin.build/Objects-normal/arm64/AppPlugin.LinkFileList

WriteAuxiliaryFile /Users/runner/Library/Developer/Xcode/DerivedData/App-bftnsirjgxxrogcvaqjekecjqrkn/Build/Intermediates.noindex/ArchiveIntermediates/App/IntermediateBuildFilesPath/CapacitorApp.build/Release-iphoneos/AppPlugin.build/Objects-normal/arm64/AppPlugin-OutputFileMap.json (in target 'AppPlugin' from project 'CapacitorApp')
    cd /Users/runner/work/focusher-app/focusher-app/node_modules/@capacitor/app
    write-file /Users/runner/Library/Developer/Xcode/DerivedData/App-bftnsirjgxxrogcvaqjekecjqrkn/Build/Intermediates.noindex/ArchiveIntermediates/App/IntermediateBuildFilesPath/CapacitorApp.build/Release-iphoneos/AppPlugin.build/Objects-normal/arm64/AppPlugin-OutputFileMap.json

WriteAuxiliaryFile /Users/runner/Library/Developer/Xcode/DerivedData/App-bftnsirjgxxrogcvaqjekecjqrkn/Build/Intermediates.noindex/ArchiveIntermediates/App/IntermediateBuildFilesPath/CapacitorApp.build/Release-iphoneos/AppPlugin.build/AppPlugin.modulemap (in target 'AppPlugin' from project 'CapacitorApp')
    cd /Users/runner/work/focusher-app/focusher-app/node_modules/@capacitor/app
    write-file /Users/runner/Library/Developer/Xcode/DerivedData/App-bftnsirjgxxrogcvaqjekecjqrkn/Build/Intermediates.noindex/ArchiveIntermediates/App/IntermediateBuildFilesPath/CapacitorApp.build/Release-iphoneos/AppPlugin.build/AppPlugin.modulemap

WriteAuxiliaryFile /Users/runner/Library/Developer/Xcode/DerivedData/App-bftnsirjgxxrogcvaqjekecjqrkn/Build/Intermediates.noindex/ArchiveIntermediates/App/IntermediateBuildFilesPath/CapacitorApp.build/Release-iphoneos/AppPlugin.build/AppPlugin.DependencyStaticMetadataFileList (in target 'AppPlugin' from project 'CapacitorApp')
    cd /Users/runner/work/focusher-app/focusher-app/node_modules/@capacitor/app
    write-file /Users/runner/Library/Developer/Xcode/DerivedData/App-bftnsirjgxxrogcvaqjekecjqrkn/Build/Intermediates.noindex/ArchiveIntermediates/App/IntermediateBuildFilesPath/CapacitorApp.build/Release-iphoneos/AppPlugin.build/AppPlugin.DependencyStaticMetadataFileList

WriteAuxiliaryFile /Users/runner/Library/Developer/Xcode/DerivedData/App-bftnsirjgxxrogcvaqjekecjqrkn/Build/Intermediates.noindex/ArchiveIntermediates/App/IntermediateBuildFilesPath/CapacitorApp.build/Release-iphoneos/AppPlugin.build/AppPlugin.DependencyMetadataFileList (in target 'AppPlugin' from project 'CapacitorApp')
    cd /Users/runner/work/focusher-app/focusher-app/node_modules/@capacitor/app
    write-file /Users/runner/Library/Developer/Xcode/DerivedData/App-bftnsirjgxxrogcvaqjekecjqrkn/Build/Intermediates.noindex/ArchiveIntermediates/App/IntermediateBuildFilesPath/CapacitorApp.build/Release-iphoneos/AppPlugin.build/AppPlugin.DependencyMetadataFileList

Copy /Users/runner/Library/Developer/Xcode/DerivedData/App-bftnsirjgxxrogcvaqjekecjqrkn/Build/Intermediates.noindex/ArchiveIntermediates/App/IntermediateBuildFilesPath/GeneratedModuleMaps-iphoneos/AppPlugin.modulemap /Users/runner/Library/Developer/Xcode/DerivedData/App-bftnsirjgxxrogcvaqjekecjqrkn/Build/Intermediates.noindex/ArchiveIntermediates/App/IntermediateBuildFilesPath/CapacitorApp.build/Release-iphoneos/AppPlugin.build/AppPlugin.modulemap (in target 'AppPlugin' from project 'CapacitorApp')
    cd /Users/runner/work/focusher-app/focusher-app/node_modules/@capacitor/app
    builtin-copy -exclude .DS_Store -exclude CVS -exclude .svn -exclude .git -exclude .hg -strip-unsigned-binaries -strip-deterministic -strip-tool /Applications/Xcode_26.6.app/Contents/Developer/Toolchains/XcodeDefault.xctoolchain/usr/bin/strip -resolve-src-symlinks /Users/runner/Library/Developer/Xcode/DerivedData/App-bftnsirjgxxrogcvaqjekecjqrkn/Build/Intermediates.noindex/ArchiveIntermediates/App/IntermediateBuildFilesPath/CapacitorApp.build/Release-iphoneos/AppPlugin.build/AppPlugin.modulemap /Users/runner/Library/Developer/Xcode/DerivedData/App-bftnsirjgxxrogcvaqjekecjqrkn/Build/Intermediates.noindex/ArchiveIntermediates/App/IntermediateBuildFilesPath/GeneratedModuleMaps-iphoneos

WriteAuxiliaryFile /Users/runner/Library/Developer/Xcode/DerivedData/App-bftnsirjgxxrogcvaqjekecjqrkn/Build/Intermediates.noindex/ArchiveIntermediates/App/IntermediateBuildFilesPath/App.build/Release-iphoneos/App.build/Objects-normal/arm64/App_const_extract_protocols.json (in target 'App' from project 'App')
    cd /Users/runner/work/focusher-app/focusher-app/ios/App
    write-file /Users/runner/Library/Developer/Xcode/DerivedData/App-bftnsirjgxxrogcvaqjekecjqrkn/Build/Intermediates.noindex/ArchiveIntermediates/App/IntermediateBuildFilesPath/App.build/Release-iphoneos/App.build/Objects-normal/arm64/App_const_extract_protocols.json

WriteAuxiliaryFile /Users/runner/Library/Developer/Xcode/DerivedData/App-bftnsirjgxxrogcvaqjekecjqrkn/Build/Intermediates.noindex/ArchiveIntermediates/App/IntermediateBuildFilesPath/App.build/Release-iphoneos/App.build/Objects-normal/arm64/App.SwiftFileList (in target 'App' from project 'App')
    cd /Users/runner/work/focusher-app/focusher-app/ios/App
    write-file /Users/runner/Library/Developer/Xcode/DerivedData/App-bftnsirjgxxrogcvaqjekecjqrkn/Build/Intermediates.noindex/ArchiveIntermediates/App/IntermediateBuildFilesPath/App.build/Release-iphoneos/App.build/Objects-normal/arm64/App.SwiftFileList

WriteAuxiliaryFile /Users/runner/Library/Developer/Xcode/DerivedData/App-bftnsirjgxxrogcvaqjekecjqrkn/Build/Intermediates.noindex/ArchiveIntermediates/App/IntermediateBuildFilesPath/App.build/Release-iphoneos/App.build/Objects-normal/arm64/App.SwiftConstValuesFileList (in target 'App' from project 'App')
    cd /Users/runner/work/focusher-app/focusher-app/ios/App
    write-file /Users/runner/Library/Developer/Xcode/DerivedData/App-bftnsirjgxxrogcvaqjekecjqrkn/Build/Intermediates.noindex/ArchiveIntermediates/App/IntermediateBuildFilesPath/App.build/Release-iphoneos/App.build/Objects-normal/arm64/App.SwiftConstValuesFileList

WriteAuxiliaryFile /Users/runner/Library/Developer/Xcode/DerivedData/App-bftnsirjgxxrogcvaqjekecjqrkn/Build/Intermediates.noindex/ArchiveIntermediates/App/IntermediateBuildFilesPath/App.build/Release-iphoneos/App.build/Objects-normal/arm64/App.LinkFileList (in target 'App' from project 'App')
    cd /Users/runner/work/focusher-app/focusher-app/ios/App
    write-file /Users/runner/Library/Developer/Xcode/DerivedData/App-bftnsirjgxxrogcvaqjekecjqrkn/Build/Intermediates.noindex/ArchiveIntermediates/App/IntermediateBuildFilesPath/App.build/Release-iphoneos/App.build/Objects-normal/arm64/App.LinkFileList

WriteAuxiliaryFile /Users/runner/Library/Developer/Xcode/DerivedData/App-bftnsirjgxxrogcvaqjekecjqrkn/Build/Intermediates.noindex/ArchiveIntermediates/App/IntermediateBuildFilesPath/App.build/Release-iphoneos/App.build/Objects-normal/arm64/App-OutputFileMap.json (in target 'App' from project 'App')
    cd /Users/runner/work/focusher-app/focusher-app/ios/App
    write-file /Users/runner/Library/Developer/Xcode/DerivedData/App-bftnsirjgxxrogcvaqjekecjqrkn/Build/Intermediates.noindex/ArchiveIntermediates/App/IntermediateBuildFilesPath/App.build/Release-iphoneos/App.build/Objects-normal/arm64/App-OutputFileMap.json

WriteAuxiliaryFile /Users/runner/Library/Developer/Xcode/DerivedData/App-bftnsirjgxxrogcvaqjekecjqrkn/Build/Intermediates.noindex/ArchiveIntermediates/App/IntermediateBuildFilesPath/App.build/Release-iphoneos/App.build/App.hmap (in target 'App' from project 'App')
    cd /Users/runner/work/focusher-app/focusher-app/ios/App
    write-file /Users/runner/Library/Developer/Xcode/DerivedData/App-bftnsirjgxxrogcvaqjekecjqrkn/Build/Intermediates.noindex/ArchiveIntermediates/App/IntermediateBuildFilesPath/App.build/Release-iphoneos/App.build/App.hmap

WriteAuxiliaryFile /Users/runner/Library/Developer/Xcode/DerivedData/App-bftnsirjgxxrogcvaqjekecjqrkn/Build/Intermediates.noindex/ArchiveIntermediates/App/IntermediateBuildFilesPath/App.build/Release-iphoneos/App.build/App.DependencyStaticMetadataFileList (in target 'App' from project 'App')
    cd /Users/runner/work/focusher-app/focusher-app/ios/App
    write-file /Users/runner/Library/Developer/Xcode/DerivedData/App-bftnsirjgxxrogcvaqjekecjqrkn/Build/Intermediates.noindex/ArchiveIntermediates/App/IntermediateBuildFilesPath/App.build/Release-iphoneos/App.build/App.DependencyStaticMetadataFileList

WriteAuxiliaryFile /Users/runner/Library/Developer/Xcode/DerivedData/App-bftnsirjgxxrogcvaqjekecjqrkn/Build/Intermediates.noindex/ArchiveIntermediates/App/IntermediateBuildFilesPath/App.build/Release-iphoneos/App.build/App.DependencyMetadataFileList (in target 'App' from project 'App')
    cd /Users/runner/work/focusher-app/focusher-app/ios/App
    write-file /Users/runner/Library/Developer/Xcode/DerivedData/App-bftnsirjgxxrogcvaqjekecjqrkn/Build/Intermediates.noindex/ArchiveIntermediates/App/IntermediateBuildFilesPath/App.build/Release-iphoneos/App.build/App.DependencyMetadataFileList

WriteAuxiliaryFile /Users/runner/Library/Developer/Xcode/DerivedData/App-bftnsirjgxxrogcvaqjekecjqrkn/Build/Intermediates.noindex/ArchiveIntermediates/App/IntermediateBuildFilesPath/App.build/Release-iphoneos/App.build/App-project-headers.hmap (in target 'App' from project 'App')
    cd /Users/runner/work/focusher-app/focusher-app/ios/App
    write-file /Users/runner/Library/Developer/Xcode/DerivedData/App-bftnsirjgxxrogcvaqjekecjqrkn/Build/Intermediates.noindex/ArchiveIntermediates/App/IntermediateBuildFilesPath/App.build/Release-iphoneos/App.build/App-project-headers.hmap

WriteAuxiliaryFile /Users/runner/Library/Developer/Xcode/DerivedData/App-bftnsirjgxxrogcvaqjekecjqrkn/Build/Intermediates.noindex/ArchiveIntermediates/App/IntermediateBuildFilesPath/App.build/Release-iphoneos/App.build/App-own-target-headers.hmap (in target 'App' from project 'App')
    cd /Users/runner/work/focusher-app/focusher-app/ios/App
    write-file /Users/runner/Library/Developer/Xcode/DerivedData/App-bftnsirjgxxrogcvaqjekecjqrkn/Build/Intermediates.noindex/ArchiveIntermediates/App/IntermediateBuildFilesPath/App.build/Release-iphoneos/App.build/App-own-target-headers.hmap

WriteAuxiliaryFile /Users/runner/Library/Developer/Xcode/DerivedData/App-bftnsirjgxxrogcvaqjekecjqrkn/Build/Intermediates.noindex/ArchiveIntermediates/App/IntermediateBuildFilesPath/App.build/Release-iphoneos/App.build/App-generated-files.hmap (in target 'App' from project 'App')
    cd /Users/runner/work/focusher-app/focusher-app/ios/App
    write-file /Users/runner/Library/Developer/Xcode/DerivedData/App-bftnsirjgxxrogcvaqjekecjqrkn/Build/Intermediates.noindex/ArchiveIntermediates/App/IntermediateBuildFilesPath/App.build/Release-iphoneos/App.build/App-generated-files.hmap

WriteAuxiliaryFile /Users/runner/Library/Developer/Xcode/DerivedData/App-bftnsirjgxxrogcvaqjekecjqrkn/Build/Intermediates.noindex/ArchiveIntermediates/App/IntermediateBuildFilesPath/App.build/Release-iphoneos/App.build/App-all-target-headers.hmap (in target 'App' from project 'App')
    cd /Users/runner/work/focusher-app/focusher-app/ios/App
    write-file /Users/runner/Library/Developer/Xcode/DerivedData/App-bftnsirjgxxrogcvaqjekecjqrkn/Build/Intermediates.noindex/ArchiveIntermediates/App/IntermediateBuildFilesPath/App.build/Release-iphoneos/App.build/App-all-target-headers.hmap

WriteAuxiliaryFile /Users/runner/Library/Developer/Xcode/DerivedData/App-bftnsirjgxxrogcvaqjekecjqrkn/Build/Intermediates.noindex/ArchiveIntermediates/App/IntermediateBuildFilesPath/App.build/Release-iphoneos/App.build/App-all-non-framework-target-headers.hmap (in target 'App' from project 'App')
    cd /Users/runner/work/focusher-app/focusher-app/ios/App
    write-file /Users/runner/Library/Developer/Xcode/DerivedData/App-bftnsirjgxxrogcvaqjekecjqrkn/Build/Intermediates.noindex/ArchiveIntermediates/App/IntermediateBuildFilesPath/App.build/Release-iphoneos/App.build/App-all-non-framework-target-headers.hmap

SymLink /Users/runner/Library/Developer/Xcode/DerivedData/App-bftnsirjgxxrogcvaqjekecjqrkn/Build/Intermediates.noindex/ArchiveIntermediates/App/BuildProductsPath/Release-iphoneos/SplashScreenPlugin.o ../../IntermediateBuildFilesPath/UninstalledProducts/iphoneos/SplashScreenPlugin.o (in target 'SplashScreenPlugin' from project 'CapacitorSplashScreen')
    cd /Users/runner/work/focusher-app/focusher-app/node_modules/@capacitor/splash-screen
    /bin/ln -sfh ../../IntermediateBuildFilesPath/UninstalledProducts/iphoneos/SplashScreenPlugin.o /Users/runner/Library/Developer/Xcode/DerivedData/App-bftnsirjgxxrogcvaqjekecjqrkn/Build/Intermediates.noindex/ArchiveIntermediates/App/BuildProductsPath/Release-iphoneos/SplashScreenPlugin.o

SymLink /Users/runner/Library/Developer/Xcode/DerivedData/App-bftnsirjgxxrogcvaqjekecjqrkn/Build/Intermediates.noindex/ArchiveIntermediates/App/BuildProductsPath/Release-iphoneos/RevenuecatPurchasesCapacitor.o ../../IntermediateBuildFilesPath/UninstalledProducts/iphoneos/RevenuecatPurchasesCapacitor.o (in target 'RevenuecatPurchasesCapacitor' from project 'RevenuecatPurchasesCapacitor')
    cd /Users/runner/work/focusher-app/focusher-app/node_modules/@revenuecat/purchases-capacitor
    /bin/ln -sfh ../../IntermediateBuildFilesPath/UninstalledProducts/iphoneos/RevenuecatPurchasesCapacitor.o /Users/runner/Library/Developer/Xcode/DerivedData/App-bftnsirjgxxrogcvaqjekecjqrkn/Build/Intermediates.noindex/ArchiveIntermediates/App/BuildProductsPath/Release-iphoneos/RevenuecatPurchasesCapacitor.o

SymLink /Users/runner/Library/Developer/Xcode/DerivedData/App-bftnsirjgxxrogcvaqjekecjqrkn/Build/Intermediates.noindex/ArchiveIntermediates/App/BuildProductsPath/Release-iphoneos/LocalNotificationsPlugin.o ../../IntermediateBuildFilesPath/UninstalledProducts/iphoneos/LocalNotificationsPlugin.o (in target 'LocalNotificationsPlugin' from project 'CapacitorLocalNotifications')
    cd /Users/runner/work/focusher-app/focusher-app/node_modules/@capacitor/local-notifications
    /bin/ln -sfh ../../IntermediateBuildFilesPath/UninstalledProducts/iphoneos/LocalNotificationsPlugin.o /Users/runner/Library/Developer/Xcode/DerivedData/App-bftnsirjgxxrogcvaqjekecjqrkn/Build/Intermediates.noindex/ArchiveIntermediates/App/BuildProductsPath/Release-iphoneos/LocalNotificationsPlugin.o

SymLink /Users/runner/Library/Developer/Xcode/DerivedData/App-bftnsirjgxxrogcvaqjekecjqrkn/Build/Intermediates.noindex/ArchiveIntermediates/App/BuildProductsPath/Release-iphoneos/CapApp-SPM.o ../../IntermediateBuildFilesPath/UninstalledProducts/iphoneos/CapApp-SPM.o (in target 'CapApp-SPM' from project 'CapApp-SPM')
    cd /Users/runner/work/focusher-app/focusher-app/ios/App/CapApp-SPM
    /bin/ln -sfh ../../IntermediateBuildFilesPath/UninstalledProducts/iphoneos/CapApp-SPM.o /Users/runner/Library/Developer/Xcode/DerivedData/App-bftnsirjgxxrogcvaqjekecjqrkn/Build/Intermediates.noindex/ArchiveIntermediates/App/BuildProductsPath/Release-iphoneos/CapApp-SPM.o

SymLink /Users/runner/Library/Developer/Xcode/DerivedData/App-bftnsirjgxxrogcvaqjekecjqrkn/Build/Intermediates.noindex/ArchiveIntermediates/App/BuildProductsPath/Release-iphoneos/AppPlugin.o ../../IntermediateBuildFilesPath/UninstalledProducts/iphoneos/AppPlugin.o (in target 'AppPlugin' from project 'CapacitorApp')
    cd /Users/runner/work/focusher-app/focusher-app/node_modules/@capacitor/app
    /bin/ln -sfh ../../IntermediateBuildFilesPath/UninstalledProducts/iphoneos/AppPlugin.o /Users/runner/Library/Developer/Xcode/DerivedData/App-bftnsirjgxxrogcvaqjekecjqrkn/Build/Intermediates.noindex/ArchiveIntermediates/App/BuildProductsPath/Release-iphoneos/AppPlugin.o

SymLink /Users/runner/Library/Developer/Xcode/DerivedData/App-bftnsirjgxxrogcvaqjekecjqrkn/Build/Intermediates.noindex/ArchiveIntermediates/App/BuildProductsPath/Release-iphoneos/App.app ../../InstallationBuildProductsLocation/Applications/App.app (in target 'App' from project 'App')
    cd /Users/runner/work/focusher-app/focusher-app/ios/App
    /bin/ln -sfh ../../InstallationBuildProductsLocation/Applications/App.app /Users/runner/Library/Developer/Xcode/DerivedData/App-bftnsirjgxxrogcvaqjekecjqrkn/Build/Intermediates.noindex/ArchiveIntermediates/App/BuildProductsPath/Release-iphoneos/App.app

MkDir /Users/runner/Library/Developer/Xcode/DerivedData/App-bftnsirjgxxrogcvaqjekecjqrkn/Build/Intermediates.noindex/ArchiveIntermediates/App/InstallationBuildProductsLocation/Applications/App.app/Frameworks (in target 'App' from project 'App')
    cd /Users/runner/work/focusher-app/focusher-app/ios/App
    /bin/mkdir -p /Users/runner/Library/Developer/Xcode/DerivedData/App-bftnsirjgxxrogcvaqjekecjqrkn/Build/Intermediates.noindex/ArchiveIntermediates/App/InstallationBuildProductsLocation/Applications/App.app/Frameworks

MkDir /Users/runner/Library/Developer/Xcode/DerivedData/App-bftnsirjgxxrogcvaqjekecjqrkn/Build/Intermediates.noindex/ArchiveIntermediates/App/InstallationBuildProductsLocation/Applications/App.app (in target 'App' from project 'App')
    cd /Users/runner/work/focusher-app/focusher-app/ios/App
    /bin/mkdir -p /Users/runner/Library/Developer/Xcode/DerivedData/App-bftnsirjgxxrogcvaqjekecjqrkn/Build/Intermediates.noindex/ArchiveIntermediates/App/InstallationBuildProductsLocation/Applications/App.app

SwiftDriver StatusBarPlugin normal arm64 com.apple.xcode.tools.swift.compiler (in target 'StatusBarPlugin' from project 'CapacitorStatusBar')
    cd /Users/runner/work/focusher-app/focusher-app/ios/App/App.xcodeproj
    builtin-SwiftDriver -- /Applications/Xcode_26.6.app/Contents/Developer/Toolchains/XcodeDefault.xctoolchain/usr/bin/swiftc -module-name StatusBarPlugin -O -whole-module-optimization @/Users/runner/Library/Developer/Xcode/DerivedData/App-bftnsirjgxxrogcvaqjekecjqrkn/Build/Intermediates.noindex/ArchiveIntermediates/App/IntermediateBuildFilesPath/CapacitorStatusBar.build/Release-iphoneos/StatusBarPlugin.build/Objects-normal/arm64/StatusBarPlugin.SwiftFileList -DSWIFT_PACKAGE -DSWIFT_MODULE_RESOURCE_BUNDLE_UNAVAILABLE -DXcode -plugin-path /Applications/Xcode_26.6.app/Contents/Developer/Toolchains/XcodeDefault.xctoolchain/usr/lib/swift/host/plugins/testing -enable-experimental-feature DebugDescriptionMacro -sdk /Applications/Xcode_26.6.app/Contents/Developer/Platforms/iPhoneOS.platform/Developer/SDKs/iPhoneOS26.5.sdk -target arm64-apple-ios15.0 -g -module-cache-path /Users/runner/Library/Developer/Xcode/DerivedData/ModuleCache.noindex -Xfrontend -serialize-debugging-options -suppress-warnings -swift-version 5 -I /Users/runner/Library/Developer/Xcode/DerivedData/App-bftnsirjgxxrogcvaqjekecjqrkn/Build/Intermediates.noindex/ArchiveIntermediates/App/BuildProductsPath/Release-iphoneos -Isystem /Applications/Xcode_26.6.app/Contents/Developer/Platforms/iPhoneOS.platform/Developer/usr/lib -F /Users/runner/Library/Developer/Xcode/DerivedData/App-bftnsirjgxxrogcvaqjekecjqrkn/Build/Intermediates.noindex/ArchiveIntermediates/App/BuildProductsPath/Release-iphoneos -F /Applications/Xcode_26.6.app/Contents/Developer/Platforms/iPhoneOS.platform/Developer/Library/Frameworks -F /Applications/Xcode_26.6.app/Contents/Developer/Platforms/iPhoneOS.platform/Developer/SDKs/iPhoneOS26.5.sdk/Developer/Library/Frameworks -c -num-threads 3 -Xcc -ivfsstatcache -Xcc /Users/runner/Library/Developer/Xcode/DerivedData/SDKStatCaches.noindex/iphoneos26.5-23F81a-688ef53f1462e2c8f657fdc38a81448fee66e23052a0157c865c76b268046726.sdkstatcache -output-file-map /Users/runner/Library/Developer/Xcode/DerivedData/App-bftnsirjgxxrogcvaqjekecjqrkn/Build/Intermediates.noindex/ArchiveIntermediates/App/IntermediateBuildFilesPath/CapacitorStatusBar.build/Release-iphoneos/StatusBarPlugin.build/Objects-normal/arm64/StatusBarPlugin-OutputFileMap.json -use-frontend-parseable-output -save-temps -no-color-diagnostics -explicit-module-build -module-cache-path /Users/runner/Library/Developer/Xcode/DerivedData/App-bftnsirjgxxrogcvaqjekecjqrkn/Build/Intermediates.noindex/ArchiveIntermediates/App/IntermediateBuildFilesPath/SwiftExplicitPrecompiledModules -clang-scanner-module-cache-path /Users/runner/Library/Developer/Xcode/DerivedData/ModuleCache.noindex -sdk-module-cache-path /Users/runner/Library/Developer/Xcode/DerivedData/ModuleCache.noindex -serialize-diagnostics -emit-dependencies -emit-module -emit-module-path /Users/runner/Library/Developer/Xcode/DerivedData/App-bftnsirjgxxrogcvaqjekecjqrkn/Build/Intermediates.noindex/ArchiveIntermediates/App/IntermediateBuildFilesPath/CapacitorStatusBar.build/Release-iphoneos/StatusBarPlugin.build/Objects-normal/arm64/StatusBarPlugin.swiftmodule -validate-clang-modules-once -clang-build-session-file /Users/runner/Library/Developer/Xcode/DerivedData/ModuleCache.noindex/Session.modulevalidation -package-name status_bar -Xcc -I/Users/runner/Library/Developer/Xcode/DerivedData/App-bftnsirjgxxrogcvaqjekecjqrkn/Build/Intermediates.noindex/ArchiveIntermediates/App/IntermediateBuildFilesPath/CapacitorStatusBar.build/Release-iphoneos/StatusBarPlugin.build/swift-overrides.hmap -emit-const-values -Xfrontend -const-gather-protocols-file -Xfrontend /Users/runner/Library/Developer/Xcode/DerivedData/App-bftnsirjgxxrogcvaqjekecjqrkn/Build/Intermediates.noindex/ArchiveIntermediates/App/IntermediateBuildFilesPath/CapacitorStatusBar.build/Release-iphoneos/StatusBarPlugin.build/Objects-normal/arm64/StatusBarPlugin_const_extract_protocols.json -Xcc -I/Users/runner/Library/Developer/Xcode/DerivedData/App-bftnsirjgxxrogcvaqjekecjqrkn/Build/Intermediates.noindex/ArchiveIntermediates/App/BuildProductsPath/Release-iphoneos/include -Xcc -I/Users/runner/Library/Developer/Xcode/DerivedData/App-bftnsirjgxxrogcvaqjekecjqrkn/Build/Intermediates.noindex/ArchiveIntermediates/App/IntermediateBuildFilesPath/CapacitorStatusBar.build/Release-iphoneos/StatusBarPlugin.build/DerivedSources-normal/arm64 -Xcc -I/Users/runner/Library/Developer/Xcode/DerivedData/App-bftnsirjgxxrogcvaqjekecjqrkn/Build/Intermediates.noindex/ArchiveIntermediates/App/IntermediateBuildFilesPath/CapacitorStatusBar.build/Release-iphoneos/StatusBarPlugin.build/DerivedSources/arm64 -Xcc -I/Users/runner/Library/Developer/Xcode/DerivedData/App-bftnsirjgxxrogcvaqjekecjqrkn/Build/Intermediates.noindex/ArchiveIntermediates/App/IntermediateBuildFilesPath/CapacitorStatusBar.build/Release-iphoneos/StatusBarPlugin.build/DerivedSources -Xcc -DSWIFT_PACKAGE -emit-objc-header -emit-objc-header-path /Users/runner/Library/Developer/Xcode/DerivedData/App-bftnsirjgxxrogcvaqjekecjqrkn/Build/Intermediates.noindex/ArchiveIntermediates/App/IntermediateBuildFilesPath/CapacitorStatusBar.build/Release-iphoneos/StatusBarPlugin.build/Objects-normal/arm64/StatusBarPlugin-Swift.h -working-directory /Users/runner/work/focusher-app/focusher-app/ios/App/App.xcodeproj -no-emit-module-separately-wmo

SwiftDriver SplashScreenPlugin normal arm64 com.apple.xcode.tools.swift.compiler (in target 'SplashScreenPlugin' from project 'CapacitorSplashScreen')
    cd /Users/runner/work/focusher-app/focusher-app/ios/App/App.xcodeproj
    builtin-SwiftDriver -- /Applications/Xcode_26.6.app/Contents/Developer/Toolchains/XcodeDefault.xctoolchain/usr/bin/swiftc -module-name SplashScreenPlugin -O -whole-module-optimization @/Users/runner/Library/Developer/Xcode/DerivedData/App-bftnsirjgxxrogcvaqjekecjqrkn/Build/Intermediates.noindex/ArchiveIntermediates/App/IntermediateBuildFilesPath/CapacitorSplashScreen.build/Release-iphoneos/SplashScreenPlugin.build/Objects-normal/arm64/SplashScreenPlugin.SwiftFileList -DSWIFT_PACKAGE -DSWIFT_MODULE_RESOURCE_BUNDLE_UNAVAILABLE -DXcode -plugin-path /Applications/Xcode_26.6.app/Contents/Developer/Toolchains/XcodeDefault.xctoolchain/usr/lib/swift/host/plugins/testing -enable-experimental-feature DebugDescriptionMacro -sdk /Applications/Xcode_26.6.app/Contents/Developer/Platforms/iPhoneOS.platform/Developer/SDKs/iPhoneOS26.5.sdk -target arm64-apple-ios15.0 -g -module-cache-path /Users/runner/Library/Developer/Xcode/DerivedData/ModuleCache.noindex -Xfrontend -serialize-debugging-options -suppress-warnings -swift-version 5 -I /Users/runner/Library/Developer/Xcode/DerivedData/App-bftnsirjgxxrogcvaqjekecjqrkn/Build/Intermediates.noindex/ArchiveIntermediates/App/BuildProductsPath/Release-iphoneos -Isystem /Applications/Xcode_26.6.app/Contents/Developer/Platforms/iPhoneOS.platform/Developer/usr/lib -F /Users/runner/Library/Developer/Xcode/DerivedData/App-bftnsirjgxxrogcvaqjekecjqrkn/Build/Intermediates.noindex/ArchiveIntermediates/App/BuildProductsPath/Release-iphoneos -F /Applications/Xcode_26.6.app/Contents/Developer/Platforms/iPhoneOS.platform/Developer/Library/Frameworks -F /Applications/Xcode_26.6.app/Contents/Developer/Platforms/iPhoneOS.platform/Developer/SDKs/iPhoneOS26.5.sdk/Developer/Library/Frameworks -c -num-threads 3 -Xcc -ivfsstatcache -Xcc /Users/runner/Library/Developer/Xcode/DerivedData/SDKStatCaches.noindex/iphoneos26.5-23F81a-688ef53f1462e2c8f657fdc38a81448fee66e23052a0157c865c76b268046726.sdkstatcache -output-file-map /Users/runner/Library/Developer/Xcode/DerivedData/App-bftnsirjgxxrogcvaqjekecjqrkn/Build/Intermediates.noindex/ArchiveIntermediates/App/IntermediateBuildFilesPath/CapacitorSplashScreen.build/Release-iphoneos/SplashScreenPlugin.build/Objects-normal/arm64/SplashScreenPlugin-OutputFileMap.json -use-frontend-parseable-output -save-temps -no-color-diagnostics -explicit-module-build -module-cache-path /Users/runner/Library/Developer/Xcode/DerivedData/App-bftnsirjgxxrogcvaqjekecjqrkn/Build/Intermediates.noindex/ArchiveIntermediates/App/IntermediateBuildFilesPath/SwiftExplicitPrecompiledModules -clang-scanner-module-cache-path /Users/runner/Library/Developer/Xcode/DerivedData/ModuleCache.noindex -sdk-module-cache-path /Users/runner/Library/Developer/Xcode/DerivedData/ModuleCache.noindex -serialize-diagnostics -emit-dependencies -emit-module -emit-module-path /Users/runner/Library/Developer/Xcode/DerivedData/App-bftnsirjgxxrogcvaqjekecjqrkn/Build/Intermediates.noindex/ArchiveIntermediates/App/IntermediateBuildFilesPath/CapacitorSplashScreen.build/Release-iphoneos/SplashScreenPlugin.build/Objects-normal/arm64/SplashScreenPlugin.swiftmodule -validate-clang-modules-once -clang-build-session-file /Users/runner/Library/Developer/Xcode/DerivedData/ModuleCache.noindex/Session.modulevalidation -package-name splash_screen -Xcc -I/Users/runner/Library/Developer/Xcode/DerivedData/App-bftnsirjgxxrogcvaqjekecjqrkn/Build/Intermediates.noindex/ArchiveIntermediates/App/IntermediateBuildFilesPath/CapacitorSplashScreen.build/Release-iphoneos/SplashScreenPlugin.build/swift-overrides.hmap -emit-const-values -Xfrontend -const-gather-protocols-file -Xfrontend /Users/runner/Library/Developer/Xcode/DerivedData/App-bftnsirjgxxrogcvaqjekecjqrkn/Build/Intermediates.noindex/ArchiveIntermediates/App/IntermediateBuildFilesPath/CapacitorSplashScreen.build/Release-iphoneos/SplashScreenPlugin.build/Objects-normal/arm64/SplashScreenPlugin_const_extract_protocols.json -Xcc -I/Users/runner/Library/Developer/Xcode/DerivedData/App-bftnsirjgxxrogcvaqjekecjqrkn/Build/Intermediates.noindex/ArchiveIntermediates/App/BuildProductsPath/Release-iphoneos/include -Xcc -I/Users/runner/Library/Developer/Xcode/DerivedData/App-bftnsirjgxxrogcvaqjekecjqrkn/Build/Intermediates.noindex/ArchiveIntermediates/App/IntermediateBuildFilesPath/CapacitorSplashScreen.build/Release-iphoneos/SplashScreenPlugin.build/DerivedSources-normal/arm64 -Xcc -I/Users/runner/Library/Developer/Xcode/DerivedData/App-bftnsirjgxxrogcvaqjekecjqrkn/Build/Intermediates.noindex/ArchiveIntermediates/App/IntermediateBuildFilesPath/CapacitorSplashScreen.build/Release-iphoneos/SplashScreenPlugin.build/DerivedSources/arm64 -Xcc -I/Users/runner/Library/Developer/Xcode/DerivedData/App-bftnsirjgxxrogcvaqjekecjqrkn/Build/Intermediates.noindex/ArchiveIntermediates/App/IntermediateBuildFilesPath/CapacitorSplashScreen.build/Release-iphoneos/SplashScreenPlugin.build/DerivedSources -Xcc -DSWIFT_PACKAGE -emit-objc-header -emit-objc-header-path /Users/runner/Library/Developer/Xcode/DerivedData/App-bftnsirjgxxrogcvaqjekecjqrkn/Build/Intermediates.noindex/ArchiveIntermediates/App/IntermediateBuildFilesPath/CapacitorSplashScreen.build/Release-iphoneos/SplashScreenPlugin.build/Objects-normal/arm64/SplashScreenPlugin-Swift.h -working-directory /Users/runner/work/focusher-app/focusher-app/ios/App/App.xcodeproj -no-emit-module-separately-wmo

SwiftDriver RevenueCat normal arm64 com.apple.xcode.tools.swift.compiler (in target 'RevenueCat' from project 'RevenueCat')
    cd /Users/runner/work/focusher-app/focusher-app/ios/App/App.xcodeproj
    builtin-SwiftDriver -- /Applications/Xcode_26.6.app/Contents/Developer/Toolchains/XcodeDefault.xctoolchain/usr/bin/swiftc -module-name RevenueCat -O -whole-module-optimization @/Users/runner/Library/Developer/Xcode/DerivedData/App-bftnsirjgxxrogcvaqjekecjqrkn/Build/Intermediates.noindex/ArchiveIntermediates/App/IntermediateBuildFilesPath/RevenueCat.build/Release-iphoneos/RevenueCat.build/Objects-normal/arm64/RevenueCat.SwiftFileList -DSWIFT_PACKAGE -DSWIFT_MODULE_RESOURCE_BUNDLE_AVAILABLE -DXcode -plugin-path /Applications/Xcode_26.6.app/Contents/Developer/Toolchains/XcodeDefault.xctoolchain/usr/lib/swift/host/plugins/testing -enable-experimental-feature DebugDescriptionMacro -sdk /Applications/Xcode_26.6.app/Contents/Developer/Platforms/iPhoneOS.platform/Developer/SDKs/iPhoneOS26.5.sdk -target arm64-apple-ios13.0 -g -module-cache-path /Users/runner/Library/Developer/Xcode/DerivedData/ModuleCache.noindex -Xfrontend -serialize-debugging-options -suppress-warnings -swift-version 5 -I /Users/runner/Library/Developer/Xcode/DerivedData/App-bftnsirjgxxrogcvaqjekecjqrkn/Build/Intermediates.noindex/ArchiveIntermediates/App/BuildProductsPath/Release-iphoneos -Isystem /Applications/Xcode_26.6.app/Contents/Developer/Platforms/iPhoneOS.platform/Developer/usr/lib -F /Users/runner/Library/Developer/Xcode/DerivedData/App-bftnsirjgxxrogcvaqjekecjqrkn/Build/Intermediates.noindex/ArchiveIntermediates/App/BuildProductsPath/Release-iphoneos -F /Applications/Xcode_26.6.app/Contents/Developer/Platforms/iPhoneOS.platform/Developer/Library/Frameworks -F /Applications/Xcode_26.6.app/Contents/Developer/Platforms/iPhoneOS.platform/Developer/SDKs/iPhoneOS26.5.sdk/Developer/Library/Frameworks -emit-localized-strings -emit-localized-strings-path /Users/runner/Library/Developer/Xcode/DerivedData/App-bftnsirjgxxrogcvaqjekecjqrkn/Build/Intermediates.noindex/ArchiveIntermediates/App/IntermediateBuildFilesPath/RevenueCat.build/Release-iphoneos/RevenueCat.build/Objects-normal/arm64 -c -num-threads 3 -Xcc -ivfsstatcache -Xcc /Users/runner/Library/Developer/Xcode/DerivedData/SDKStatCaches.noindex/iphoneos26.5-23F81a-688ef53f1462e2c8f657fdc38a81448fee66e23052a0157c865c76b268046726.sdkstatcache -output-file-map /Users/runner/Library/Developer/Xcode/DerivedData/App-bftnsirjgxxrogcvaqjekecjqrkn/Build/Intermediates.noindex/ArchiveIntermediates/App/IntermediateBuildFilesPath/RevenueCat.build/Release-iphoneos/RevenueCat.build/Objects-normal/arm64/RevenueCat-OutputFileMap.json -use-frontend-parseable-output -save-temps -no-color-diagnostics -explicit-module-build -module-cache-path /Users/runner/Library/Developer/Xcode/DerivedData/App-bftnsirjgxxrogcvaqjekecjqrkn/Build/Intermediates.noindex/ArchiveIntermediates/App/IntermediateBuildFilesPath/SwiftExplicitPrecompiledModules -clang-scanner-module-cache-path /Users/runner/Library/Developer/Xcode/DerivedData/ModuleCache.noindex -sdk-module-cache-path /Users/runner/Library/Developer/Xcode/DerivedData/ModuleCache.noindex -serialize-diagnostics -emit-dependencies -emit-module -emit-module-path /Users/runner/Library/Developer/Xcode/DerivedData/App-bftnsirjgxxrogcvaqjekecjqrkn/Build/Intermediates.noindex/ArchiveIntermediates/App/IntermediateBuildFilesPath/RevenueCat.build/Release-iphoneos/RevenueCat.build/Objects-normal/arm64/RevenueCat.swiftmodule -validate-clang-modules-once -clang-build-session-file /Users/runner/Library/Developer/Xcode/DerivedData/ModuleCache.noindex/Session.modulevalidation -package-name purchases_ios_spm -Xcc -I/Users/runner/Library/Developer/Xcode/DerivedData/App-bftnsirjgxxrogcvaqjekecjqrkn/Build/Intermediates.noindex/ArchiveIntermediates/App/IntermediateBuildFilesPath/RevenueCat.build/Release-iphoneos/RevenueCat.build/swift-overrides.hmap -emit-const-values -Xfrontend -const-gather-protocols-file -Xfrontend /Users/runner/Library/Developer/Xcode/DerivedData/App-bftnsirjgxxrogcvaqjekecjqrkn/Build/Intermediates.noindex/ArchiveIntermediates/App/IntermediateBuildFilesPath/RevenueCat.build/Release-iphoneos/RevenueCat.build/Objects-normal/arm64/RevenueCat_const_extract_protocols.json -Xcc -I/Users/runner/Library/Developer/Xcode/DerivedData/App-bftnsirjgxxrogcvaqjekecjqrkn/Build/Intermediates.noindex/ArchiveIntermediates/App/BuildProductsPath/Release-iphoneos/include -Xcc -I/Users/runner/Library/Developer/Xcode/DerivedData/App-bftnsirjgxxrogcvaqjekecjqrkn/Build/Intermediates.noindex/ArchiveIntermediates/App/IntermediateBuildFilesPath/RevenueCat.build/Release-iphoneos/RevenueCat.build/DerivedSources-normal/arm64 -Xcc -I/Users/runner/Library/Developer/Xcode/DerivedData/App-bftnsirjgxxrogcvaqjekecjqrkn/Build/Intermediates.noindex/ArchiveIntermediates/App/IntermediateBuildFilesPath/RevenueCat.build/Release-iphoneos/RevenueCat.build/DerivedSources/arm64 -Xcc -I/Users/runner/Library/Developer/Xcode/DerivedData/App-bftnsirjgxxrogcvaqjekecjqrkn/Build/Intermediates.noindex/ArchiveIntermediates/App/IntermediateBuildFilesPath/RevenueCat.build/Release-iphoneos/RevenueCat.build/DerivedSources -Xcc -DSWIFT_PACKAGE -emit-objc-header -emit-objc-header-path /Users/runner/Library/Developer/Xcode/DerivedData/App-bftnsirjgxxrogcvaqjekecjqrkn/Build/Intermediates.noindex/ArchiveIntermediates/App/IntermediateBuildFilesPath/RevenueCat.build/Release-iphoneos/RevenueCat.build/Objects-normal/arm64/RevenueCat-Swift.h -working-directory /Users/runner/work/focusher-app/focusher-app/ios/App/App.xcodeproj -no-emit-module-separately-wmo

SwiftDriver LocalNotificationsPlugin normal arm64 com.apple.xcode.tools.swift.compiler (in target 'LocalNotificationsPlugin' from project 'CapacitorLocalNotifications')
    cd /Users/runner/work/focusher-app/focusher-app/ios/App/App.xcodeproj
    builtin-SwiftDriver -- /Applications/Xcode_26.6.app/Contents/Developer/Toolchains/XcodeDefault.xctoolchain/usr/bin/swiftc -module-name LocalNotificationsPlugin -O -whole-module-optimization @/Users/runner/Library/Developer/Xcode/DerivedData/App-bftnsirjgxxrogcvaqjekecjqrkn/Build/Intermediates.noindex/ArchiveIntermediates/App/IntermediateBuildFilesPath/CapacitorLocalNotifications.build/Release-iphoneos/LocalNotificationsPlugin.build/Objects-normal/arm64/LocalNotificationsPlugin.SwiftFileList -DSWIFT_PACKAGE -DSWIFT_MODULE_RESOURCE_BUNDLE_UNAVAILABLE -DXcode -plugin-path /Applications/Xcode_26.6.app/Contents/Developer/Toolchains/XcodeDefault.xctoolchain/usr/lib/swift/host/plugins/testing -enable-experimental-feature DebugDescriptionMacro -sdk /Applications/Xcode_26.6.app/Contents/Developer/Platforms/iPhoneOS.platform/Developer/SDKs/iPhoneOS26.5.sdk -target arm64-apple-ios15.0 -g -module-cache-path /Users/runner/Library/Developer/Xcode/DerivedData/ModuleCache.noindex -Xfrontend -serialize-debugging-options -suppress-warnings -swift-version 5 -I /Users/runner/Library/Developer/Xcode/DerivedData/App-bftnsirjgxxrogcvaqjekecjqrkn/Build/Intermediates.noindex/ArchiveIntermediates/App/BuildProductsPath/Release-iphoneos -Isystem /Applications/Xcode_26.6.app/Contents/Developer/Platforms/iPhoneOS.platform/Developer/usr/lib -F /Users/runner/Library/Developer/Xcode/DerivedData/App-bftnsirjgxxrogcvaqjekecjqrkn/Build/Intermediates.noindex/ArchiveIntermediates/App/BuildProductsPath/Release-iphoneos -F /Applications/Xcode_26.6.app/Contents/Developer/Platforms/iPhoneOS.platform/Developer/Library/Frameworks -F /Applications/Xcode_26.6.app/Contents/Developer/Platforms/iPhoneOS.platform/Developer/SDKs/iPhoneOS26.5.sdk/Developer/Library/Frameworks -c -num-threads 3 -Xcc -ivfsstatcache -Xcc /Users/runner/Library/Developer/Xcode/DerivedData/SDKStatCaches.noindex/iphoneos26.5-23F81a-688ef53f1462e2c8f657fdc38a81448fee66e23052a0157c865c76b268046726.sdkstatcache -output-file-map /Users/runner/Library/Developer/Xcode/DerivedData/App-bftnsirjgxxrogcvaqjekecjqrkn/Build/Intermediates.noindex/ArchiveIntermediates/App/IntermediateBuildFilesPath/CapacitorLocalNotifications.build/Release-iphoneos/LocalNotificationsPlugin.build/Objects-normal/arm64/LocalNotificationsPlugin-OutputFileMap.json -use-frontend-parseable-output -save-temps -no-color-diagnostics -explicit-module-build -module-cache-path /Users/runner/Library/Developer/Xcode/DerivedData/App-bftnsirjgxxrogcvaqjekecjqrkn/Build/Intermediates.noindex/ArchiveIntermediates/App/IntermediateBuildFilesPath/SwiftExplicitPrecompiledModules -clang-scanner-module-cache-path /Users/runner/Library/Developer/Xcode/DerivedData/ModuleCache.noindex -sdk-module-cache-path /Users/runner/Library/Developer/Xcode/DerivedData/ModuleCache.noindex -serialize-diagnostics -emit-dependencies -emit-module -emit-module-path /Users/runner/Library/Developer/Xcode/DerivedData/App-bftnsirjgxxrogcvaqjekecjqrkn/Build/Intermediates.noindex/ArchiveIntermediates/App/IntermediateBuildFilesPath/CapacitorLocalNotifications.build/Release-iphoneos/LocalNotificationsPlugin.build/Objects-normal/arm64/LocalNotificationsPlugin.swiftmodule -validate-clang-modules-once -clang-build-session-file /Users/runner/Library/Developer/Xcode/DerivedData/ModuleCache.noindex/Session.modulevalidation -package-name local_notifications -Xcc -I/Users/runner/Library/Developer/Xcode/DerivedData/App-bftnsirjgxxrogcvaqjekecjqrkn/Build/Intermediates.noindex/ArchiveIntermediates/App/IntermediateBuildFilesPath/CapacitorLocalNotifications.build/Release-iphoneos/LocalNotificationsPlugin.build/swift-overrides.hmap -emit-const-values -Xfrontend -const-gather-protocols-file -Xfrontend /Users/runner/Library/Developer/Xcode/DerivedData/App-bftnsirjgxxrogcvaqjekecjqrkn/Build/Intermediates.noindex/ArchiveIntermediates/App/IntermediateBuildFilesPath/CapacitorLocalNotifications.build/Release-iphoneos/LocalNotificationsPlugin.build/Objects-normal/arm64/LocalNotificationsPlugin_const_extract_protocols.json -Xcc -I/Users/runner/Library/Developer/Xcode/DerivedData/App-bftnsirjgxxrogcvaqjekecjqrkn/Build/Intermediates.noindex/ArchiveIntermediates/App/BuildProductsPath/Release-iphoneos/include -Xcc -I/Users/runner/Library/Developer/Xcode/DerivedData/App-bftnsirjgxxrogcvaqjekecjqrkn/Build/Intermediates.noindex/ArchiveIntermediates/App/IntermediateBuildFilesPath/CapacitorLocalNotifications.build/Release-iphoneos/LocalNotificationsPlugin.build/DerivedSources-normal/arm64 -Xcc -I/Users/runner/Library/Developer/Xcode/DerivedData/App-bftnsirjgxxrogcvaqjekecjqrkn/Build/Intermediates.noindex/ArchiveIntermediates/App/IntermediateBuildFilesPath/CapacitorLocalNotifications.build/Release-iphoneos/LocalNotificationsPlugin.build/DerivedSources/arm64 -Xcc -I/Users/runner/Library/Developer/Xcode/DerivedData/App-bftnsirjgxxrogcvaqjekecjqrkn/Build/Intermediates.noindex/ArchiveIntermediates/App/IntermediateBuildFilesPath/CapacitorLocalNotifications.build/Release-iphoneos/LocalNotificationsPlugin.build/DerivedSources -Xcc -DSWIFT_PACKAGE -emit-objc-header -emit-objc-header-path /Users/runner/Library/Developer/Xcode/DerivedData/App-bftnsirjgxxrogcvaqjekecjqrkn/Build/Intermediates.noindex/ArchiveIntermediates/App/IntermediateBuildFilesPath/CapacitorLocalNotifications.build/Release-iphoneos/LocalNotificationsPlugin.build/Objects-normal/arm64/LocalNotificationsPlugin-Swift.h -working-directory /Users/runner/work/focusher-app/focusher-app/ios/App/App.xcodeproj -no-emit-module-separately-wmo

SwiftDriver AppPlugin normal arm64 com.apple.xcode.tools.swift.compiler (in target 'AppPlugin' from project 'CapacitorApp')
    cd /Users/runner/work/focusher-app/focusher-app/ios/App/App.xcodeproj
    builtin-SwiftDriver -- /Applications/Xcode_26.6.app/Contents/Developer/Toolchains/XcodeDefault.xctoolchain/usr/bin/swiftc -module-name AppPlugin -O -whole-module-optimization @/Users/runner/Library/Developer/Xcode/DerivedData/App-bftnsirjgxxrogcvaqjekecjqrkn/Build/Intermediates.noindex/ArchiveIntermediates/App/IntermediateBuildFilesPath/CapacitorApp.build/Release-iphoneos/AppPlugin.build/Objects-normal/arm64/AppPlugin.SwiftFileList -DSWIFT_PACKAGE -DSWIFT_MODULE_RESOURCE_BUNDLE_UNAVAILABLE -DXcode -plugin-path /Applications/Xcode_26.6.app/Contents/Developer/Toolchains/XcodeDefault.xctoolchain/usr/lib/swift/host/plugins/testing -enable-experimental-feature DebugDescriptionMacro -sdk /Applications/Xcode_26.6.app/Contents/Developer/Platforms/iPhoneOS.platform/Developer/SDKs/iPhoneOS26.5.sdk -target arm64-apple-ios15.0 -g -module-cache-path /Users/runner/Library/Developer/Xcode/DerivedData/ModuleCache.noindex -Xfrontend -serialize-debugging-options -suppress-warnings -swift-version 5 -I /Users/runner/Library/Developer/Xcode/DerivedData/App-bftnsirjgxxrogcvaqjekecjqrkn/Build/Intermediates.noindex/ArchiveIntermediates/App/BuildProductsPath/Release-iphoneos -Isystem /Applications/Xcode_26.6.app/Contents/Developer/Platforms/iPhoneOS.platform/Developer/usr/lib -F /Users/runner/Library/Developer/Xcode/DerivedData/App-bftnsirjgxxrogcvaqjekecjqrkn/Build/Intermediates.noindex/ArchiveIntermediates/App/BuildProductsPath/Release-iphoneos -F /Applications/Xcode_26.6.app/Contents/Developer/Platforms/iPhoneOS.platform/Developer/Library/Frameworks -F /Applications/Xcode_26.6.app/Contents/Developer/Platforms/iPhoneOS.platform/Developer/SDKs/iPhoneOS26.5.sdk/Developer/Library/Frameworks -parse-as-library -c -num-threads 3 -Xcc -ivfsstatcache -Xcc /Users/runner/Library/Developer/Xcode/DerivedData/SDKStatCaches.noindex/iphoneos26.5-23F81a-688ef53f1462e2c8f657fdc38a81448fee66e23052a0157c865c76b268046726.sdkstatcache -output-file-map /Users/runner/Library/Developer/Xcode/DerivedData/App-bftnsirjgxxrogcvaqjekecjqrkn/Build/Intermediates.noindex/ArchiveIntermediates/App/IntermediateBuildFilesPath/CapacitorApp.build/Release-iphoneos/AppPlugin.build/Objects-normal/arm64/AppPlugin-OutputFileMap.json -use-frontend-parseable-output -save-temps -no-color-diagnostics -explicit-module-build -module-cache-path /Users/runner/Library/Developer/Xcode/DerivedData/App-bftnsirjgxxrogcvaqjekecjqrkn/Build/Intermediates.noindex/ArchiveIntermediates/App/IntermediateBuildFilesPath/SwiftExplicitPrecompiledModules -clang-scanner-module-cache-path /Users/runner/Library/Developer/Xcode/DerivedData/ModuleCache.noindex -sdk-module-cache-path /Users/runner/Library/Developer/Xcode/DerivedData/ModuleCache.noindex -serialize-diagnostics -emit-dependencies -emit-module -emit-module-path /Users/runner/Library/Developer/Xcode/DerivedData/App-bftnsirjgxxrogcvaqjekecjqrkn/Build/Intermediates.noindex/ArchiveIntermediates/App/IntermediateBuildFilesPath/CapacitorApp.build/Release-iphoneos/AppPlugin.build/Objects-normal/arm64/AppPlugin.swiftmodule -validate-clang-modules-once -clang-build-session-file /Users/runner/Library/Developer/Xcode/DerivedData/ModuleCache.noindex/Session.modulevalidation -package-name app -Xcc -I/Users/runner/Library/Developer/Xcode/DerivedData/App-bftnsirjgxxrogcvaqjekecjqrkn/Build/Intermediates.noindex/ArchiveIntermediates/App/IntermediateBuildFilesPath/CapacitorApp.build/Release-iphoneos/AppPlugin.build/swift-overrides.hmap -emit-const-values -Xfrontend -const-gather-protocols-file -Xfrontend /Users/runner/Library/Developer/Xcode/DerivedData/App-bftnsirjgxxrogcvaqjekecjqrkn/Build/Intermediates.noindex/ArchiveIntermediates/App/IntermediateBuildFilesPath/CapacitorApp.build/Release-iphoneos/AppPlugin.build/Objects-normal/arm64/AppPlugin_const_extract_protocols.json -Xcc -I/Users/runner/Library/Developer/Xcode/DerivedData/App-bftnsirjgxxrogcvaqjekecjqrkn/Build/Intermediates.noindex/ArchiveIntermediates/App/BuildProductsPath/Release-iphoneos/include -Xcc -I/Users/runner/Library/Developer/Xcode/DerivedData/App-bftnsirjgxxrogcvaqjekecjqrkn/Build/Intermediates.noindex/ArchiveIntermediates/App/IntermediateBuildFilesPath/CapacitorApp.build/Release-iphoneos/AppPlugin.build/DerivedSources-normal/arm64 -Xcc -I/Users/runner/Library/Developer/Xcode/DerivedData/App-bftnsirjgxxrogcvaqjekecjqrkn/Build/Intermediates.noindex/ArchiveIntermediates/App/IntermediateBuildFilesPath/CapacitorApp.build/Release-iphoneos/AppPlugin.build/DerivedSources/arm64 -Xcc -I/Users/runner/Library/Developer/Xcode/DerivedData/App-bftnsirjgxxrogcvaqjekecjqrkn/Build/Intermediates.noindex/ArchiveIntermediates/App/IntermediateBuildFilesPath/CapacitorApp.build/Release-iphoneos/AppPlugin.build/DerivedSources -Xcc -DSWIFT_PACKAGE -emit-objc-header -emit-objc-header-path /Users/runner/Library/Developer/Xcode/DerivedData/App-bftnsirjgxxrogcvaqjekecjqrkn/Build/Intermediates.noindex/ArchiveIntermediates/App/IntermediateBuildFilesPath/CapacitorApp.build/Release-iphoneos/AppPlugin.build/Objects-normal/arm64/AppPlugin-Swift.h -working-directory /Users/runner/work/focusher-app/focusher-app/ios/App/App.xcodeproj -no-emit-module-separately-wmo

SwiftExplicitDependencyGeneratePcm arm64 /Users/runner/Library/Developer/Xcode/DerivedData/ModuleCache.noindex/ptrcheck-CPFBHC98T0YO5BMJL4XPQ5DVJ.pcm

SwiftExplicitDependencyGeneratePcm arm64 /Users/runner/Library/Developer/Xcode/DerivedData/ModuleCache.noindex/DeveloperToolsSupport-8NJPN9L3GNG0ZV6Z3A51ZLRAU.pcm

SwiftExplicitDependencyGeneratePcm arm64 /Users/runner/Library/Developer/Xcode/DerivedData/ModuleCache.noindex/_Builtin_stdbool-77FQHXEDHJJ5LR78OJZFL3ESV.pcm

SwiftExplicitDependencyGeneratePcm arm64 /Users/runner/Library/Developer/Xcode/DerivedData/ModuleCache.noindex/SwiftShims-726JJO2L9PNSQ7U4XETGG7EE9.pcm

SwiftExplicitDependencyGeneratePcm arm64 /Users/runner/Library/Developer/Xcode/DerivedData/ModuleCache.noindex/_AvailabilityInternal-6LVX40WLXKF2N0RR7RLLLI88G.pcm

SwiftExplicitDependencyGeneratePcm arm64 /Users/runner/Library/Developer/Xcode/DerivedData/ModuleCache.noindex/_Builtin_stdarg-4LSG676VX6ZX2XHZ6XO9V8K9F.pcm

SwiftExplicitDependencyGeneratePcm arm64 /Users/runner/Library/Developer/Xcode/DerivedData/ModuleCache.noindex/_Builtin_float-C2XYXATN22CCJKOBJXFM515SB.pcm

SwiftExplicitDependencyGeneratePcm arm64 /Users/runner/Library/Developer/Xcode/DerivedData/ModuleCache.noindex/_Builtin_stddef-EZS4ZNRM8Q2C78X23DUBCD7YH.pcm

SwiftExplicitDependencyGeneratePcm arm64 /Users/runner/Library/Developer/Xcode/DerivedData/ModuleCache.noindex/_DarwinFoundation1-D0HH3AJXTD7OKMTUR2FXWNRVQ.pcm

SwiftExplicitDependencyGeneratePcm arm64 /Users/runner/Library/Developer/Xcode/DerivedData/ModuleCache.noindex/_StoreKit_SwiftUI-AHSGRRGYPRADHSMQY01YCI7OM.pcm

SwiftExplicitDependencyGeneratePcm arm64 /Users/runner/Library/Developer/Xcode/DerivedData/ModuleCache.noindex/_SwiftConcurrencyShims-72MI7WHN08305D73FERVYXX8Q.pcm

SwiftExplicitDependencyGeneratePcm arm64 /Users/runner/Library/Developer/Xcode/DerivedData/ModuleCache.noindex/ptrauth-E1M8RH4XGX41AS9L3T48B2VC8.pcm

SwiftDriver\ Compilation StatusBarPlugin normal arm64 com.apple.xcode.tools.swift.compiler (in target 'StatusBarPlugin' from project 'CapacitorStatusBar')
    cd /Users/runner/work/focusher-app/focusher-app/ios/App/App.xcodeproj
    builtin-Swift-Compilation -- /Applications/Xcode_26.6.app/Contents/Developer/Toolchains/XcodeDefault.xctoolchain/usr/bin/swiftc -module-name StatusBarPlugin -O -whole-module-optimization @/Users/runner/Library/Developer/Xcode/DerivedData/App-bftnsirjgxxrogcvaqjekecjqrkn/Build/Intermediates.noindex/ArchiveIntermediates/App/IntermediateBuildFilesPath/CapacitorStatusBar.build/Release-iphoneos/StatusBarPlugin.build/Objects-normal/arm64/StatusBarPlugin.SwiftFileList -DSWIFT_PACKAGE -DSWIFT_MODULE_RESOURCE_BUNDLE_UNAVAILABLE -DXcode -plugin-path /Applications/Xcode_26.6.app/Contents/Developer/Toolchains/XcodeDefault.xctoolchain/usr/lib/swift/host/plugins/testing -enable-experimental-feature DebugDescriptionMacro -sdk /Applications/Xcode_26.6.app/Contents/Developer/Platforms/iPhoneOS.platform/Developer/SDKs/iPhoneOS26.5.sdk -target arm64-apple-ios15.0 -g -module-cache-path /Users/runner/Library/Developer/Xcode/DerivedData/ModuleCache.noindex -Xfrontend -serialize-debugging-options -suppress-warnings -swift-version 5 -I /Users/runner/Library/Developer/Xcode/DerivedData/App-bftnsirjgxxrogcvaqjekecjqrkn/Build/Intermediates.noindex/ArchiveIntermediates/App/BuildProductsPath/Release-iphoneos -Isystem /Applications/Xcode_26.6.app/Contents/Developer/Platforms/iPhoneOS.platform/Developer/usr/lib -F /Users/runner/Library/Developer/Xcode/DerivedData/App-bftnsirjgxxrogcvaqjekecjqrkn/Build/Intermediates.noindex/ArchiveIntermediates/App/BuildProductsPath/Release-iphoneos -F /Applications/Xcode_26.6.app/Contents/Developer/Platforms/iPhoneOS.platform/Developer/Library/Frameworks -F /Applications/Xcode_26.6.app/Contents/Developer/Platforms/iPhoneOS.platform/Developer/SDKs/iPhoneOS26.5.sdk/Developer/Library/Frameworks -c -num-threads 3 -Xcc -ivfsstatcache -Xcc /Users/runner/Library/Developer/Xcode/DerivedData/SDKStatCaches.noindex/iphoneos26.5-23F81a-688ef53f1462e2c8f657fdc38a81448fee66e23052a0157c865c76b268046726.sdkstatcache -output-file-map /Users/runner/Library/Developer/Xcode/DerivedData/App-bftnsirjgxxrogcvaqjekecjqrkn/Build/Intermediates.noindex/ArchiveIntermediates/App/IntermediateBuildFilesPath/CapacitorStatusBar.build/Release-iphoneos/StatusBarPlugin.build/Objects-normal/arm64/StatusBarPlugin-OutputFileMap.json -use-frontend-parseable-output -save-temps -no-color-diagnostics -explicit-module-build -module-cache-path /Users/runner/Library/Developer/Xcode/DerivedData/App-bftnsirjgxxrogcvaqjekecjqrkn/Build/Intermediates.noindex/ArchiveIntermediates/App/IntermediateBuildFilesPath/SwiftExplicitPrecompiledModules -clang-scanner-module-cache-path /Users/runner/Library/Developer/Xcode/DerivedData/ModuleCache.noindex -sdk-module-cache-path /Users/runner/Library/Developer/Xcode/DerivedData/ModuleCache.noindex -serialize-diagnostics -emit-dependencies -emit-module -emit-module-path /Users/runner/Library/Developer/Xcode/DerivedData/App-bftnsirjgxxrogcvaqjekecjqrkn/Build/Intermediates.noindex/ArchiveIntermediates/App/IntermediateBuildFilesPath/CapacitorStatusBar.build/Release-iphoneos/StatusBarPlugin.build/Objects-normal/arm64/StatusBarPlugin.swiftmodule -validate-clang-modules-once -clang-build-session-file /Users/runner/Library/Developer/Xcode/DerivedData/ModuleCache.noindex/Session.modulevalidation -package-name status_bar -Xcc -I/Users/runner/Library/Developer/Xcode/DerivedData/App-bftnsirjgxxrogcvaqjekecjqrkn/Build/Intermediates.noindex/ArchiveIntermediates/App/IntermediateBuildFilesPath/CapacitorStatusBar.build/Release-iphoneos/StatusBarPlugin.build/swift-overrides.hmap -emit-const-values -Xfrontend -const-gather-protocols-file -Xfrontend /Users/runner/Library/Developer/Xcode/DerivedData/App-bftnsirjgxxrogcvaqjekecjqrkn/Build/Intermediates.noindex/ArchiveIntermediates/App/IntermediateBuildFilesPath/CapacitorStatusBar.build/Release-iphoneos/StatusBarPlugin.build/Objects-normal/arm64/StatusBarPlugin_const_extract_protocols.json -Xcc -I/Users/runner/Library/Developer/Xcode/DerivedData/App-bftnsirjgxxrogcvaqjekecjqrkn/Build/Intermediates.noindex/ArchiveIntermediates/App/BuildProductsPath/Release-iphoneos/include -Xcc -I/Users/runner/Library/Developer/Xcode/DerivedData/App-bftnsirjgxxrogcvaqjekecjqrkn/Build/Intermediates.noindex/ArchiveIntermediates/App/IntermediateBuildFilesPath/CapacitorStatusBar.build/Release-iphoneos/StatusBarPlugin.build/DerivedSources-normal/arm64 -Xcc -I/Users/runner/Library/Developer/Xcode/DerivedData/App-bftnsirjgxxrogcvaqjekecjqrkn/Build/Intermediates.noindex/ArchiveIntermediates/App/IntermediateBuildFilesPath/CapacitorStatusBar.build/Release-iphoneos/StatusBarPlugin.build/DerivedSources/arm64 -Xcc -I/Users/runner/Library/Developer/Xcode/DerivedData/App-bftnsirjgxxrogcvaqjekecjqrkn/Build/Intermediates.noindex/ArchiveIntermediates/App/IntermediateBuildFilesPath/CapacitorStatusBar.build/Release-iphoneos/StatusBarPlugin.build/DerivedSources -Xcc -DSWIFT_PACKAGE -emit-objc-header -emit-objc-header-path /Users/runner/Library/Developer/Xcode/DerivedData/App-bftnsirjgxxrogcvaqjekecjqrkn/Build/Intermediates.noindex/ArchiveIntermediates/App/IntermediateBuildFilesPath/CapacitorStatusBar.build/Release-iphoneos/StatusBarPlugin.build/Objects-normal/arm64/StatusBarPlugin-Swift.h -working-directory /Users/runner/work/focusher-app/focusher-app/ios/App/App.xcodeproj -no-emit-module-separately-wmo

SwiftDriver\ Compilation SplashScreenPlugin normal arm64 com.apple.xcode.tools.swift.compiler (in target 'SplashScreenPlugin' from project 'CapacitorSplashScreen')
    cd /Users/runner/work/focusher-app/focusher-app/ios/App/App.xcodeproj
    builtin-Swift-Compilation -- /Applications/Xcode_26.6.app/Contents/Developer/Toolchains/XcodeDefault.xctoolchain/usr/bin/swiftc -module-name SplashScreenPlugin -O -whole-module-optimization @/Users/runner/Library/Developer/Xcode/DerivedData/App-bftnsirjgxxrogcvaqjekecjqrkn/Build/Intermediates.noindex/ArchiveIntermediates/App/IntermediateBuildFilesPath/CapacitorSplashScreen.build/Release-iphoneos/SplashScreenPlugin.build/Objects-normal/arm64/SplashScreenPlugin.SwiftFileList -DSWIFT_PACKAGE -DSWIFT_MODULE_RESOURCE_BUNDLE_UNAVAILABLE -DXcode -plugin-path /Applications/Xcode_26.6.app/Contents/Developer/Toolchains/XcodeDefault.xctoolchain/usr/lib/swift/host/plugins/testing -enable-experimental-feature DebugDescriptionMacro -sdk /Applications/Xcode_26.6.app/Contents/Developer/Platforms/iPhoneOS.platform/Developer/SDKs/iPhoneOS26.5.sdk -target arm64-apple-ios15.0 -g -module-cache-path /Users/runner/Library/Developer/Xcode/DerivedData/ModuleCache.noindex -Xfrontend -serialize-debugging-options -suppress-warnings -swift-version 5 -I /Users/runner/Library/Developer/Xcode/DerivedData/App-bftnsirjgxxrogcvaqjekecjqrkn/Build/Intermediates.noindex/ArchiveIntermediates/App/BuildProductsPath/Release-iphoneos -Isystem /Applications/Xcode_26.6.app/Contents/Developer/Platforms/iPhoneOS.platform/Developer/usr/lib -F /Users/runner/Library/Developer/Xcode/DerivedData/App-bftnsirjgxxrogcvaqjekecjqrkn/Build/Intermediates.noindex/ArchiveIntermediates/App/BuildProductsPath/Release-iphoneos -F /Applications/Xcode_26.6.app/Contents/Developer/Platforms/iPhoneOS.platform/Developer/Library/Frameworks -F /Applications/Xcode_26.6.app/Contents/Developer/Platforms/iPhoneOS.platform/Developer/SDKs/iPhoneOS26.5.sdk/Developer/Library/Frameworks -c -num-threads 3 -Xcc -ivfsstatcache -Xcc /Users/runner/Library/Developer/Xcode/DerivedData/SDKStatCaches.noindex/iphoneos26.5-23F81a-688ef53f1462e2c8f657fdc38a81448fee66e23052a0157c865c76b268046726.sdkstatcache -output-file-map /Users/runner/Library/Developer/Xcode/DerivedData/App-bftnsirjgxxrogcvaqjekecjqrkn/Build/Intermediates.noindex/ArchiveIntermediates/App/IntermediateBuildFilesPath/CapacitorSplashScreen.build/Release-iphoneos/SplashScreenPlugin.build/Objects-normal/arm64/SplashScreenPlugin-OutputFileMap.json -use-frontend-parseable-output -save-temps -no-color-diagnostics -explicit-module-build -module-cache-path /Users/runner/Library/Developer/Xcode/DerivedData/App-bftnsirjgxxrogcvaqjekecjqrkn/Build/Intermediates.noindex/ArchiveIntermediates/App/IntermediateBuildFilesPath/SwiftExplicitPrecompiledModules -clang-scanner-module-cache-path /Users/runner/Library/Developer/Xcode/DerivedData/ModuleCache.noindex -sdk-module-cache-path /Users/runner/Library/Developer/Xcode/DerivedData/ModuleCache.noindex -serialize-diagnostics -emit-dependencies -emit-module -emit-module-path /Users/runner/Library/Developer/Xcode/DerivedData/App-bftnsirjgxxrogcvaqjekecjqrkn/Build/Intermediates.noindex/ArchiveIntermediates/App/IntermediateBuildFilesPath/CapacitorSplashScreen.build/Release-iphoneos/SplashScreenPlugin.build/Objects-normal/arm64/SplashScreenPlugin.swiftmodule -validate-clang-modules-once -clang-build-session-file /Users/runner/Library/Developer/Xcode/DerivedData/ModuleCache.noindex/Session.modulevalidation -package-name splash_screen -Xcc -I/Users/runner/Library/Developer/Xcode/DerivedData/App-bftnsirjgxxrogcvaqjekecjqrkn/Build/Intermediates.noindex/ArchiveIntermediates/App/IntermediateBuildFilesPath/CapacitorSplashScreen.build/Release-iphoneos/SplashScreenPlugin.build/swift-overrides.hmap -emit-const-values -Xfrontend -const-gather-protocols-file -Xfrontend /Users/runner/Library/Developer/Xcode/DerivedData/App-bftnsirjgxxrogcvaqjekecjqrkn/Build/Intermediates.noindex/ArchiveIntermediates/App/IntermediateBuildFilesPath/CapacitorSplashScreen.build/Release-iphoneos/SplashScreenPlugin.build/Objects-normal/arm64/SplashScreenPlugin_const_extract_protocols.json -Xcc -I/Users/runner/Library/Developer/Xcode/DerivedData/App-bftnsirjgxxrogcvaqjekecjqrkn/Build/Intermediates.noindex/ArchiveIntermediates/App/BuildProductsPath/Release-iphoneos/include -Xcc -I/Users/runner/Library/Developer/Xcode/DerivedData/App-bftnsirjgxxrogcvaqjekecjqrkn/Build/Intermediates.noindex/ArchiveIntermediates/App/IntermediateBuildFilesPath/CapacitorSplashScreen.build/Release-iphoneos/SplashScreenPlugin.build/DerivedSources-normal/arm64 -Xcc -I/Users/runner/Library/Developer/Xcode/DerivedData/App-bftnsirjgxxrogcvaqjekecjqrkn/Build/Intermediates.noindex/ArchiveIntermediates/App/IntermediateBuildFilesPath/CapacitorSplashScreen.build/Release-iphoneos/SplashScreenPlugin.build/DerivedSources/arm64 -Xcc -I/Users/runner/Library/Developer/Xcode/DerivedData/App-bftnsirjgxxrogcvaqjekecjqrkn/Build/Intermediates.noindex/ArchiveIntermediates/App/IntermediateBuildFilesPath/CapacitorSplashScreen.build/Release-iphoneos/SplashScreenPlugin.build/DerivedSources -Xcc -DSWIFT_PACKAGE -emit-objc-header -emit-objc-header-path /Users/runner/Library/Developer/Xcode/DerivedData/App-bftnsirjgxxrogcvaqjekecjqrkn/Build/Intermediates.noindex/ArchiveIntermediates/App/IntermediateBuildFilesPath/CapacitorSplashScreen.build/Release-iphoneos/SplashScreenPlugin.build/Objects-normal/arm64/SplashScreenPlugin-Swift.h -working-directory /Users/runner/work/focusher-app/focusher-app/ios/App/App.xcodeproj -no-emit-module-separately-wmo

SwiftDriver\ Compilation RevenueCat normal arm64 com.apple.xcode.tools.swift.compiler (in target 'RevenueCat' from project 'RevenueCat')
    cd /Users/runner/work/focusher-app/focusher-app/ios/App/App.xcodeproj
    builtin-Swift-Compilation -- /Applications/Xcode_26.6.app/Contents/Developer/Toolchains/XcodeDefault.xctoolchain/usr/bin/swiftc -module-name RevenueCat -O -whole-module-optimization @/Users/runner/Library/Developer/Xcode/DerivedData/App-bftnsirjgxxrogcvaqjekecjqrkn/Build/Intermediates.noindex/ArchiveIntermediates/App/IntermediateBuildFilesPath/RevenueCat.build/Release-iphoneos/RevenueCat.build/Objects-normal/arm64/RevenueCat.SwiftFileList -DSWIFT_PACKAGE -DSWIFT_MODULE_RESOURCE_BUNDLE_AVAILABLE -DXcode -plugin-path /Applications/Xcode_26.6.app/Contents/Developer/Toolchains/XcodeDefault.xctoolchain/usr/lib/swift/host/plugins/testing -enable-experimental-feature DebugDescriptionMacro -sdk /Applications/Xcode_26.6.app/Contents/Developer/Platforms/iPhoneOS.platform/Developer/SDKs/iPhoneOS26.5.sdk -target arm64-apple-ios13.0 -g -module-cache-path /Users/runner/Library/Developer/Xcode/DerivedData/ModuleCache.noindex -Xfrontend -serialize-debugging-options -suppress-warnings -swift-version 5 -I /Users/runner/Library/Developer/Xcode/DerivedData/App-bftnsirjgxxrogcvaqjekecjqrkn/Build/Intermediates.noindex/ArchiveIntermediates/App/BuildProductsPath/Release-iphoneos -Isystem /Applications/Xcode_26.6.app/Contents/Developer/Platforms/iPhoneOS.platform/Developer/usr/lib -F /Users/runner/Library/Developer/Xcode/DerivedData/App-bftnsirjgxxrogcvaqjekecjqrkn/Build/Intermediates.noindex/ArchiveIntermediates/App/BuildProductsPath/Release-iphoneos -F /Applications/Xcode_26.6.app/Contents/Developer/Platforms/iPhoneOS.platform/Developer/Library/Frameworks -F /Applications/Xcode_26.6.app/Contents/Developer/Platforms/iPhoneOS.platform/Developer/SDKs/iPhoneOS26.5.sdk/Developer/Library/Frameworks -emit-localized-strings -emit-localized-strings-path /Users/runner/Library/Developer/Xcode/DerivedData/App-bftnsirjgxxrogcvaqjekecjqrkn/Build/Intermediates.noindex/ArchiveIntermediates/App/IntermediateBuildFilesPath/RevenueCat.build/Release-iphoneos/RevenueCat.build/Objects-normal/arm64 -c -num-threads 3 -Xcc -ivfsstatcache -Xcc /Users/runner/Library/Developer/Xcode/DerivedData/SDKStatCaches.noindex/iphoneos26.5-23F81a-688ef53f1462e2c8f657fdc38a81448fee66e23052a0157c865c76b268046726.sdkstatcache -output-file-map /Users/runner/Library/Developer/Xcode/DerivedData/App-bftnsirjgxxrogcvaqjekecjqrkn/Build/Intermediates.noindex/ArchiveIntermediates/App/IntermediateBuildFilesPath/RevenueCat.build/Release-iphoneos/RevenueCat.build/Objects-normal/arm64/RevenueCat-OutputFileMap.json -use-frontend-parseable-output -save-temps -no-color-diagnostics -explicit-module-build -module-cache-path /Users/runner/Library/Developer/Xcode/DerivedData/App-bftnsirjgxxrogcvaqjekecjqrkn/Build/Intermediates.noindex/ArchiveIntermediates/App/IntermediateBuildFilesPath/SwiftExplicitPrecompiledModules -clang-scanner-module-cache-path /Users/runner/Library/Developer/Xcode/DerivedData/ModuleCache.noindex -sdk-module-cache-path /Users/runner/Library/Developer/Xcode/DerivedData/ModuleCache.noindex -serialize-diagnostics -emit-dependencies -emit-module -emit-module-path /Users/runner/Library/Developer/Xcode/DerivedData/App-bftnsirjgxxrogcvaqjekecjqrkn/Build/Intermediates.noindex/ArchiveIntermediates/App/IntermediateBuildFilesPath/RevenueCat.build/Release-iphoneos/RevenueCat.build/Objects-normal/arm64/RevenueCat.swiftmodule -validate-clang-modules-once -clang-build-session-file /Users/runner/Library/Developer/Xcode/DerivedData/ModuleCache.noindex/Session.modulevalidation -package-name purchases_ios_spm -Xcc -I/Users/runner/Library/Developer/Xcode/DerivedData/App-bftnsirjgxxrogcvaqjekecjqrkn/Build/Intermediates.noindex/ArchiveIntermediates/App/IntermediateBuildFilesPath/RevenueCat.build/Release-iphoneos/RevenueCat.build/swift-overrides.hmap -emit-const-values -Xfrontend -const-gather-protocols-file -Xfrontend /Users/runner/Library/Developer/Xcode/DerivedData/App-bftnsirjgxxrogcvaqjekecjqrkn/Build/Intermediates.noindex/ArchiveIntermediates/App/IntermediateBuildFilesPath/RevenueCat.build/Release-iphoneos/RevenueCat.build/Objects-normal/arm64/RevenueCat_const_extract_protocols.json -Xcc -I/Users/runner/Library/Developer/Xcode/DerivedData/App-bftnsirjgxxrogcvaqjekecjqrkn/Build/Intermediates.noindex/ArchiveIntermediates/App/BuildProductsPath/Release-iphoneos/include -Xcc -I/Users/runner/Library/Developer/Xcode/DerivedData/App-bftnsirjgxxrogcvaqjekecjqrkn/Build/Intermediates.noindex/ArchiveIntermediates/App/IntermediateBuildFilesPath/RevenueCat.build/Release-iphoneos/RevenueCat.build/DerivedSources-normal/arm64 -Xcc -I/Users/runner/Library/Developer/Xcode/DerivedData/App-bftnsirjgxxrogcvaqjekecjqrkn/Build/Intermediates.noindex/ArchiveIntermediates/App/IntermediateBuildFilesPath/RevenueCat.build/Release-iphoneos/RevenueCat.build/DerivedSources/arm64 -Xcc -I/Users/runner/Library/Developer/Xcode/DerivedData/App-bftnsirjgxxrogcvaqjekecjqrkn/Build/Intermediates.noindex/ArchiveIntermediates/App/IntermediateBuildFilesPath/RevenueCat.build/Release-iphoneos/RevenueCat.build/DerivedSources -Xcc -DSWIFT_PACKAGE -emit-objc-header -emit-objc-header-path /Users/runner/Library/Developer/Xcode/DerivedData/App-bftnsirjgxxrogcvaqjekecjqrkn/Build/Intermediates.noindex/ArchiveIntermediates/App/IntermediateBuildFilesPath/RevenueCat.build/Release-iphoneos/RevenueCat.build/Objects-normal/arm64/RevenueCat-Swift.h -working-directory /Users/runner/work/focusher-app/focusher-app/ios/App/App.xcodeproj -no-emit-module-separately-wmo

SwiftDriver\ Compilation LocalNotificationsPlugin normal arm64 com.apple.xcode.tools.swift.compiler (in target 'LocalNotificationsPlugin' from project 'CapacitorLocalNotifications')
    cd /Users/runner/work/focusher-app/focusher-app/ios/App/App.xcodeproj
    builtin-Swift-Compilation -- /Applications/Xcode_26.6.app/Contents/Developer/Toolchains/XcodeDefault.xctoolchain/usr/bin/swiftc -module-name LocalNotificationsPlugin -O -whole-module-optimization @/Users/runner/Library/Developer/Xcode/DerivedData/App-bftnsirjgxxrogcvaqjekecjqrkn/Build/Intermediates.noindex/ArchiveIntermediates/App/IntermediateBuildFilesPath/CapacitorLocalNotifications.build/Release-iphoneos/LocalNotificationsPlugin.build/Objects-normal/arm64/LocalNotificationsPlugin.SwiftFileList -DSWIFT_PACKAGE -DSWIFT_MODULE_RESOURCE_BUNDLE_UNAVAILABLE -DXcode -plugin-path /Applications/Xcode_26.6.app/Contents/Developer/Toolchains/XcodeDefault.xctoolchain/usr/lib/swift/host/plugins/testing -enable-experimental-feature DebugDescriptionMacro -sdk /Applications/Xcode_26.6.app/Contents/Developer/Platforms/iPhoneOS.platform/Developer/SDKs/iPhoneOS26.5.sdk -target arm64-apple-ios15.0 -g -module-cache-path /Users/runner/Library/Developer/Xcode/DerivedData/ModuleCache.noindex -Xfrontend -serialize-debugging-options -suppress-warnings -swift-version 5 -I /Users/runner/Library/Developer/Xcode/DerivedData/App-bftnsirjgxxrogcvaqjekecjqrkn/Build/Intermediates.noindex/ArchiveIntermediates/App/BuildProductsPath/Release-iphoneos -Isystem /Applications/Xcode_26.6.app/Contents/Developer/Platforms/iPhoneOS.platform/Developer/usr/lib -F /Users/runner/Library/Developer/Xcode/DerivedData/App-bftnsirjgxxrogcvaqjekecjqrkn/Build/Intermediates.noindex/ArchiveIntermediates/App/BuildProductsPath/Release-iphoneos -F /Applications/Xcode_26.6.app/Contents/Developer/Platforms/iPhoneOS.platform/Developer/Library/Frameworks -F /Applications/Xcode_26.6.app/Contents/Developer/Platforms/iPhoneOS.platform/Developer/SDKs/iPhoneOS26.5.sdk/Developer/Library/Frameworks -c -num-threads 3 -Xcc -ivfsstatcache -Xcc /Users/runner/Library/Developer/Xcode/DerivedData/SDKStatCaches.noindex/iphoneos26.5-23F81a-688ef53f1462e2c8f657fdc38a81448fee66e23052a0157c865c76b268046726.sdkstatcache -output-file-map /Users/runner/Library/Developer/Xcode/DerivedData/App-bftnsirjgxxrogcvaqjekecjqrkn/Build/Intermediates.noindex/ArchiveIntermediates/App/IntermediateBuildFilesPath/CapacitorLocalNotifications.build/Release-iphoneos/LocalNotificationsPlugin.build/Objects-normal/arm64/LocalNotificationsPlugin-OutputFileMap.json -use-frontend-parseable-output -save-temps -no-color-diagnostics -explicit-module-build -module-cache-path /Users/runner/Library/Developer/Xcode/DerivedData/App-bftnsirjgxxrogcvaqjekecjqrkn/Build/Intermediates.noindex/ArchiveIntermediates/App/IntermediateBuildFilesPath/SwiftExplicitPrecompiledModules -clang-scanner-module-cache-path /Users/runner/Library/Developer/Xcode/DerivedData/ModuleCache.noindex -sdk-module-cache-path /Users/runner/Library/Developer/Xcode/DerivedData/ModuleCache.noindex -serialize-diagnostics -emit-dependencies -emit-module -emit-module-path /Users/runner/Library/Developer/Xcode/DerivedData/App-bftnsirjgxxrogcvaqjekecjqrkn/Build/Intermediates.noindex/ArchiveIntermediates/App/IntermediateBuildFilesPath/CapacitorLocalNotifications.build/Release-iphoneos/LocalNotificationsPlugin.build/Objects-normal/arm64/LocalNotificationsPlugin.swiftmodule -validate-clang-modules-once -clang-build-session-file /Users/runner/Library/Developer/Xcode/DerivedData/ModuleCache.noindex/Session.modulevalidation -package-name local_notifications -Xcc -I/Users/runner/Library/Developer/Xcode/DerivedData/App-bftnsirjgxxrogcvaqjekecjqrkn/Build/Intermediates.noindex/ArchiveIntermediates/App/IntermediateBuildFilesPath/CapacitorLocalNotifications.build/Release-iphoneos/LocalNotificationsPlugin.build/swift-overrides.hmap -emit-const-values -Xfrontend -const-gather-protocols-file -Xfrontend /Users/runner/Library/Developer/Xcode/DerivedData/App-bftnsirjgxxrogcvaqjekecjqrkn/Build/Intermediates.noindex/ArchiveIntermediates/App/IntermediateBuildFilesPath/CapacitorLocalNotifications.build/Release-iphoneos/LocalNotificationsPlugin.build/Objects-normal/arm64/LocalNotificationsPlugin_const_extract_protocols.json -Xcc -I/Users/runner/Library/Developer/Xcode/DerivedData/App-bftnsirjgxxrogcvaqjekecjqrkn/Build/Intermediates.noindex/ArchiveIntermediates/App/BuildProductsPath/Release-iphoneos/include -Xcc -I/Users/runner/Library/Developer/Xcode/DerivedData/App-bftnsirjgxxrogcvaqjekecjqrkn/Build/Intermediates.noindex/ArchiveIntermediates/App/IntermediateBuildFilesPath/CapacitorLocalNotifications.build/Release-iphoneos/LocalNotificationsPlugin.build/DerivedSources-normal/arm64 -Xcc -I/Users/runner/Library/Developer/Xcode/DerivedData/App-bftnsirjgxxrogcvaqjekecjqrkn/Build/Intermediates.noindex/ArchiveIntermediates/App/IntermediateBuildFilesPath/CapacitorLocalNotifications.build/Release-iphoneos/LocalNotificationsPlugin.build/DerivedSources/arm64 -Xcc -I/Users/runner/Library/Developer/Xcode/DerivedData/App-bftnsirjgxxrogcvaqjekecjqrkn/Build/Intermediates.noindex/ArchiveIntermediates/App/IntermediateBuildFilesPath/CapacitorLocalNotifications.build/Release-iphoneos/LocalNotificationsPlugin.build/DerivedSources -Xcc -DSWIFT_PACKAGE -emit-objc-header -emit-objc-header-path /Users/runner/Library/Developer/Xcode/DerivedData/App-bftnsirjgxxrogcvaqjekecjqrkn/Build/Intermediates.noindex/ArchiveIntermediates/App/IntermediateBuildFilesPath/CapacitorLocalNotifications.build/Release-iphoneos/LocalNotificationsPlugin.build/Objects-normal/arm64/LocalNotificationsPlugin-Swift.h -working-directory /Users/runner/work/focusher-app/focusher-app/ios/App/App.xcodeproj -no-emit-module-separately-wmo

SwiftDriver\ Compilation AppPlugin normal arm64 com.apple.xcode.tools.swift.compiler (in target 'AppPlugin' from project 'CapacitorApp')
    cd /Users/runner/work/focusher-app/focusher-app/ios/App/App.xcodeproj
    builtin-Swift-Compilation -- /Applications/Xcode_26.6.app/Contents/Developer/Toolchains/XcodeDefault.xctoolchain/usr/bin/swiftc -module-name AppPlugin -O -whole-module-optimization @/Users/runner/Library/Developer/Xcode/DerivedData/App-bftnsirjgxxrogcvaqjekecjqrkn/Build/Intermediates.noindex/ArchiveIntermediates/App/IntermediateBuildFilesPath/CapacitorApp.build/Release-iphoneos/AppPlugin.build/Objects-normal/arm64/AppPlugin.SwiftFileList -DSWIFT_PACKAGE -DSWIFT_MODULE_RESOURCE_BUNDLE_UNAVAILABLE -DXcode -plugin-path /Applications/Xcode_26.6.app/Contents/Developer/Toolchains/XcodeDefault.xctoolchain/usr/lib/swift/host/plugins/testing -enable-experimental-feature DebugDescriptionMacro -sdk /Applications/Xcode_26.6.app/Contents/Developer/Platforms/iPhoneOS.platform/Developer/SDKs/iPhoneOS26.5.sdk -target arm64-apple-ios15.0 -g -module-cache-path /Users/runner/Library/Developer/Xcode/DerivedData/ModuleCache.noindex -Xfrontend -serialize-debugging-options -suppress-warnings -swift-version 5 -I /Users/runner/Library/Developer/Xcode/DerivedData/App-bftnsirjgxxrogcvaqjekecjqrkn/Build/Intermediates.noindex/ArchiveIntermediates/App/BuildProductsPath/Release-iphoneos -Isystem /Applications/Xcode_26.6.app/Contents/Developer/Platforms/iPhoneOS.platform/Developer/usr/lib -F /Users/runner/Library/Developer/Xcode/DerivedData/App-bftnsirjgxxrogcvaqjekecjqrkn/Build/Intermediates.noindex/ArchiveIntermediates/App/BuildProductsPath/Release-iphoneos -F /Applications/Xcode_26.6.app/Contents/Developer/Platforms/iPhoneOS.platform/Developer/Library/Frameworks -F /Applications/Xcode_26.6.app/Contents/Developer/Platforms/iPhoneOS.platform/Developer/SDKs/iPhoneOS26.5.sdk/Developer/Library/Frameworks -parse-as-library -c -num-threads 3 -Xcc -ivfsstatcache -Xcc /Users/runner/Library/Developer/Xcode/DerivedData/SDKStatCaches.noindex/iphoneos26.5-23F81a-688ef53f1462e2c8f657fdc38a81448fee66e23052a0157c865c76b268046726.sdkstatcache -output-file-map /Users/runner/Library/Developer/Xcode/DerivedData/App-bftnsirjgxxrogcvaqjekecjqrkn/Build/Intermediates.noindex/ArchiveIntermediates/App/IntermediateBuildFilesPath/CapacitorApp.build/Release-iphoneos/AppPlugin.build/Objects-normal/arm64/AppPlugin-OutputFileMap.json -use-frontend-parseable-output -save-temps -no-color-diagnostics -explicit-module-build -module-cache-path /Users/runner/Library/Developer/Xcode/DerivedData/App-bftnsirjgxxrogcvaqjekecjqrkn/Build/Intermediates.noindex/ArchiveIntermediates/App/IntermediateBuildFilesPath/SwiftExplicitPrecompiledModules -clang-scanner-module-cache-path /Users/runner/Library/Developer/Xcode/DerivedData/ModuleCache.noindex -sdk-module-cache-path /Users/runner/Library/Developer/Xcode/DerivedData/ModuleCache.noindex -serialize-diagnostics -emit-dependencies -emit-module -emit-module-path /Users/runner/Library/Developer/Xcode/DerivedData/App-bftnsirjgxxrogcvaqjekecjqrkn/Build/Intermediates.noindex/ArchiveIntermediates/App/IntermediateBuildFilesPath/CapacitorApp.build/Release-iphoneos/AppPlugin.build/Objects-normal/arm64/AppPlugin.swiftmodule -validate-clang-modules-once -clang-build-session-file /Users/runner/Library/Developer/Xcode/DerivedData/ModuleCache.noindex/Session.modulevalidation -package-name app -Xcc -I/Users/runner/Library/Developer/Xcode/DerivedData/App-bftnsirjgxxrogcvaqjekecjqrkn/Build/Intermediates.noindex/ArchiveIntermediates/App/IntermediateBuildFilesPath/CapacitorApp.build/Release-iphoneos/AppPlugin.build/swift-overrides.hmap -emit-const-values -Xfrontend -const-gather-protocols-file -Xfrontend /Users/runner/Library/Developer/Xcode/DerivedData/App-bftnsirjgxxrogcvaqjekecjqrkn/Build/Intermediates.noindex/ArchiveIntermediates/App/IntermediateBuildFilesPath/CapacitorApp.build/Release-iphoneos/AppPlugin.build/Objects-normal/arm64/AppPlugin_const_extract_protocols.json -Xcc -I/Users/runner/Library/Developer/Xcode/DerivedData/App-bftnsirjgxxrogcvaqjekecjqrkn/Build/Intermediates.noindex/ArchiveIntermediates/App/BuildProductsPath/Release-iphoneos/include -Xcc -I/Users/runner/Library/Developer/Xcode/DerivedData/App-bftnsirjgxxrogcvaqjekecjqrkn/Build/Intermediates.noindex/ArchiveIntermediates/App/IntermediateBuildFilesPath/CapacitorApp.build/Release-iphoneos/AppPlugin.build/DerivedSources-normal/arm64 -Xcc -I/Users/runner/Library/Developer/Xcode/DerivedData/App-bftnsirjgxxrogcvaqjekecjqrkn/Build/Intermediates.noindex/ArchiveIntermediates/App/IntermediateBuildFilesPath/CapacitorApp.build/Release-iphoneos/AppPlugin.build/DerivedSources/arm64 -Xcc -I/Users/runner/Library/Developer/Xcode/DerivedData/App-bftnsirjgxxrogcvaqjekecjqrkn/Build/Intermediates.noindex/ArchiveIntermediates/App/IntermediateBuildFilesPath/CapacitorApp.build/Release-iphoneos/AppPlugin.build/DerivedSources -Xcc -DSWIFT_PACKAGE -emit-objc-header -emit-objc-header-path /Users/runner/Library/Developer/Xcode/DerivedData/App-bftnsirjgxxrogcvaqjekecjqrkn/Build/Intermediates.noindex/ArchiveIntermediates/App/IntermediateBuildFilesPath/CapacitorApp.build/Release-iphoneos/AppPlugin.build/Objects-normal/arm64/AppPlugin-Swift.h -working-directory /Users/runner/work/focusher-app/focusher-app/ios/App/App.xcodeproj -no-emit-module-separately-wmo

SwiftExplicitDependencyGeneratePcm arm64 /Users/runner/Library/Developer/Xcode/DerivedData/ModuleCache.noindex/_DarwinFoundation2-EXJBHLC8V2ZY8CF0BNQD97LYN.pcm

SwiftExplicitDependencyGeneratePcm arm64 /Users/runner/Library/Developer/Xcode/DerivedData/ModuleCache.noindex/_Builtin_limits-8GAG1SMFSA3JGYHE8DFCLSKBW.pcm

SwiftExplicitDependencyGeneratePcm arm64 /Users/runner/Library/Developer/Xcode/DerivedData/ModuleCache.noindex/ExtensionFoundation-2V99P3LN6RFX320YFP9IV2LGZ.pcm

SwiftExplicitDependencyGeneratePcm arm64 /Users/runner/Library/Developer/Xcode/DerivedData/ModuleCache.noindex/sys_types-PD12HKBGCS7I3OBLUYFEM91I.pcm

SwiftExplicitDependencyGeneratePcm arm64 /Users/runner/Library/Developer/Xcode/DerivedData/ModuleCache.noindex/_Builtin_tgmath-58640SAGBG6W1YPPM9JZXQVEU.pcm

SwiftExplicitDependencyGeneratePcm arm64 /Users/runner/Library/Developer/Xcode/DerivedData/ModuleCache.noindex/_Builtin_stdint-615ELPXO79BLW33W9285OFC4J.pcm

SwiftExplicitDependencyGeneratePcm arm64 /Users/runner/Library/Developer/Xcode/DerivedData/ModuleCache.noindex/_Builtin_intrinsics-DMARYMBXXGZM0Q38TZZMOQW8D.pcm

SwiftExplicitDependencyGeneratePcm arm64 /Users/runner/Library/Developer/Xcode/DerivedData/ModuleCache.noindex/_Builtin_stdatomic-7ICCR1EERZQRTCK8DK4OCZGDS.pcm

SwiftExplicitDependencyGeneratePcm arm64 /Users/runner/Library/Developer/Xcode/DerivedData/ModuleCache.noindex/_DarwinFoundation3-ELTV2I42SPSDMPAUN6R858CGP.pcm

SwiftExplicitDependencyGeneratePcm arm64 /Users/runner/Library/Developer/Xcode/DerivedData/ModuleCache.noindex/_Builtin_inttypes-24MMY0B1C8U8SGX8SA5DOMH7E.pcm

SwiftExplicitDependencyGeneratePcm arm64 /Users/runner/Library/Developer/Xcode/DerivedData/ModuleCache.noindex/CommonCrypto-17JW9JFUJQ7P2409AFM281G2O.pcm

SwiftExplicitDependencyGeneratePcm arm64 /Users/runner/Library/Developer/Xcode/DerivedData/ModuleCache.noindex/zlib-19JISEHXETSGLZOL5KKMF51LM.pcm

SwiftExplicitDependencyGeneratePcm arm64 /Users/runner/Library/Developer/Xcode/DerivedData/ModuleCache.noindex/Darwin-65WM8VPK397D97H068127QY5O.pcm

SwiftExplicitDependencyGeneratePcm arm64 /Users/runner/Library/Developer/Xcode/DerivedData/ModuleCache.noindex/simd-C8R11QAJSWUI0SDV4H8N1AJPA.pcm

SwiftExplicitDependencyGeneratePcm arm64 /Users/runner/Library/Developer/Xcode/DerivedData/ModuleCache.noindex/Compression-DKNRHHLYU6YIRFWTDEWQN7SP3.pcm

SwiftExplicitDependencyGeneratePcm arm64 /Users/runner/Library/Developer/Xcode/DerivedData/ModuleCache.noindex/ObjectiveC-3CV5H2N98APNDCIC5G1BTGC4R.pcm

SwiftExplicitDependencyGeneratePcm arm64 /Users/runner/Library/Developer/Xcode/DerivedData/ModuleCache.noindex/MachO-109XEX11H094BQ4HDI8OAV3Q9.pcm

SwiftExplicitDependencyGeneratePcm arm64 /Users/runner/Library/Developer/Xcode/DerivedData/ModuleCache.noindex/os_object-D2LOHRIYDFC0AOQ4FJSAJFW40.pcm

SwiftExplicitDependencyGeneratePcm arm64 /Users/runner/Library/Developer/Xcode/DerivedData/ModuleCache.noindex/os_workgroup-CE7977O20A383DSAPAP1MHRRB.pcm

SwiftExplicitDependencyGeneratePcm arm64 /Users/runner/Library/Developer/Xcode/DerivedData/ModuleCache.noindex/Dispatch-3DQCX18X5AV2BIOD4WCYNOK4G.pcm

SwiftExplicitDependencyGeneratePcm arm64 /Users/runner/Library/Developer/Xcode/DerivedData/ModuleCache.noindex/Spatial-4LZYHS7445WDR47UCVNCXV4LK.pcm

SwiftExplicitDependencyGeneratePcm arm64 /Users/runner/Library/Developer/Xcode/DerivedData/ModuleCache.noindex/XPC-4OI848FPRQOOYJFA96XIRFLWJ.pcm

SwiftExplicitDependencyGeneratePcm arm64 /Users/runner/Library/Developer/Xcode/DerivedData/ModuleCache.noindex/dnssd-AX9E8QINWOJ0ZAS78Q423EC2O.pcm

SwiftExplicitDependencyGeneratePcm arm64 /Users/runner/Library/Developer/Xcode/DerivedData/ModuleCache.noindex/CoreFoundation-7Z67H59FM1XPURJ1CATKTTWEG.pcm

SwiftExplicitDependencyGeneratePcm arm64 /Users/runner/Library/Developer/Xcode/DerivedData/ModuleCache.noindex/os-BCLGSKCD5L8ZIIKRL1OO8DAB2.pcm

SwiftExplicitDependencyGeneratePcm arm64 /Users/runner/Library/Developer/Xcode/DerivedData/ModuleCache.noindex/CoreGraphics-E6KVS2MH59D16Y6Z4W5D2915I.pcm

SwiftExplicitDependencyGeneratePcm arm64 /Users/runner/Library/Developer/Xcode/DerivedData/ModuleCache.noindex/CFNetwork-1FN5YXNMQBAKI9HNEB7TSXT6J.pcm

SwiftExplicitDependencyGeneratePcm arm64 /Users/runner/Library/Developer/Xcode/DerivedData/ModuleCache.noindex/Security-52QF9RH27YX0RP9EB9DW6J6ER.pcm

SwiftExplicitDependencyGeneratePcm arm64 /Users/runner/Library/Developer/Xcode/DerivedData/ModuleCache.noindex/Foundation-4SECALFMSRMLBHX5HU0S5AKYC.pcm

SwiftExplicitDependencyGeneratePcm arm64 /Users/runner/Library/Developer/Xcode/DerivedData/ModuleCache.noindex/CoreText-EKXNGX9U3WB0W213YT81IPTTA.pcm

SwiftExplicitDependencyGeneratePcm arm64 /Users/runner/Library/Developer/Xcode/DerivedData/ModuleCache.noindex/ImageIO-8T1BF1U3WSYVC4FGIG8BKZALR.pcm

SwiftExplicitDependencyGeneratePcm arm64 /Users/runner/Library/Developer/Xcode/DerivedData/ModuleCache.noindex/Accessibility-8L79PBU03IZEOH3MTKHZ8UL62.pcm

SwiftExplicitDependencyGeneratePcm arm64 /Users/runner/Library/Developer/Xcode/DerivedData/ModuleCache.noindex/Symbols-EU19KAZCK6D0C0JUPLFLKQ44.pcm

SwiftExplicitDependencyGeneratePcm arm64 /Users/runner/Library/Developer/Xcode/DerivedData/ModuleCache.noindex/DataDetection-3JFDP59CLYBUOZPG51OKN8CZ8.pcm

SwiftExplicitDependencyGeneratePcm arm64 /Users/runner/Library/Developer/Xcode/DerivedData/ModuleCache.noindex/UserNotifications-4CI6U0ZJSF5P11DSTZ74WB7AZ.pcm

SwiftExplicitDependencyGeneratePcm arm64 /Users/runner/Library/Developer/Xcode/DerivedData/ModuleCache.noindex/Network-AH1M9CXUE9NSZDTPO6HUMKPVT.pcm

SwiftExplicitDependencyGeneratePcm arm64 /Users/runner/Library/Developer/Xcode/DerivedData/ModuleCache.noindex/AdServices-3FA3F6520O5V7NGKDUYTX8MBK.pcm

SwiftExplicitDependencyGeneratePcm arm64 /Users/runner/Library/Developer/Xcode/DerivedData/ModuleCache.noindex/LocalAuthentication-3JIRAVL8RA3AHAA9D8NPSK2G8.pcm

SwiftExplicitDependencyGeneratePcm arm64 /Users/runner/Library/Developer/Xcode/DerivedData/ModuleCache.noindex/OSLog-3LKE53LPWMO6H3RX65KD10VXD.pcm

SwiftExplicitDependencyGeneratePcm arm64 /Users/runner/Library/Developer/Xcode/DerivedData/ModuleCache.noindex/CoreTransferable-3XRVZEHLPIIRBE6PY29E51B33.pcm

SwiftExplicitDependencyGeneratePcm arm64 /Users/runner/Library/Developer/Xcode/DerivedData/ModuleCache.noindex/CoreData-D0JU7BHN38FQHONFTSEI7FWS9.pcm

SwiftExplicitDependencyGeneratePcm arm64 /Users/runner/Library/Developer/Xcode/DerivedData/ModuleCache.noindex/IOSurface-A3169492JTUXYFMDUBIK6M1PI.pcm

SwiftExplicitDependencyGeneratePcm arm64 /Users/runner/Library/Developer/Xcode/DerivedData/ModuleCache.noindex/FileProvider-DDJELMV59NVB1DQIBYVTN8HBP.pcm

SwiftExplicitDependencyGeneratePcm arm64 /Users/runner/Library/Developer/Xcode/DerivedData/ModuleCache.noindex/UniformTypeIdentifiers-98UT9EI3UE4T4KR1IVKI9PEEY.pcm

SwiftExplicitDependencyGeneratePcm arm64 /Users/runner/Library/Developer/Xcode/DerivedData/ModuleCache.noindex/OpenGLES-DVROR9QJV8Z7I8PACD8BZ1A4Q.pcm

SwiftExplicitDependencyGeneratePcm arm64 /Users/runner/Library/Developer/Xcode/DerivedData/ModuleCache.noindex/Metal-HCUB9N8XKGZLDTP6IOLKFZP8.pcm

SwiftExplicitDependencyGeneratePcm arm64 /Users/runner/Library/Developer/Xcode/DerivedData/ModuleCache.noindex/BackgroundAssets-3Y1VS374LU4IALWQVBFRUTZM7.pcm

SwiftExplicitDependencyGeneratePcm arm64 /Users/runner/Library/Developer/Xcode/DerivedData/ModuleCache.noindex/UIUtilities-DTDJI55PSJU07N62AGXQU6X65.pcm

SwiftExplicitDependencyGeneratePcm arm64 /Users/runner/Library/Developer/Xcode/DerivedData/ModuleCache.noindex/CoreVideo-3KSE89SSHYYL2OO5C1552Z1I5.pcm

SwiftExplicitDependencyGeneratePcm arm64 /Users/runner/Library/Developer/Xcode/DerivedData/ModuleCache.noindex/CoreImage-A7COKGC4YV5NU0VMEB0ZCECK4.pcm

SwiftExplicitDependencyGeneratePcm arm64 /Users/runner/Library/Developer/Xcode/DerivedData/ModuleCache.noindex/QuartzCore-1W4XAS1YQFN77V3MR3MCLUE2C.pcm

SwiftExplicitDependencyGeneratePcm arm64 /Users/runner/Library/Developer/Xcode/DerivedData/ModuleCache.noindex/SwiftUICore-7CJ5QMFTX3QZ4QAJ0PIGDU3PL.pcm

SwiftExplicitDependencyGeneratePcm arm64 /Users/runner/Library/Developer/Xcode/DerivedData/ModuleCache.noindex/UIKit-9PXRQO9029TZGQ4N5I4YN6IVY.pcm

SwiftExplicitDependencyGeneratePcm arm64 /Users/runner/Library/Developer/Xcode/DerivedData/ModuleCache.noindex/StoreKit-UPLPK7E91S2S96X7LU9CH43W.pcm

SwiftExplicitDependencyGeneratePcm arm64 /Users/runner/Library/Developer/Xcode/DerivedData/ModuleCache.noindex/SwiftUI-4M5B9ISCW58AI6CWKCQOTL5CU.pcm

SwiftExplicitDependencyGeneratePcm arm64 /Users/runner/Library/Developer/Xcode/DerivedData/ModuleCache.noindex/WebKit-E3DT07FQEAZ75A43FYNDQBMBR.pcm

SwiftCompile normal arm64 Compiling\ resource_bundle_accessor.swift,\ AdTracker.swift,\ AdsAPI.swift,\ AdEvent.swift,\ AdEventStore.swift,\ AdRewardEvents.swift,\ AdEventsRequest.swift,\ AdHTTPRequestPath.swift,\ PostAdEventsOperation.swift,\ StoredAdEvent.swift,\ StoredAdEventSerializer.swift,\ AdReward.swift,\ EntitlementReward.swift,\ GetRewardVerificationStatusOperation.swift,\ RewardVerificationStatusCallback.swift,\ RewardVerificationStatusResponse.swift,\ Outcome.swift,\ Poller.swift,\ RewardVerification.swift,\ RewardVerificationPollStatus.swift,\ RewardVerificationResult.swift,\ RewardVerificationToken.swift,\ RewardedAdTrackingMetadata.swift,\ VirtualCurrencyReward.swift,\ ASIdManagerProxy.swift,\ AttributionData.swift,\ AttributionFetcher.swift,\ AttributionNetwork.swift,\ AttributionPoster.swift,\ AttributionTypeFactory.swift,\ TrackingManagerProxy.swift,\ Authentication.swift,\ CacheStatus.swift,\ Checksum.swift,\ DeviceCache.swift,\ DirectoryHelper.swift,\ FileRepository.swift,\ InMemoryCachedObject.swift,\ KeyedDeferredValueStore.swift,\ LargeItemCacheType.swift,\ URLWithValidation.swift,\ CheckpointEvent.swift,\ CheckpointWorkflowResolver.swift,\ Checkpoints.swift,\ ResolvedCheckpointWorkflow.swift,\ PeriodType+Extensions.swift,\ PurchaseOwnershipType+Extensions.swift,\ Store+Extensions.swift,\ CustomerCenterConfigData.swift,\ CustomerCenterPresentationMode.swift,\ CustomerCenterEvent.swift,\ EventsRequest+CustomerCenter.swift,\ DeepLinkParser.swift,\ DiagnosticsEvent.swift,\ DiagnosticsFileHandler.swift,\ DiagnosticsTracker.swift,\ FileHandler.swift,\ DiagnosticsEventsRequest.swift,\ DiagnosticsHTTPRequestPath.swift,\ DiagnosticsPostOperation.swift,\ DiagnosticsSynchronizer.swift,\ EmptyFile.swift,\ Assertions.swift,\ BackendError.swift,\ BackendErrorCode.swift,\ DescribableError.swift,\ ErrorCode+Conformances.swift,\ ErrorDetails.swift,\ ErrorUtils.swift,\ PurchasesError.swift,\ SKError+Extensions.swift,\ StoreKitError+Extensions.swift,\ StoreKitErrorHelper.swift,\ EventsManager.swift,\ FeatureEvent.swift,\ FeatureEventStore.swift,\ FeatureEventHTTPRequestPath.swift,\ FeatureEventsRequest+CheckpointEvent.swift,\ FeatureEventsRequest+WorkflowEvent.swift,\ FeatureEventsRequest.swift,\ PostFeatureEventsOperation.swift,\ StoredFeatureEvent.swift,\ StoredFeatureEventSerializer.swift,\ EventsHTTPRequestPath.swift,\ Array+Extensions.swift,\ AsyncExtensions.swift,\ Data+Extensions.swift,\ Date+Extensions.swift,\ Decoder+Extensions.swift,\ Dictionary+Extensions.swift,\ DispatchTimeInterval+Extensions.swift,\ Error+Extensions.swift,\ Integer+Extensions.swift,\ Locale+Extensions.swift,\ NSNumber+JSON.swift,\ OperationQueue+Extensions.swift,\ Operators+Extensions.swift,\ Optional+Extensions.swift,\ Result+Extensions.swift,\ Set+Extensions.swift,\ String+Extensions.swift,\ TimeInterval+Extensions.swift,\ UIApplication+RCExtensions.swift,\ UserDefaults+Extensions.swift,\ ErrorCode.swift,\ CustomerInfo+ActiveDates.swift,\ CustomerInfo+NonSubscriptions.swift,\ CustomerInfo.swift,\ CustomerInfoManager.swift,\ Identity.swift,\ IdentityManager.swift,\ ProductPaidPrice.swift,\ SubscriptionInfo.swift,\ ASN1Container.swift,\ ASN1ObjectIdentifier.swift,\ AppleReceipt.swift,\ InAppPurchase.swift,\ ASN1ContainerBuilder.swift,\ ASN1ObjectIdentifierBuilder.swift,\ AppleReceiptBuilder.swift,\ InAppPurchaseBuilder.swift,\ ArraySlice_UInt8+Extensions.swift,\ Codable+Extensions.swift,\ DateFormatter+Extensions.swift,\ UInt8+Extensions.swift,\ FileReader.swift,\ LoggerType.swift,\ ProcessInfo+Extensions.swift,\ ReceiptParserLogger.swift,\ ReceiptStrings.swift,\ LocalReceiptFetcher.swift,\ PurchasesReceiptParser.swift,\ ReceiptParsingError.swift,\ AnyDecodable+DimensionValue.swift,\ CustomerInfoDimensionProvider.swift,\ DeviceDimensionProvider.swift,\ Dictionary+DimensionValue.swift,\ DimensionProvider.swift,\ DimensionResolver.swift,\ LocalRulesEvaluator.swift,\ RulesEngineLoggerBridge.swift,\ StoreDimensionProvider.swift,\ SubscriberAttributesDimensionProvider.swift,\ SubscriberDimensionsProvider.swift,\ LogIntent.swift,\ Logger.swift,\ AdsStrings.swift,\ AnalyticsStrings.swift,\ AttributionStrings.swift,\ AuthenticationStrings.swift,\ BackendErrorStrings.swift,\ CacheStrings.swift,\ CheckpointsStrings.swift,\ CodableStrings.swift,\ ConfigureStrings.swift,\ CustomerInfoStrings.swift,\ DiagnosticsStrings.swift,\ ETagStrings.swift,\ EligibilityStrings.swift,\ EventsManagerStrings.swift,\ ExternalPurchaseStrings.swift,\ FileRepositoryStrings.swift,\ HostedCheckoutStrings.swift,\ IdentityStrings.swift,\ LocalRulesStrings.swift,\ ManageSubscriptionsStrings.swift,\ NetworkStrings.swift,\ OfferingStrings.swift,\ OfflineEntitlementsStrings.swift,\ PaywallsStrings.swift,\ PurchaseStrings.swift,\ RemoteConfigStrings.swift,\ SigningStrings.swift,\ StoreKitStrings.swift,\ Strings.swift,\ TransactionMetadataStrings.swift,\ VirtualCurrencyStrings.swift,\ WebRedemptionStrings.swift,\ Box.swift,\ AnyCodingKey.swift,\ AnyDecodable.swift,\ AnyEncodable.swift,\ DefaultDecodable.swift,\ EnsureNonEmptyCollectionDecodable.swift,\ IgnoreHashable.swift,\ NonEmptyStringDecodable.swift,\ RawDataContainer.swift,\ Atomic.swift,\ DeferredTask.swift,\ Lock.swift,\ OperationDispatcher.swift,\ Purchases+async.swift,\ Purchases+nonasync.swift,\ SynchronizedLargeItemCache.swift,\ SynchronizedUserDefaults.swift,\ CustomVariableKeyValidator.swift,\ DangerousSettings.swift,\ Clock.swift,\ DateExtensions.swift,\ DateProvider.swift,\ ISODurationFormatter.swift,\ ISOPeriodFormatter.swift,\ TimingUtil.swift,\ Deprecations.swift,\ Either.swift,\ JWT.swift,\ PreferredLocalesProvider.swift,\ MacDevice.swift,\ MapAppStoreDetector.swift,\ Obsoletions.swift,\ PlatformInfo.swift,\ PriceFormatterProvider.swift,\ RateLimiter.swift,\ SandboxEnvironmentDetector.swift,\ StoreKitVersion.swift,\ SystemInfo.swift,\ APISourceFailover.swift,\ Audience.swift,\ AudiencesConfigProvider.swift,\ Backend.swift,\ BackendConfiguration.swift,\ BackendLanes.swift,\ CacheFetchPolicy.swift,\ CallbackCache.swift,\ CallbackCacheStatus.swift,\ CustomerCenterConfigCallback.swift,\ CustomerInfoCallback.swift,\ ExternalPurchaseTokenCallback.swift,\ HostedCheckoutCallback.swift,\ IAMCallbacks.swift,\ IsPurchaseAllowedByRestoreBehaviorCallback.swift,\ LogInCallback.swift,\ OfferingsCallback.swift,\ ProductEntitlementMappingCallback.swift,\ RemoteConfigCallback.swift,\ VirtualCurrenciesCallback.swift,\ WebBillingProductsCallback.swift,\ WebOfferingProductsCallback.swift,\ CheckpointRules.swift,\ CheckpointsConfigProvider.swift,\ ConnectionErrorReason.swift,\ CustomerAPI.swift,\ CustomerCenterConfigAPI.swift,\ ExternalPurchaseTokenAPI.swift,\ GenerationGuardedCache.swift,\ DNSChecker.swift,\ ETagManager.swift,\ ErrorResponse.swift,\ HTTPClient.swift,\ HTTPRequest.swift,\ HTTPRequestBody.swift,\ HTTPRequestPath.swift,\ HTTPRequestTimeoutManager.swift,\ HTTPResponse.swift,\ HTTPResponseBody.swift,\ HTTPStatusCode.swift,\ NetworkError.swift,\ NetworkTimeout.swift,\ RedirectLoggerTaskDelegate.swift,\ SimpleNetworkServiceType.swift,\ TokenManager.swift,\ URLMessage+Description.swift,\ IdentityAPI.swift,\ InternalAPI.swift,\ OfferingsAPI.swift,\ OfflineEntitlementsAPI.swift,\ GetCustomerCenterConfigOperation.swift,\ GetCustomerInfoOperation.swift,\ GetIntroEligibilityOperation.swift,\ GetOfferingsOperation.swift,\ GetProductEntitlementMappingOperation.swift,\ GetRemoteConfigFallbackOperation.swift,\ GetRemoteConfigOperation.swift,\ GetVirtualCurrenciesOperation.swift,\ GetWebBillingProductsOperation.swift,\ GetWebOfferingProductsOperation.swift,\ CustomerInfoResponseHandler.swift,\ HealthOperation.swift,\ HealthReportAvailabilityOperation.swift,\ HealthReportOperation.swift,\ LogInOperation.swift,\ NetworkOperation.swift,\ PostAdServicesTokenOperation.swift,\ PostAttributionDataOperation.swift,\ PostExternalPurchaseTokenOperation.swift,\ PostHostedCheckoutOperation.swift,\ PostIsPurchaseAllowedByRestoreBehaviorOperation.swift,\ PostOfferForSigningOperation.swift,\ PostReceiptDataOperation.swift,\ PostRedeemWebPurchaseOperation.swift,\ PostSubscriberAttributesOperation.swift,\ SpendVirtualCurrenciesOperation.swift,\ TokenOperations.swift,\ RCContainer+Compression.swift,\ RCContainer+Element.swift,\ RCContainer+Parser.swift,\ RCContainer.swift,\ RedeemWebPurchaseAPI.swift,\ RemoteConfigAPI.swift,\ RemoteConfigBlobDownloader.swift,\ RemoteConfigBlobFetcher.swift,\ RemoteConfigBlobRefHelpers.swift,\ RemoteConfigBlobStore.swift,\ RemoteConfigDiskCache.swift,\ RemoteConfigFetchContext.swift,\ RemoteConfigManager.swift,\ RemoteConfigSignatureContextProvider.swift,\ RemoteConfigSourceProvider.swift,\ RemoteConfigTopic.swift,\ RequestLane.swift,\ CustomerCenterConfigResponse.swift,\ CustomerInfoResponse.swift,\ ExternalPurchaseTokenResponse.swift,\ GetIntroEligibilityResponse.swift,\ HealthReportAvailabilityResponse.swift,\ HealthReportResponse.swift,\ HostedCheckoutResponse.swift,\ IAMResponses.swift,\ IsPurchaseAllowedByRestoreBehaviorResponse.swift,\ OfferingsResponse.swift,\ PostOfferResponse.swift,\ ProductEntitlementMappingResponse.swift,\ RemoteConfiguration.swift,\ PaywallComponentsData.swift,\ UIConfig.swift,\ VirtualCurrenciesResponse.swift,\ WebBillingProductsResponse.swift,\ WebOfferingProductsResponse.swift,\ WorkflowBranch.swift,\ WorkflowTriggerAction.swift,\ WorkflowsResponse.swift,\ SDKSettings.swift,\ SDKSettingsConfigProvider.swift,\ SourceHealthChecker.swift,\ TokenAPI.swift,\ UiConfigProvider.swift,\ VirtualCurrenciesAPI.swift,\ WebBillingAPI.swift,\ WebBillingHTTPRequestPath.swift,\ WeightedSourceSelector.swift,\ WorkflowsConfigProvider.swift,\ CustomerInfo+OfflineEntitlements.swift,\ OfflineCustomerInfoCreator.swift,\ OfflineEntitlementsManager.swift,\ ProductEntitlementMapping.swift,\ ProductEntitlementMappingFetcher.swift,\ PurchasedProductsFetcher.swift,\ PurchasedSK2Product.swift,\ Background.swift,\ Border.swift,\ ComponentOverrides.swift,\ Dimension.swift,\ PaywallComponentBase.swift,\ PaywallComponentLocalization.swift,\ PaywallComponentPropertyTypes.swift,\ StateDeclaration.swift,\ StateUpdate.swift,\ PaywallButtonComponent.swift,\ PaywallCarouselComponent.swift,\ PaywallCountdownComponent.swift,\ PaywallHeaderComponent.swift,\ PaywallIconComponent.swift,\ PaywallImageComponent.swift,\ PaywallPackageComponent.swift,\ PaywallPurchaseButtonComponent.swift,\ PaywallStackComponent.swift,\ PaywallStickyFooterComponent.swift,\ PaywallTabsComponent.swift,\ PaywallTextComponent.swift,\ PaywallTimelineComponent.swift,\ PaywallV2CacheWarming.swift,\ PaywallVideoComponent.swift,\ PaywallWebViewComponent.swift,\ PaywallAnimation.swift,\ PaywallTransition.swift,\ CustomPaywallEvent.swift,\ CustomPaywallImpressionParams.swift,\ EventsRequest+CustomPaywallImpression.swift,\ EventsRequest+Paywall.swift,\ PaywallEvent.swift,\ WorkflowEvent.swift,\ ExitOffer.swift,\ Locale+Comparison.swift,\ PaywallCacheWarming.swift,\ PaywallColor.swift,\ PaywallData+Localization.swift,\ PaywallData.swift,\ PaywallFontManagerType.swift,\ PaywallSource.swift,\ PaywallViewMode.swift,\ SubscriptionHistoryTracker.swift,\ WebBundleEventBus.swift,\ WebBundleURLBatcher.swift,\ WebViewDataStoreIdentifierStore.swift,\ BranchResolver.swift,\ CachingProductsManager.swift,\ CachingTrialOrIntroPriceEligibilityChecker.swift,\ Configuration.swift,\ EntitlementInfo.swift,\ EntitlementInfos.swift,\ ExternalPurchaseCustomLinkType.swift,\ ExternalPurchaseFlow.swift,\ ExternalPurchaseLinkResult.swift,\ ExternalPurchaseManager.swift,\ ExternalPurchaseNotice.swift,\ ExternalPurchaseTokenType.swift,\ StoreKitExternalPurchaseCustomLink.swift,\ HostedCheckoutManager.swift,\ HostedCheckoutSession.swift,\ InstallmentsInfo.swift,\ InstallmentsInfoFactory.swift,\ IntroEligibility.swift,\ IntroEligibilityCalculator.swift,\ NonSubscriptionTransaction.swift,\ Offering.swift,\ Offerings.swift,\ OfferingsFactory.swift,\ OfferingsManager.swift,\ Package.swift,\ PackageType.swift,\ ProductRequestData+Initialization.swift,\ ProductRequestData.swift,\ ProductsManager.swift,\ ProductsManagerFactory.swift,\ ProductsManagerType.swift,\ ProductsRequestFactory.swift,\ PurchaseOwnershipType.swift,\ Attribution.swift,\ ConfiguredStoreEnvironment.swift,\ LocalTransactionMetadata.swift,\ LocalTransactionMetadataStore.swift,\ PurchaseParams.swift,\ Purchases.swift,\ PurchasesAreCompletedBy.swift,\ PurchasesConfiguredNotifier.swift,\ PurchasesDelegate.swift,\ PurchasesOrchestrator.swift,\ PurchasesType.swift,\ TransactionMetadataSyncHelper.swift,\ TransactionNotifications.swift,\ TransactionPoster.swift,\ ReceiptFetcher.swift,\ ReceiptRefreshPolicy.swift,\ SimulatedStoreProduct.swift,\ SimulatedStoreProductsManager.swift,\ SimulatedStorePurchaseHandler.swift,\ SimulatedStorePurchaseUI.swift,\ SimulatedStoreTransaction.swift,\ SimulatedStoreTransactionFetcher.swift,\ WebBillingProduct+SimulatedStoreProduct.swift,\ PaymentQueueWrapper.swift,\ ProductsFetcherSK1.swift,\ StoreKit1Wrapper.swift,\ StoreKitRequestFetcher.swift,\ StoreKit2ObserverModePurchaseDetector.swift,\ CompoundProductIdentifier.swift,\ CompoundProductIdentifierResolver.swift,\ ProductsFetcherSK2.swift,\ SK2AppTransaction.swift,\ SK2BeginRefundRequestHelper.swift,\ StoreKit2ConfirmInOptions.swift,\ StoreKit2ProductPurchaser.swift,\ StoreKit2PromotionalOfferPurchaseOptions.swift,\ StoreKit2PurchaseIntentListener.swift,\ StoreKit2Receipt.swift,\ StoreKit2StorefrontListener.swift,\ StoreKit2TransactionFetcher.swift,\ StoreKit2TransactionListener.swift,\ WinBackEligibilityAdapters.swift,\ WinBackOfferEligibilityCalculator.swift,\ WinBackOfferEligibilityCalculatorType.swift,\ BillingPlanType.swift,\ EncodedAppleReceipt.swift,\ ProductType.swift,\ PromotionalOffer.swift,\ RevocationReason.swift,\ SK1StoreProduct.swift,\ SK1StoreProductDiscount.swift,\ SK1StoreTransaction.swift,\ SK1Storefront.swift,\ SK2StoreProduct.swift,\ SK2StoreProductDiscount.swift,\ SK2StoreTransaction.swift,\ SK2Storefront.swift,\ StoreEnvironment.swift,\ StoreKitWorkarounds.swift,\ StoreProduct.swift,\ StoreProductDiscount.swift,\ StoreTransaction.swift,\ Storefront.swift,\ StorefrontProvider.swift,\ SubscriptionPeriod.swift,\ TestStoreProduct.swift,\ TestStoreProductDiscount.swift,\ TestStoreTransaction.swift,\ TransactionReason.swift,\ WinBackOffer.swift,\ TransactionsFactory.swift,\ TransactionsManager.swift,\ TrialOrIntroPriceEligibilityChecker.swift,\ WorkflowManager.swift,\ CaseOperators.swift,\ CustomOperators.swift,\ EntriesOperators.swift,\ LetOperator.swift,\ RegexOperators.swift,\ RootVarOperator.swift,\ SemverOperator.swift,\ SliceOperator.swift,\ SortByOperator.swift,\ SplitOperator.swift,\ EvaluationError.swift,\ Evaluator.swift,\ ObjectValue.swift,\ AccessorOperators.swift,\ ArithmeticOperators.swift,\ ComparisonOperators.swift,\ EqualityOperators.swift,\ IterationOperators.swift,\ LogicOperators.swift,\ MinMaxOperators.swift,\ MiscOperators.swift,\ Operators.swift,\ StringArrayOperators.swift,\ RulesEngine.swift,\ RulesEngineEvaluate.swift,\ RulesEngineLogger.swift,\ Scope.swift,\ Value+JSON.swift,\ Value.swift,\ FakeSigning.swift,\ HTTPRequest+Signing.swift,\ HTTPRequestBody+Signing.swift,\ Keychain.swift,\ Signing+ResponseVerification.swift,\ Signing.swift,\ VerificationResult.swift,\ AttributionDataMigrator.swift,\ AttributionKey.swift,\ ReservedSubscriberAttributes.swift,\ SubscriberAttribute.swift,\ SubscriberAttributesManager+Appstack.swift,\ SubscriberAttributesManager.swift,\ BeginRefundRequestHelper.swift,\ DebugContentViews.swift,\ DebugView.swift,\ DebugViewController.swift,\ DebugViewModel.swift,\ DebugViewSheetPresentation.swift,\ ProductStatus+Icon.swift,\ SDKHealthCheckStatus+Icon.swift,\ SDKHealthStatus+Icon.swift,\ FrameworkDisambiguation.swift,\ HealthReport+Validate.swift,\ ManageSubscriptionsHelper.swift,\ PaymentAuthorizationProvider.swift,\ PaywallExtensions.swift,\ PurchasesDiagnostics.swift,\ SDKHealthError+CustomNSError.swift,\ SDKHealthManager.swift,\ StoreMessageType.swift,\ StoreMessagesHelper.swift,\ SwiftVersionCheck.swift,\ VirtualCurrencies.swift,\ VirtualCurrency.swift,\ VirtualCurrencyManager.swift,\ URL+WebPurchaseRedemption.swift,\ WebPurchaseRedemption.swift,\ WebPurchaseRedemptionHelper.swift,\ WebPurchaseRedemptionResult.swift /Users/runner/Library/Developer/Xcode/DerivedData/App-bftnsirjgxxrogcvaqjekecjqrkn/Build/Intermediates.noindex/ArchiveIntermediates/App/IntermediateBuildFilesPath/RevenueCat.build/Release-iphoneos/RevenueCat.build/DerivedSources/resource_bundle_accessor.swift /Users/runner/Library/Developer/Xcode/DerivedData/App-bftnsirjgxxrogcvaqjekecjqrkn/SourcePackages/checkouts/purchases-ios-spm/Sources/Ads/AdTracker.swift /Users/runner/Library/Developer/Xcode/DerivedData/App-bftnsirjgxxrogcvaqjekecjqrkn/SourcePackages/checkouts/purchases-ios-spm/Sources/Ads/AdsAPI.swift /Users/runner/Library/Developer/Xcode/DerivedData/App-bftnsirjgxxrogcvaqjekecjqrkn/SourcePackages/checkouts/purchases-ios-spm/Sources/Ads/Events/AdEvent.swift /Users/runner/Library/Developer/Xcode/DerivedData/App-bftnsirjgxxrogcvaqjekecjqrkn/SourcePackages/checkouts/purchases-ios-spm/Sources/Ads/Events/AdEventStore.swift /Users/runner/Library/Developer/Xcode/DerivedData/App-bftnsirjgxxrogcvaqjekecjqrkn/SourcePackages/checkouts/purchases-ios-spm/Sources/Ads/Events/AdRewardEvents.swift /Users/runner/Library/Developer/Xcode/DerivedData/App-bftnsirjgxxrogcvaqjekecjqrkn/SourcePackages/checkouts/purchases-ios-spm/Sources/Ads/Events/Networking/AdEventsRequest.swift /Users/runner/Library/Developer/Xcode/DerivedData/App-bftnsirjgxxrogcvaqjekecjqrkn/SourcePackages/checkouts/purchases-ios-spm/Sources/Ads/Events/Networking/AdHTTPRequestPath.swift /Users/runner/Library/Developer/Xcode/DerivedData/App-bftnsirjgxxrogcvaqjekecjqrkn/SourcePackages/checkouts/purchases-ios-spm/Sources/Ads/Events/Networking/PostAdEventsOperation.swift /Users/runner/Library/Developer/Xcode/DerivedData/App-bftnsirjgxxrogcvaqjekecjqrkn/SourcePackages/checkouts/purchases-ios-spm/Sources/Ads/Events/StoredAdEvent.swift /Users/runner/Library/Developer/Xcode/DerivedData/App-bftnsirjgxxrogcvaqjekecjqrkn/SourcePackages/checkouts/purchases-ios-spm/Sources/Ads/Events/StoredAdEventSerializer.swift /Users/runner/Library/Developer/Xcode/DerivedData/App-bftnsirjgxxrogcvaqjekecjqrkn/SourcePackages/checkouts/purchases-ios-spm/Sources/Ads/RewardVerification/AdReward.swift /Users/runner/Library/Developer/Xcode/DerivedData/App-bftnsirjgxxrogcvaqjekecjqrkn/SourcePackages/checkouts/purchases-ios-spm/Sources/Ads/RewardVerification/EntitlementReward.swift /Users/runner/Library/Developer/Xcode/DerivedData/App-bftnsirjgxxrogcvaqjekecjqrkn/SourcePackages/checkouts/purchases-ios-spm/Sources/Ads/RewardVerification/Networking/GetRewardVerificationStatusOperation.swift /Users/runner/Library/Developer/Xcode/DerivedData/App-bftnsirjgxxrogcvaqjekecjqrkn/SourcePackages/checkouts/purchases-ios-spm/Sources/Ads/RewardVerification/Networking/RewardVerificationStatusCallback.swift /Users/runner/Library/Developer/Xcode/DerivedData/App-bftnsirjgxxrogcvaqjekecjqrkn/SourcePackages/checkouts/purchases-ios-spm/Sources/Ads/RewardVerification/Networking/RewardVerificationStatusResponse.swift /Users/runner/Library/Developer/Xcode/DerivedData/App-bftnsirjgxxrogcvaqjekecjqrkn/SourcePackages/checkouts/purchases-ios-spm/Sources/Ads/RewardVerification/Outcome.swift /Users/runner/Library/Developer/Xcode/DerivedData/App-bftnsirjgxxrogcvaqjekecjqrkn/SourcePackages/checkouts/purchases-ios-spm/Sources/Ads/RewardVerification/Poller.swift /Users/runner/Library/Developer/Xcode/DerivedData/App-bftnsirjgxxrogcvaqjekecjqrkn/SourcePackages/checkouts/purchases-ios-spm/Sources/Ads/RewardVerification/RewardVerification.swift /Users/runner/Library/Developer/Xcode/DerivedData/App-bftnsirjgxxrogcvaqjekecjqrkn/SourcePackages/checkouts/purchases-ios-spm/Sources/Ads/RewardVerification/RewardVerificationPollStatus.swift /Users/runner/Library/Developer/Xcode/DerivedData/App-bftnsirjgxxrogcvaqjekecjqrkn/SourcePackages/checkouts/purchases-ios-spm/Sources/Ads/RewardVerification/RewardVerificationResult.swift /Users/runner/Library/Developer/Xcode/DerivedData/App-bftnsirjgxxrogcvaqjekecjqrkn/SourcePackages/checkouts/purchases-ios-spm/Sources/Ads/RewardVerification/RewardVerificationToken.swift /Users/runner/Library/Developer/Xcode/DerivedData/App-bftnsirjgxxrogcvaqjekecjqrkn/SourcePackages/checkouts/purchases-ios-spm/Sources/Ads/RewardVerification/RewardedAdTrackingMetadata.swift /Users/runner/Library/Developer/Xcode/DerivedData/App-bftnsirjgxxrogcvaqjekecjqrkn/SourcePackages/checkouts/purchases-ios-spm/Sources/Ads/RewardVerification/VirtualCurrencyReward.swift /Users/runner/Library/Developer/Xcode/DerivedData/App-bftnsirjgxxrogcvaqjekecjqrkn/SourcePackages/checkouts/purchases-ios-spm/Sources/Attribution/ASIdManagerProxy.swift /Users/runner/Library/Developer/Xcode/DerivedData/App-bftnsirjgxxrogcvaqjekecjqrkn/SourcePackages/checkouts/purchases-ios-spm/Sources/Attribution/AttributionData.swift /Users/runner/Library/Developer/Xcode/DerivedData/App-bftnsirjgxxrogcvaqjekecjqrkn/SourcePackages/checkouts/purchases-ios-spm/Sources/Attribution/AttributionFetcher.swift /Users/runner/Library/Developer/Xcode/DerivedData/App-bftnsirjgxxrogcvaqjekecjqrkn/SourcePackages/checkouts/purchases-ios-spm/Sources/Attribution/AttributionNetwork.swift /Users/runner/Library/Developer/Xcode/DerivedData/App-bftnsirjgxxrogcvaqjekecjqrkn/SourcePackages/checkouts/purchases-ios-spm/Sources/Attribution/AttributionPoster.swift /Users/runner/Library/Developer/Xcode/DerivedData/App-bftnsirjgxxrogcvaqjekecjqrkn/SourcePackages/checkouts/purchases-ios-spm/Sources/Attribution/AttributionTypeFactory.swift /Users/runner/Library/Developer/Xcode/DerivedData/App-bftnsirjgxxrogcvaqjekecjqrkn/SourcePackages/checkouts/purchases-ios-spm/Sources/Attribution/TrackingManagerProxy.swift /Users/runner/Library/Developer/Xcode/DerivedData/App-bftnsirjgxxrogcvaqjekecjqrkn/SourcePackages/checkouts/purchases-ios-spm/Sources/Authentication/Authentication.swift /Users/runner/Library/Developer/Xcode/DerivedData/App-bftnsirjgxxrogcvaqjekecjqrkn/SourcePackages/checkouts/purchases-ios-spm/Sources/Caching/CacheStatus.swift /Users/runner/Library/Developer/Xcode/DerivedData/App-bftnsirjgxxrogcvaqjekecjqrkn/SourcePackages/checkouts/purchases-ios-spm/Sources/Caching/Checksum.swift /Users/runner/Library/Developer/Xcode/DerivedData/App-bftnsirjgxxrogcvaqjekecjqrkn/SourcePackages/checkouts/purchases-ios-spm/Sources/Caching/DeviceCache.swift /Users/runner/Library/Developer/Xcode/DerivedData/App-bftnsirjgxxrogcvaqjekecjqrkn/SourcePackages/checkouts/purchases-ios-spm/Sources/Caching/DirectoryHelper.swift /Users/runner/Library/Developer/Xcode/DerivedData/App-bftnsirjgxxrogcvaqjekecjqrkn/SourcePackages/checkouts/purchases-ios-spm/Sources/Caching/FileRepository.swift /Users/runner/Library/Developer/Xcode/DerivedData/App-bftnsirjgxxrogcvaqjekecjqrkn/SourcePackages/checkouts/purchases-ios-spm/Sources/Caching/InMemoryCachedObject.swift /Users/runner/Library/Developer/Xcode/DerivedData/App-bftnsirjgxxrogcvaqjekecjqrkn/SourcePackages/checkouts/purchases-ios-spm/Sources/Caching/KeyedDeferredValueStore.swift /Users/runner/Library/Developer/Xcode/DerivedData/App-bftnsirjgxxrogcvaqjekecjqrkn/SourcePackages/checkouts/purchases-ios-spm/Sources/Caching/LargeItemCacheType.swift /Users/runner/Library/Developer/Xcode/DerivedData/App-bftnsirjgxxrogcvaqjekecjqrkn/SourcePackages/checkouts/purchases-ios-spm/Sources/Caching/URLWithValidation.swift /Users/runner/Library/Developer/Xcode/DerivedData/App-bftnsirjgxxrogcvaqjekecjqrkn/SourcePackages/checkouts/purchases-ios-spm/Sources/Checkpoints/CheckpointEvent.swift /Users/runner/Library/Developer/Xcode/DerivedData/App-bftnsirjgxxrogcvaqjekecjqrkn/SourcePackages/checkouts/purchases-ios-spm/Sources/Checkpoints/CheckpointWorkflowResolver.swift /Users/runner/Library/Developer/Xcode/DerivedData/App-bftnsirjgxxrogcvaqjekecjqrkn/SourcePackages/checkouts/purchases-ios-spm/Sources/Checkpoints/Checkpoints.swift /Users/runner/Library/Developer/Xcode/DerivedData/App-bftnsirjgxxrogcvaqjekecjqrkn/SourcePackages/checkouts/purchases-ios-spm/Sources/Checkpoints/ResolvedCheckpointWorkflow.swift /Users/runner/Library/Developer/Xcode/DerivedData/App-bftnsirjgxxrogcvaqjekecjqrkn/SourcePackages/checkouts/purchases-ios-spm/Sources/CodableExtensions/PeriodType+Extensions.swift /Users/runner/Library/Developer/Xcode/DerivedData/App-bftnsirjgxxrogcvaqjekecjqrkn/SourcePackages/checkouts/purchases-ios-spm/Sources/CodableExtensions/PurchaseOwnershipType+Extensions.swift /Users/runner/Library/Developer/Xcode/DerivedData/App-bftnsirjgxxrogcvaqjekecjqrkn/SourcePackages/checkouts/purchases-ios-spm/Sources/CodableExtensions/Store+Extensions.swift /Users/runner/Library/Developer/Xcode/DerivedData/App-bftnsirjgxxrogcvaqjekecjqrkn/SourcePackages/checkouts/purchases-ios-spm/Sources/CustomerCenter/CustomerCenterConfigData.swift /Users/runner/Library/Developer/Xcode/DerivedData/App-bftnsirjgxxrogcvaqjekecjqrkn/SourcePackages/checkouts/purchases-ios-spm/Sources/CustomerCenter/CustomerCenterPresentationMode.swift /Users/runner/Library/Developer/Xcode/DerivedData/App-bftnsirjgxxrogcvaqjekecjqrkn/SourcePackages/checkouts/purchases-ios-spm/Sources/CustomerCenter/Events/CustomerCenterEvent.swift /Users/runner/Library/Developer/Xcode/DerivedData/App-bftnsirjgxxrogcvaqjekecjqrkn/SourcePackages/checkouts/purchases-ios-spm/Sources/CustomerCenter/Events/Networking/EventsRequest+CustomerCenter.swift /Users/runner/Library/Developer/Xcode/DerivedData/App-bftnsirjgxxrogcvaqjekecjqrkn/SourcePackages/checkouts/purchases-ios-spm/Sources/DeepLink/DeepLinkParser.swift /Users/runner/Library/Developer/Xcode/DerivedData/App-bftnsirjgxxrogcvaqjekecjqrkn/SourcePackages/checkouts/purchases-ios-spm/Sources/Diagnostics/DiagnosticsEvent.swift /Users/runner/Library/Developer/Xcode/DerivedData/App-bftnsirjgxxrogcvaqjekecjqrkn/SourcePackages/checkouts/purchases-ios-spm/Sources/Diagnostics/DiagnosticsFileHandler.swift /Users/runner/Library/Developer/Xcode/DerivedData/App-bftnsirjgxxrogcvaqjekecjqrkn/SourcePackages/checkouts/purchases-ios-spm/Sources/Diagnostics/DiagnosticsTracker.swift /Users/runner/Library/Developer/Xcode/DerivedData/App-bftnsirjgxxrogcvaqjekecjqrkn/SourcePackages/checkouts/purchases-ios-spm/Sources/Diagnostics/FileHandler.swift /Users/runner/Library/Developer/Xcode/DerivedData/App-bftnsirjgxxrogcvaqjekecjqrkn/SourcePackages/checkouts/purchases-ios-spm/Sources/Diagnostics/Networking/DiagnosticsEventsRequest.swift /Users/runner/Library/Developer/Xcode/DerivedData/App-bftnsirjgxxrogcvaqjekecjqrkn/SourcePackages/checkouts/purchases-ios-spm/Sources/Diagnostics/Networking/DiagnosticsHTTPRequestPath.swift /Users/runner/Library/Developer/Xcode/DerivedData/App-bftnsirjgxxrogcvaqjekecjqrkn/SourcePackages/checkouts/purchases-ios-spm/Sources/Diagnostics/Networking/DiagnosticsPostOperation.swift /Users/runner/Library/Developer/Xcode/DerivedData/App-bftnsirjgxxrogcvaqjekecjqrkn/SourcePackages/checkouts/purchases-ios-spm/Sources/Diagnostics/Networking/DiagnosticsSynchronizer.swift /Users/runner/Library/Developer/Xcode/DerivedData/App-bftnsirjgxxrogcvaqjekecjqrkn/SourcePackages/checkouts/purchases-ios-spm/Sources/DocCDocumentation/EmptyFile.swift /Users/runner/Library/Developer/Xcode/DerivedData/App-bftnsirjgxxrogcvaqjekecjqrkn/SourcePackages/checkouts/purchases-ios-spm/Sources/Error\ Handling/Assertions.swift /Users/runner/Library/Developer/Xcode/DerivedData/App-bftnsirjgxxrogcvaqjekecjqrkn/SourcePackages/checkouts/purchases-ios-spm/Sources/Error\ Handling/BackendError.swift /Users/runner/Library/Developer/Xcode/DerivedData/App-bftnsirjgxxrogcvaqjekecjqrkn/SourcePackages/checkouts/purchases-ios-spm/Sources/Error\ Handling/BackendErrorCode.swift /Users/runner/Library/Developer/Xcode/DerivedData/App-bftnsirjgxxrogcvaqjekecjqrkn/SourcePackages/checkouts/purchases-ios-spm/Sources/Error\ Handling/DescribableError.swift /Users/runner/Library/Developer/Xcode/DerivedData/App-bftnsirjgxxrogcvaqjekecjqrkn/SourcePackages/checkouts/purchases-ios-spm/Sources/Error\ Handling/ErrorCode+Conformances.swift /Users/runner/Library/Developer/Xcode/DerivedData/App-bftnsirjgxxrogcvaqjekecjqrkn/SourcePackages/checkouts/purchases-ios-spm/Sources/Error\ Handling/ErrorDetails.swift /Users/runner/Library/Developer/Xcode/DerivedData/App-bftnsirjgxxrogcvaqjekecjqrkn/SourcePackages/checkouts/purchases-ios-spm/Sources/Error\ Handling/ErrorUtils.swift /Users/runner/Library/Developer/Xcode/DerivedData/App-bftnsirjgxxrogcvaqjekecjqrkn/SourcePackages/checkouts/purchases-ios-spm/Sources/Error\ Handling/PurchasesError.swift /Users/runner/Library/Developer/Xcode/DerivedData/App-bftnsirjgxxrogcvaqjekecjqrkn/SourcePackages/checkouts/purchases-ios-spm/Sources/Error\ Handling/SKError+Extensions.swift /Users/runner/Library/Developer/Xcode/DerivedData/App-bftnsirjgxxrogcvaqjekecjqrkn/SourcePackages/checkouts/purchases-ios-spm/Sources/Error\ Handling/StoreKitError+Extensions.swift /Users/runner/Library/Developer/Xcode/DerivedData/App-bftnsirjgxxrogcvaqjekecjqrkn/SourcePackages/checkouts/purchases-ios-spm/Sources/Error\ Handling/StoreKitErrorHelper.swift /Users/runner/Library/Developer/Xcode/DerivedData/App-bftnsirjgxxrogcvaqjekecjqrkn/SourcePackages/checkouts/purchases-ios-spm/Sources/Events/EventsManager.swift /Users/runner/Library/Developer/Xcode/DerivedData/App-bftnsirjgxxrogcvaqjekecjqrkn/SourcePackages/checkouts/purchases-ios-spm/Sources/Events/FeatureEvents/FeatureEvent.swift /Users/runner/Library/Developer/Xcode/DerivedData/App-bftnsirjgxxrogcvaqjekecjqrkn/SourcePackages/checkouts/purchases-ios-spm/Sources/Events/FeatureEvents/FeatureEventStore.swift /Users/runner/Library/Developer/Xcode/DerivedData/App-bftnsirjgxxrogcvaqjekecjqrkn/SourcePackages/checkouts/purchases-ios-spm/Sources/Events/FeatureEvents/Networking/FeatureEventHTTPRequestPath.swift /Users/runner/Library/Developer/Xcode/DerivedData/App-bftnsirjgxxrogcvaqjekecjqrkn/SourcePackages/checkouts/purchases-ios-spm/Sources/Events/FeatureEvents/Networking/FeatureEventsRequest+CheckpointEvent.swift /Users/runner/Library/Developer/Xcode/DerivedData/App-bftnsirjgxxrogcvaqjekecjqrkn/SourcePackages/checkouts/purchases-ios-spm/Sources/Events/FeatureEvents/Networking/FeatureEventsRequest+WorkflowEvent.swift /Users/runner/Library/Developer/Xcode/DerivedData/App-bftnsirjgxxrogcvaqjekecjqrkn/SourcePackages/checkouts/purchases-ios-spm/Sources/Events/FeatureEvents/Networking/FeatureEventsRequest.swift /Users/runner/Library/Developer/Xcode/DerivedData/App-bftnsirjgxxrogcvaqjekecjqrkn/SourcePackages/checkouts/purchases-ios-spm/Sources/Events/FeatureEvents/Networking/PostFeatureEventsOperation.swift /Users/runner/Library/Developer/Xcode/DerivedData/App-bftnsirjgxxrogcvaqjekecjqrkn/SourcePackages/checkouts/purchases-ios-spm/Sources/Events/FeatureEvents/StoredFeatureEvent.swift /Users/runner/Library/Developer/Xcode/DerivedData/App-bftnsirjgxxrogcvaqjekecjqrkn/SourcePackages/checkouts/purchases-ios-spm/Sources/Events/FeatureEvents/StoredFeatureEventSerializer.swift /Users/runner/Library/Developer/Xcode/DerivedData/App-bftnsirjgxxrogcvaqjekecjqrkn/SourcePackages/checkouts/purchases-ios-spm/Sources/Events/Networking/EventsHTTPRequestPath.swift /Users/runner/Library/Developer/Xcode/DerivedData/App-bftnsirjgxxrogcvaqjekecjqrkn/SourcePackages/checkouts/purchases-ios-spm/Sources/FoundationExtensions/Array+Extensions.swift /Users/runner/Library/Developer/Xcode/DerivedData/App-bftnsirjgxxrogcvaqjekecjqrkn/SourcePackages/checkouts/purchases-ios-spm/Sources/FoundationExtensions/AsyncExtensions.swift /Users/runner/Library/Developer/Xcode/DerivedData/App-bftnsirjgxxrogcvaqjekecjqrkn/SourcePackages/checkouts/purchases-ios-spm/Sources/FoundationExtensions/Data+Extensions.swift /Users/runner/Library/Developer/Xcode/DerivedData/App-bftnsirjgxxrogcvaqjekecjqrkn/SourcePackages/checkouts/purchases-ios-spm/Sources/FoundationExtensions/Date+Extensions.swift /Users/runner/Library/Developer/Xcode/DerivedData/App-bftnsirjgxxrogcvaqjekecjqrkn/SourcePackages/checkouts/purchases-ios-spm/Sources/FoundationExtensions/Decoder+Extensions.swift /Users/runner/Library/Developer/Xcode/DerivedData/App-bftnsirjgxxrogcvaqjekecjqrkn/SourcePackages/checkouts/purchases-ios-spm/Sources/FoundationExtensions/Dictionary+Extensions.swift /Users/runner/Library/Developer/Xcode/DerivedData/App-bftnsirjgxxrogcvaqjekecjqrkn/SourcePackages/checkouts/purchases-ios-spm/Sources/FoundationExtensions/DispatchTimeInterval+Extensions.swift /Users/runner/Library/Developer/Xcode/DerivedData/App-bftnsirjgxxrogcvaqjekecjqrkn/SourcePackages/checkouts/purchases-ios-spm/Sources/FoundationExtensions/Error+Extensions.swift /Users/runner/Library/Developer/Xcode/DerivedData/App-bftnsirjgxxrogcvaqjekecjqrkn/SourcePackages/checkouts/purchases-ios-spm/Sources/FoundationExtensions/Integer+Extensions.swift /Users/runner/Library/Developer/Xcode/DerivedData/App-bftnsirjgxxrogcvaqjekecjqrkn/SourcePackages/checkouts/purchases-ios-spm/Sources/FoundationExtensions/Locale+Extensions.swift /Users/runner/Library/Developer/Xcode/DerivedData/App-bftnsirjgxxrogcvaqjekecjqrkn/SourcePackages/checkouts/purchases-ios-spm/Sources/FoundationExtensions/NSNumber+JSON.swift /Users/runner/Library/Developer/Xcode/DerivedData/App-bftnsirjgxxrogcvaqjekecjqrkn/SourcePackages/checkouts/purchases-ios-spm/Sources/FoundationExtensions/OperationQueue+Extensions.swift /Users/runner/Library/Developer/Xcode/DerivedData/App-bftnsirjgxxrogcvaqjekecjqrkn/SourcePackages/checkouts/purchases-ios-spm/Sources/FoundationExtensions/Operators+Extensions.swift /Users/runner/Library/Developer/Xcode/DerivedData/App-bftnsirjgxxrogcvaqjekecjqrkn/SourcePackages/checkouts/purchases-ios-spm/Sources/FoundationExtensions/Optional+Extensions.swift /Users/runner/Library/Developer/Xcode/DerivedData/App-bftnsirjgxxrogcvaqjekecjqrkn/SourcePackages/checkouts/purchases-ios-spm/Sources/FoundationExtensions/Result+Extensions.swift /Users/runner/Library/Developer/Xcode/DerivedData/App-bftnsirjgxxrogcvaqjekecjqrkn/SourcePackages/checkouts/purchases-ios-spm/Sources/FoundationExtensions/Set+Extensions.swift /Users/runner/Library/Developer/Xcode/DerivedData/App-bftnsirjgxxrogcvaqjekecjqrkn/SourcePackages/checkouts/purchases-ios-spm/Sources/FoundationExtensions/String+Extensions.swift /Users/runner/Library/Developer/Xcode/DerivedData/App-bftnsirjgxxrogcvaqjekecjqrkn/SourcePackages/checkouts/purchases-ios-spm/Sources/FoundationExtensions/TimeInterval+Extensions.swift /Users/runner/Library/Developer/Xcode/DerivedData/App-bftnsirjgxxrogcvaqjekecjqrkn/SourcePackages/checkouts/purchases-ios-spm/Sources/FoundationExtensions/UIApplication+RCExtensions.swift /Users/runner/Library/Developer/Xcode/DerivedData/App-bftnsirjgxxrogcvaqjekecjqrkn/SourcePackages/checkouts/purchases-ios-spm/Sources/FoundationExtensions/UserDefaults+Extensions.swift /Users/runner/Library/Developer/Xcode/DerivedData/App-bftnsirjgxxrogcvaqjekecjqrkn/SourcePackages/checkouts/purchases-ios-spm/Sources/Generated/ErrorCode.swift /Users/runner/Library/Developer/Xcode/DerivedData/App-bftnsirjgxxrogcvaqjekecjqrkn/SourcePackages/checkouts/purchases-ios-spm/Sources/Identity/CustomerInfo+ActiveDates.swift /Users/runner/Library/Developer/Xcode/DerivedData/App-bftnsirjgxxrogcvaqjekecjqrkn/SourcePackages/checkouts/purchases-ios-spm/Sources/Identity/CustomerInfo+NonSubscriptions.swift /Users/runner/Library/Developer/Xcode/DerivedData/App-bftnsirjgxxrogcvaqjekecjqrkn/SourcePackages/checkouts/purchases-ios-spm/Sources/Identity/CustomerInfo.swift /Users/runner/Library/Developer/Xcode/DerivedData/App-bftnsirjgxxrogcvaqjekecjqrkn/SourcePackages/checkouts/purchases-ios-spm/Sources/Identity/CustomerInfoManager.swift /Users/runner/Library/Developer/Xcode/DerivedData/App-bftnsirjgxxrogcvaqjekecjqrkn/SourcePackages/checkouts/purchases-ios-spm/Sources/Identity/Identity.swift /Users/runner/Library/Developer/Xcode/DerivedData/App-bftnsirjgxxrogcvaqjekecjqrkn/SourcePackages/checkouts/purchases-ios-spm/Sources/Identity/IdentityManager.swift /Users/runner/Library/Developer/Xcode/DerivedData/App-bftnsirjgxxrogcvaqjekecjqrkn/SourcePackages/checkouts/purchases-ios-spm/Sources/Identity/ProductPaidPrice.swift /Users/runner/Library/Developer/Xcode/DerivedData/App-bftnsirjgxxrogcvaqjekecjqrkn/SourcePackages/checkouts/purchases-ios-spm/Sources/Identity/SubscriptionInfo.swift /Users/runner/Library/Developer/Xcode/DerivedData/App-bftnsirjgxxrogcvaqjekecjqrkn/SourcePackages/checkouts/purchases-ios-spm/Sources/LocalReceiptParsing/BasicTypes/ASN1Container.swift /Users/runner/Library/Developer/Xcode/DerivedData/App-bftnsirjgxxrogcvaqjekecjqrkn/SourcePackages/checkouts/purchases-ios-spm/Sources/LocalReceiptParsing/BasicTypes/ASN1ObjectIdentifier.swift /Users/runner/Library/Developer/Xcode/DerivedData/App-bftnsirjgxxrogcvaqjekecjqrkn/SourcePackages/checkouts/purchases-ios-spm/Sources/LocalReceiptParsing/BasicTypes/AppleReceipt.swift /Users/runner/Library/Developer/Xcode/DerivedData/App-bftnsirjgxxrogcvaqjekecjqrkn/SourcePackages/checkouts/purchases-ios-spm/Sources/LocalReceiptParsing/BasicTypes/InAppPurchase.swift /Users/runner/Library/Developer/Xcode/DerivedData/App-bftnsirjgxxrogcvaqjekecjqrkn/SourcePackages/checkouts/purchases-ios-spm/Sources/LocalReceiptParsing/Builders/ASN1ContainerBuilder.swift /Users/runner/Library/Developer/Xcode/DerivedData/App-bftnsirjgxxrogcvaqjekecjqrkn/SourcePackages/checkouts/purchases-ios-spm/Sources/LocalReceiptParsing/Builders/ASN1ObjectIdentifierBuilder.swift /Users/runner/Library/Developer/Xcode/DerivedData/App-bftnsirjgxxrogcvaqjekecjqrkn/SourcePackages/checkouts/purchases-ios-spm/Sources/LocalReceiptParsing/Builders/AppleReceiptBuilder.swift /Users/runner/Library/Developer/Xcode/DerivedData/App-bftnsirjgxxrogcvaqjekecjqrkn/SourcePackages/checkouts/purchases-ios-spm/Sources/LocalReceiptParsing/Builders/InAppPurchaseBuilder.swift /Users/runner/Library/Developer/Xcode/DerivedData/App-bftnsirjgxxrogcvaqjekecjqrkn/SourcePackages/checkouts/purchases-ios-spm/Sources/LocalReceiptParsing/DataConverters/ArraySlice_UInt8+Extensions.swift /Users/runner/Library/Developer/Xcode/DerivedData/App-bftnsirjgxxrogcvaqjekecjqrkn/SourcePackages/checkouts/purchases-ios-spm/Sources/LocalReceiptParsing/DataConverters/Codable+Extensions.swift /Users/runner/Library/Developer/Xcode/DerivedData/App-bftnsirjgxxrogcvaqjekecjqrkn/SourcePackages/checkouts/purchases-ios-spm/Sources/LocalReceiptParsing/DataConverters/DateFormatter+Extensions.swift /Users/runner/Library/Developer/Xcode/DerivedData/App-bftnsirjgxxrogcvaqjekecjqrkn/SourcePackages/checkouts/purchases-ios-spm/Sources/LocalReceiptParsing/DataConverters/UInt8+Extensions.swift /Users/runner/Library/Developer/Xcode/DerivedData/App-bftnsirjgxxrogcvaqjekecjqrkn/SourcePackages/checkouts/purchases-ios-spm/Sources/LocalReceiptParsing/Helpers/FileReader.swift /Users/runner/Library/Developer/Xcode/DerivedData/App-bftnsirjgxxrogcvaqjekecjqrkn/SourcePackages/checkouts/purchases-ios-spm/Sources/LocalReceiptParsing/Helpers/LoggerType.swift /Users/runner/Library/Developer/Xcode/DerivedData/App-bftnsirjgxxrogcvaqjekecjqrkn/SourcePackages/checkouts/purchases-ios-spm/Sources/LocalReceiptParsing/Helpers/ProcessInfo+Extensions.swift /Users/runner/Library/Developer/Xcode/DerivedData/App-bftnsirjgxxrogcvaqjekecjqrkn/SourcePackages/checkouts/purchases-ios-spm/Sources/LocalReceiptParsing/Helpers/ReceiptParserLogger.swift /Users/runner/Library/Developer/Xcode/DerivedData/App-bftnsirjgxxrogcvaqjekecjqrkn/SourcePackages/checkouts/purchases-ios-spm/Sources/LocalReceiptParsing/Helpers/ReceiptStrings.swift /Users/runner/Library/Developer/Xcode/DerivedData/App-bftnsirjgxxrogcvaqjekecjqrkn/SourcePackages/checkouts/purchases-ios-spm/Sources/LocalReceiptParsing/LocalReceiptFetcher.swift /Users/runner/Library/Developer/Xcode/DerivedData/App-bftnsirjgxxrogcvaqjekecjqrkn/SourcePackages/checkouts/purchases-ios-spm/Sources/LocalReceiptParsing/PurchasesReceiptParser.swift /Users/runner/Library/Developer/Xcode/DerivedData/App-bftnsirjgxxrogcvaqjekecjqrkn/SourcePackages/checkouts/purchases-ios-spm/Sources/LocalReceiptParsing/ReceiptParsingError.swift /Users/runner/Library/Developer/Xcode/DerivedData/App-bftnsirjgxxrogcvaqjekecjqrkn/SourcePackages/checkouts/purchases-ios-spm/Sources/LocalRules/AnyDecodable+DimensionValue.swift /Users/runner/Library/Developer/Xcode/DerivedData/App-bftnsirjgxxrogcvaqjekecjqrkn/SourcePackages/checkouts/purchases-ios-spm/Sources/LocalRules/CustomerInfoDimensionProvider.swift /Users/runner/Library/Developer/Xcode/DerivedData/App-bftnsirjgxxrogcvaqjekecjqrkn/SourcePackages/checkouts/purchases-ios-spm/Sources/LocalRules/DeviceDimensionProvider.swift /Users/runner/Library/Developer/Xcode/DerivedData/App-bftnsirjgxxrogcvaqjekecjqrkn/SourcePackages/checkouts/purchases-ios-spm/Sources/LocalRules/Dictionary+DimensionValue.swift /Users/runner/Library/Developer/Xcode/DerivedData/App-bftnsirjgxxrogcvaqjekecjqrkn/SourcePackages/checkouts/purchases-ios-spm/Sources/LocalRules/DimensionProvider.swift /Users/runner/Library/Developer/Xcode/DerivedData/App-bftnsirjgxxrogcvaqjekecjqrkn/SourcePackages/checkouts/purchases-ios-spm/Sources/LocalRules/DimensionResolver.swift /Users/runner/Library/Developer/Xcode/DerivedData/App-bftnsirjgxxrogcvaqjekecjqrkn/SourcePackages/checkouts/purchases-ios-spm/Sources/LocalRules/LocalRulesEvaluator.swift /Users/runner/Library/Developer/Xcode/DerivedData/App-bftnsirjgxxrogcvaqjekecjqrkn/SourcePackages/checkouts/purchases-ios-spm/Sources/LocalRules/RulesEngineLoggerBridge.swift /Users/runner/Library/Developer/Xcode/DerivedData/App-bftnsirjgxxrogcvaqjekecjqrkn/SourcePackages/checkouts/purchases-ios-spm/Sources/LocalRules/StoreDimensionProvider.swift /Users/runner/Library/Developer/Xcode/DerivedData/App-bftnsirjgxxrogcvaqjekecjqrkn/SourcePackages/checkouts/purchases-ios-spm/Sources/LocalRules/SubscriberAttributesDimensionProvider.swift /Users/runner/Library/Developer/Xcode/DerivedData/App-bftnsirjgxxrogcvaqjekecjqrkn/SourcePackages/checkouts/purchases-ios-spm/Sources/LocalRules/SubscriberDimensionsProvider.swift /Users/runner/Library/Developer/Xcode/DerivedData/App-bftnsirjgxxrogcvaqjekecjqrkn/SourcePackages/checkouts/purchases-ios-spm/Sources/Logging/LogIntent.swift /Users/runner/Library/Developer/Xcode/DerivedData/App-bftnsirjgxxrogcvaqjekecjqrkn/SourcePackages/checkouts/purchases-ios-spm/Sources/Logging/Logger.swift /Users/runner/Library/Developer/Xcode/DerivedData/App-bftnsirjgxxrogcvaqjekecjqrkn/SourcePackages/checkouts/purchases-ios-spm/Sources/Logging/Strings/AdsStrings.swift /Users/runner/Library/Developer/Xcode/DerivedData/App-bftnsirjgxxrogcvaqjekecjqrkn/SourcePackages/checkouts/purchases-ios-spm/Sources/Logging/Strings/AnalyticsStrings.swift /Users/runner/Library/Developer/Xcode/DerivedData/App-bftnsirjgxxrogcvaqjekecjqrkn/SourcePackages/checkouts/purchases-ios-spm/Sources/Logging/Strings/AttributionStrings.swift /Users/runner/Library/Developer/Xcode/DerivedData/App-bftnsirjgxxrogcvaqjekecjqrkn/SourcePackages/checkouts/purchases-ios-spm/Sources/Logging/Strings/AuthenticationStrings.swift /Users/runner/Library/Developer/Xcode/DerivedData/App-bftnsirjgxxrogcvaqjekecjqrkn/SourcePackages/checkouts/purchases-ios-spm/Sources/Logging/Strings/BackendErrorStrings.swift /Users/runner/Library/Developer/Xcode/DerivedData/App-bftnsirjgxxrogcvaqjekecjqrkn/SourcePackages/checkouts/purchases-ios-spm/Sources/Logging/Strings/CacheStrings.swift /Users/runner/Library/Developer/Xcode/DerivedData/App-bftnsirjgxxrogcvaqjekecjqrkn/SourcePackages/checkouts/purchases-ios-spm/Sources/Logging/Strings/CheckpointsStrings.swift /Users/runner/Library/Developer/Xcode/DerivedData/App-bftnsirjgxxrogcvaqjekecjqrkn/SourcePackages/checkouts/purchases-ios-spm/Sources/Logging/Strings/CodableStrings.swift /Users/runner/Library/Developer/Xcode/DerivedData/App-bftnsirjgxxrogcvaqjekecjqrkn/SourcePackages/checkouts/purchases-ios-spm/Sources/Logging/Strings/ConfigureStrings.swift /Users/runner/Library/Developer/Xcode/DerivedData/App-bftnsirjgxxrogcvaqjekecjqrkn/SourcePackages/checkouts/purchases-ios-spm/Sources/Logging/Strings/CustomerInfoStrings.swift /Users/runner/Library/Developer/Xcode/DerivedData/App-bftnsirjgxxrogcvaqjekecjqrkn/SourcePackages/checkouts/purchases-ios-spm/Sources/Logging/Strings/DiagnosticsStrings.swift /Users/runner/Library/Developer/Xcode/DerivedData/App-bftnsirjgxxrogcvaqjekecjqrkn/SourcePackages/checkouts/purchases-ios-spm/Sources/Logging/Strings/ETagStrings.swift /Users/runner/Library/Developer/Xcode/DerivedData/App-bftnsirjgxxrogcvaqjekecjqrkn/SourcePackages/checkouts/purchases-ios-spm/Sources/Logging/Strings/EligibilityStrings.swift /Users/runner/Library/Developer/Xcode/DerivedData/App-bftnsirjgxxrogcvaqjekecjqrkn/SourcePackages/checkouts/purchases-ios-spm/Sources/Logging/Strings/EventsManagerStrings.swift /Users/runner/Library/Developer/Xcode/DerivedData/App-bftnsirjgxxrogcvaqjekecjqrkn/SourcePackages/checkouts/purchases-ios-spm/Sources/Logging/Strings/ExternalPurchaseStrings.swift /Users/runner/Library/Developer/Xcode/DerivedData/App-bftnsirjgxxrogcvaqjekecjqrkn/SourcePackages/checkouts/purchases-ios-spm/Sources/Logging/Strings/FileRepositoryStrings.swift /Users/runner/Library/Developer/Xcode/DerivedData/App-bftnsirjgxxrogcvaqjekecjqrkn/SourcePackages/checkouts/purchases-ios-spm/Sources/Logging/Strings/HostedCheckoutStrings.swift /Users/runner/Library/Developer/Xcode/DerivedData/App-bftnsirjgxxrogcvaqjekecjqrkn/SourcePackages/checkouts/purchases-ios-spm/Sources/Logging/Strings/IdentityStrings.swift /Users/runner/Library/Developer/Xcode/DerivedData/App-bftnsirjgxxrogcvaqjekecjqrkn/SourcePackages/checkouts/purchases-ios-spm/Sources/Logging/Strings/LocalRulesStrings.swift /Users/runner/Library/Developer/Xcode/DerivedData/App-bftnsirjgxxrogcvaqjekecjqrkn/SourcePackages/checkouts/purchases-ios-spm/Sources/Logging/Strings/ManageSubscriptionsStrings.swift /Users/runner/Library/Developer/Xcode/DerivedData/App-bftnsirjgxxrogcvaqjekecjqrkn/SourcePackages/checkouts/purchases-ios-spm/Sources/Logging/Strings/NetworkStrings.swift /Users/runner/Library/Developer/Xcode/DerivedData/App-bftnsirjgxxrogcvaqjekecjqrkn/SourcePackages/checkouts/purchases-ios-spm/Sources/Logging/Strings/OfferingStrings.swift /Users/runner/Library/Developer/Xcode/DerivedData/App-bftnsirjgxxrogcvaqjekecjqrkn/SourcePackages/checkouts/purchases-ios-spm/Sources/Logging/Strings/OfflineEntitlementsStrings.swift /Users/runner/Library/Developer/Xcode/DerivedData/App-bftnsirjgxxrogcvaqjekecjqrkn/SourcePackages/checkouts/purchases-ios-spm/Sources/Logging/Strings/PaywallsStrings.swift /Users/runner/Library/Developer/Xcode/DerivedData/App-bftnsirjgxxrogcvaqjekecjqrkn/SourcePackages/checkouts/purchases-ios-spm/Sources/Logging/Strings/PurchaseStrings.swift /Users/runner/Library/Developer/Xcode/DerivedData/App-bftnsirjgxxrogcvaqjekecjqrkn/SourcePackages/checkouts/purchases-ios-spm/Sources/Logging/Strings/RemoteConfigStrings.swift /Users/runner/Library/Developer/Xcode/DerivedData/App-bftnsirjgxxrogcvaqjekecjqrkn/SourcePackages/checkouts/purchases-ios-spm/Sources/Logging/Strings/SigningStrings.swift /Users/runner/Library/Developer/Xcode/DerivedData/App-bftnsirjgxxrogcvaqjekecjqrkn/SourcePackages/checkouts/purchases-ios-spm/Sources/Logging/Strings/StoreKitStrings.swift /Users/runner/Library/Developer/Xcode/DerivedData/App-bftnsirjgxxrogcvaqjekecjqrkn/SourcePackages/checkouts/purchases-ios-spm/Sources/Logging/Strings/Strings.swift /Users/runner/Library/Developer/Xcode/DerivedData/App-bftnsirjgxxrogcvaqjekecjqrkn/SourcePackages/checkouts/purchases-ios-spm/Sources/Logging/Strings/TransactionMetadataStrings.swift /Users/runner/Library/Developer/Xcode/DerivedData/App-bftnsirjgxxrogcvaqjekecjqrkn/SourcePackages/checkouts/purchases-ios-spm/Sources/Logging/Strings/VirtualCurrencyStrings.swift /Users/runner/Library/Developer/Xcode/DerivedData/App-bftnsirjgxxrogcvaqjekecjqrkn/SourcePackages/checkouts/purchases-ios-spm/Sources/Logging/Strings/WebRedemptionStrings.swift /Users/runner/Library/Developer/Xcode/DerivedData/App-bftnsirjgxxrogcvaqjekecjqrkn/SourcePackages/checkouts/purchases-ios-spm/Sources/Misc/Box.swift /Users/runner/Library/Developer/Xcode/DerivedData/App-bftnsirjgxxrogcvaqjekecjqrkn/SourcePackages/checkouts/purchases-ios-spm/Sources/Misc/Codable/AnyCodingKey.swift /Users/runner/Library/Developer/Xcode/DerivedData/App-bftnsirjgxxrogcvaqjekecjqrkn/SourcePackages/checkouts/purchases-ios-spm/Sources/Misc/Codable/AnyDecodable.swift /Users/runner/Library/Developer/Xcode/DerivedData/App-bftnsirjgxxrogcvaqjekecjqrkn/SourcePackages/checkouts/purchases-ios-spm/Sources/Misc/Codable/AnyEncodable.swift /Users/runner/Library/Developer/Xcode/DerivedData/App-bftnsirjgxxrogcvaqjekecjqrkn/SourcePackages/checkouts/purchases-ios-spm/Sources/Misc/Codable/DefaultDecodable.swift /Users/runner/Library/Developer/Xcode/DerivedData/App-bftnsirjgxxrogcvaqjekecjqrkn/SourcePackages/checkouts/purchases-ios-spm/Sources/Misc/Codable/EnsureNonEmptyCollectionDecodable.swift /Users/runner/Library/Developer/Xcode/DerivedData/App-bftnsirjgxxrogcvaqjekecjqrkn/SourcePackages/checkouts/purchases-ios-spm/Sources/Misc/Codable/IgnoreHashable.swift /Users/runner/Library/Developer/Xcode/DerivedData/App-bftnsirjgxxrogcvaqjekecjqrkn/SourcePackages/checkouts/purchases-ios-spm/Sources/Misc/Codable/NonEmptyStringDecodable.swift /Users/runner/Library/Developer/Xcode/DerivedData/App-bftnsirjgxxrogcvaqjekecjqrkn/SourcePackages/checkouts/purchases-ios-spm/Sources/Misc/Codable/RawDataContainer.swift /Users/runner/Library/Developer/Xcode/DerivedData/App-bftnsirjgxxrogcvaqjekecjqrkn/SourcePackages/checkouts/purchases-ios-spm/Sources/Misc/Concurrency/Atomic.swift /Users/runner/Library/Developer/Xcode/DerivedData/App-bftnsirjgxxrogcvaqjekecjqrkn/SourcePackages/checkouts/purchases-ios-spm/Sources/Misc/Concurrency/DeferredTask.swift /Users/runner/Library/Developer/Xcode/DerivedData/App-bftnsirjgxxrogcvaqjekecjqrkn/SourcePackages/checkouts/purchases-ios-spm/Sources/Misc/Concurrency/Lock.swift /Users/runner/Library/Developer/Xcode/DerivedData/App-bftnsirjgxxrogcvaqjekecjqrkn/SourcePackages/checkouts/purchases-ios-spm/Sources/Misc/Concurrency/OperationDispatcher.swift /Users/runner/Library/Developer/Xcode/DerivedData/App-bftnsirjgxxrogcvaqjekecjqrkn/SourcePackages/checkouts/purchases-ios-spm/Sources/Misc/Concurrency/Purchases+async.swift /Users/runner/Library/Developer/Xcode/DerivedData/App-bftnsirjgxxrogcvaqjekecjqrkn/SourcePackages/checkouts/purchases-ios-spm/Sources/Misc/Concurrency/Purchases+nonasync.swift /Users/runner/Library/Developer/Xcode/DerivedData/App-bftnsirjgxxrogcvaqjekecjqrkn/SourcePackages/checkouts/purchases-ios-spm/Sources/Misc/Concurrency/SynchronizedLargeItemCache.swift /Users/runner/Library/Developer/Xcode/DerivedData/App-bftnsirjgxxrogcvaqjekecjqrkn/SourcePackages/checkouts/purchases-ios-spm/Sources/Misc/Concurrency/SynchronizedUserDefaults.swift /Users/runner/Library/Developer/Xcode/DerivedData/App-bftnsirjgxxrogcvaqjekecjqrkn/SourcePackages/checkouts/purchases-ios-spm/Sources/Misc/CustomVariableKeyValidator.swift /Users/runner/Library/Developer/Xcode/DerivedData/App-bftnsirjgxxrogcvaqjekecjqrkn/SourcePackages/checkouts/purchases-ios-spm/Sources/Misc/DangerousSettings.swift /Users/runner/Library/Developer/Xcode/DerivedData/App-bftnsirjgxxrogcvaqjekecjqrkn/SourcePackages/checkouts/purchases-ios-spm/Sources/Misc/DateAndTime/Clock.swift /Users/runner/Library/Developer/Xcode/DerivedData/App-bftnsirjgxxrogcvaqjekecjqrkn/SourcePackages/checkouts/purchases-ios-spm/Sources/Misc/DateAndTime/DateExtensions.swift /Users/runner/Library/Developer/Xcode/DerivedData/App-bftnsirjgxxrogcvaqjekecjqrkn/SourcePackages/checkouts/purchases-ios-spm/Sources/Misc/DateAndTime/DateProvider.swift /Users/runner/Library/Developer/Xcode/DerivedData/App-bftnsirjgxxrogcvaqjekecjqrkn/SourcePackages/checkouts/purchases-ios-spm/Sources/Misc/DateAndTime/ISODurationFormatter.swift /Users/runner/Library/Developer/Xcode/DerivedData/App-bftnsirjgxxrogcvaqjekecjqrkn/SourcePackages/checkouts/purchases-ios-spm/Sources/Misc/DateAndTime/ISOPeriodFormatter.swift /Users/runner/Library/Developer/Xcode/DerivedData/App-bftnsirjgxxrogcvaqjekecjqrkn/SourcePackages/checkouts/purchases-ios-spm/Sources/Misc/DateAndTime/TimingUtil.swift /Users/runner/Library/Developer/Xcode/DerivedData/App-bftnsirjgxxrogcvaqjekecjqrkn/SourcePackages/checkouts/purchases-ios-spm/Sources/Misc/Deprecations.swift /Users/runner/Library/Developer/Xcode/DerivedData/App-bftnsirjgxxrogcvaqjekecjqrkn/SourcePackages/checkouts/purchases-ios-spm/Sources/Misc/Either.swift /Users/runner/Library/Developer/Xcode/DerivedData/App-bftnsirjgxxrogcvaqjekecjqrkn/SourcePackages/checkouts/purchases-ios-spm/Sources/Misc/JWT.swift /Users/runner/Library/Developer/Xcode/DerivedData/App-bftnsirjgxxrogcvaqjekecjqrkn/SourcePackages/checkouts/purchases-ios-spm/Sources/Misc/Locale/PreferredLocalesProvider.swift /Users/runner/Library/Developer/Xcode/DerivedData/App-bftnsirjgxxrogcvaqjekecjqrkn/SourcePackages/checkouts/purchases-ios-spm/Sources/Misc/MacDevice.swift /Users/runner/Library/Developer/Xcode/DerivedData/App-bftnsirjgxxrogcvaqjekecjqrkn/SourcePackages/checkouts/purchases-ios-spm/Sources/Misc/MapAppStoreDetector.swift /Users/runner/Library/Developer/Xcode/DerivedData/App-bftnsirjgxxrogcvaqjekecjqrkn/SourcePackages/checkouts/purchases-ios-spm/Sources/Misc/Obsoletions.swift /Users/runner/Library/Developer/Xcode/DerivedData/App-bftnsirjgxxrogcvaqjekecjqrkn/SourcePackages/checkouts/purchases-ios-spm/Sources/Misc/PlatformInfo.swift /Users/runner/Library/Developer/Xcode/DerivedData/App-bftnsirjgxxrogcvaqjekecjqrkn/SourcePackages/checkouts/purchases-ios-spm/Sources/Misc/PriceFormatterProvider.swift /Users/runner/Library/Developer/Xcode/DerivedData/App-bftnsirjgxxrogcvaqjekecjqrkn/SourcePackages/checkouts/purchases-ios-spm/Sources/Misc/RateLimiter.swift /Users/runner/Library/Developer/Xcode/DerivedData/App-bftnsirjgxxrogcvaqjekecjqrkn/SourcePackages/checkouts/purchases-ios-spm/Sources/Misc/SandboxEnvironmentDetector.swift /Users/runner/Library/Developer/Xcode/DerivedData/App-bftnsirjgxxrogcvaqjekecjqrkn/SourcePackages/checkouts/purchases-ios-spm/Sources/Misc/StoreKitVersion.swift /Users/runner/Library/Developer/Xcode/DerivedData/App-bftnsirjgxxrogcvaqjekecjqrkn/SourcePackages/checkouts/purchases-ios-spm/Sources/Misc/SystemInfo.swift /Users/runner/Library/Developer/Xcode/DerivedData/App-bftnsirjgxxrogcvaqjekecjqrkn/SourcePackages/checkouts/purchases-ios-spm/Sources/Networking/APISourceFailover.swift /Users/runner/Library/Developer/Xcode/DerivedData/App-bftnsirjgxxrogcvaqjekecjqrkn/SourcePackages/checkouts/purchases-ios-spm/Sources/Networking/Audience.swift /Users/runner/Library/Developer/Xcode/DerivedData/App-bftnsirjgxxrogcvaqjekecjqrkn/SourcePackages/checkouts/purchases-ios-spm/Sources/Networking/AudiencesConfigProvider.swift /Users/runner/Library/Developer/Xcode/DerivedData/App-bftnsirjgxxrogcvaqjekecjqrkn/SourcePackages/checkouts/purchases-ios-spm/Sources/Networking/Backend.swift /Users/runner/Library/Developer/Xcode/DerivedData/App-bftnsirjgxxrogcvaqjekecjqrkn/SourcePackages/checkouts/purchases-ios-spm/Sources/Networking/BackendConfiguration.swift /Users/runner/Library/Developer/Xcode/DerivedData/App-bftnsirjgxxrogcvaqjekecjqrkn/SourcePackages/checkouts/purchases-ios-spm/Sources/Networking/BackendLanes.swift /Users/runner/Library/Developer/Xcode/DerivedData/App-bftnsirjgxxrogcvaqjekecjqrkn/SourcePackages/checkouts/purchases-ios-spm/Sources/Networking/Caching/CacheFetchPolicy.swift /Users/runner/Library/Developer/Xcode/DerivedData/App-bftnsirjgxxrogcvaqjekecjqrkn/SourcePackages/checkouts/purchases-ios-spm/Sources/Networking/Caching/CallbackCache.swift /Users/runner/Library/Developer/Xcode/DerivedData/App-bftnsirjgxxrogcvaqjekecjqrkn/SourcePackages/checkouts/purchases-ios-spm/Sources/Networking/Caching/CallbackCacheStatus.swift /Users/runner/Library/Developer/Xcode/DerivedData/App-bftnsirjgxxrogcvaqjekecjqrkn/SourcePackages/checkouts/purchases-ios-spm/Sources/Networking/Caching/CustomerCenterConfigCallback.swift /Users/runner/Library/Developer/Xcode/DerivedData/App-bftnsirjgxxrogcvaqjekecjqrkn/SourcePackages/checkouts/purchases-ios-spm/Sources/Networking/Caching/CustomerInfoCallback.swift /Users/runner/Library/Developer/Xcode/DerivedData/App-bftnsirjgxxrogcvaqjekecjqrkn/SourcePackages/checkouts/purchases-ios-spm/Sources/Networking/Caching/ExternalPurchaseTokenCallback.swift /Users/runner/Library/Developer/Xcode/DerivedData/App-bftnsirjgxxrogcvaqjekecjqrkn/SourcePackages/checkouts/purchases-ios-spm/Sources/Networking/Caching/HostedCheckoutCallback.swift /Users/runner/Library/Developer/Xcode/DerivedData/App-bftnsirjgxxrogcvaqjekecjqrkn/SourcePackages/checkouts/purchases-ios-spm/Sources/Networking/Caching/IAMCallbacks.swift /Users/runner/Library/Developer/Xcode/DerivedData/App-bftnsirjgxxrogcvaqjekecjqrkn/SourcePackages/checkouts/purchases-ios-spm/Sources/Networking/Caching/IsPurchaseAllowedByRestoreBehaviorCallback.swift /Users/runner/Library/Developer/Xcode/DerivedData/App-bftnsirjgxxrogcvaqjekecjqrkn/SourcePackages/checkouts/purchases-ios-spm/Sources/Networking/Caching/LogInCallback.swift /Users/runner/Library/Developer/Xcode/DerivedData/App-bftnsirjgxxrogcvaqjekecjqrkn/SourcePackages/checkouts/purchases-ios-spm/Sources/Networking/Caching/OfferingsCallback.swift /Users/runner/Library/Developer/Xcode/DerivedData/App-bftnsirjgxxrogcvaqjekecjqrkn/SourcePackages/checkouts/purchases-ios-spm/Sources/Networking/Caching/ProductEntitlementMappingCallback.swift /Users/runner/Library/Developer/Xcode/DerivedData/App-bftnsirjgxxrogcvaqjekecjqrkn/SourcePackages/checkouts/purchases-ios-spm/Sources/Networking/Caching/RemoteConfigCallback.swift /Users/runner/Library/Developer/Xcode/DerivedData/App-bftnsirjgxxrogcvaqjekecjqrkn/SourcePackages/checkouts/purchases-ios-spm/Sources/Networking/Caching/VirtualCurrenciesCallback.swift /Users/runner/Library/Developer/Xcode/DerivedData/App-bftnsirjgxxrogcvaqjekecjqrkn/SourcePackages/checkouts/purchases-ios-spm/Sources/Networking/Caching/WebBillingProductsCallback.swift /Users/runner/Library/Developer/Xcode/DerivedData/App-bftnsirjgxxrogcvaqjekecjqrkn/SourcePackages/checkouts/purchases-ios-spm/Sources/Networking/Caching/WebOfferingProductsCallback.swift /Users/runner/Library/Developer/Xcode/DerivedData/App-bftnsirjgxxrogcvaqjekecjqrkn/SourcePackages/checkouts/purchases-ios-spm/Sources/Networking/CheckpointRules.swift /Users/runner/Library/Developer/Xcode/DerivedData/App-bftnsirjgxxrogcvaqjekecjqrkn/SourcePackages/checkouts/purchases-ios-spm/Sources/Networking/CheckpointsConfigProvider.swift /Users/runner/Library/Developer/Xcode/DerivedData/App-bftnsirjgxxrogcvaqjekecjqrkn/SourcePackages/checkouts/purchases-ios-spm/Sources/Networking/ConnectionErrorReason.swift /Users/runner/Library/Developer/Xcode/DerivedData/App-bftnsirjgxxrogcvaqjekecjqrkn/SourcePackages/checkouts/purchases-ios-spm/Sources/Networking/CustomerAPI.swift /Users/runner/Library/Developer/Xcode/DerivedData/App-bftnsirjgxxrogcvaqjekecjqrkn/SourcePackages/checkouts/purchases-ios-spm/Sources/Networking/CustomerCenterConfigAPI.swift /Users/runner/Library/Developer/Xcode/DerivedData/App-bftnsirjgxxrogcvaqjekecjqrkn/SourcePackages/checkouts/purchases-ios-spm/Sources/Networking/ExternalPurchaseTokenAPI.swift /Users/runner/Library/Developer/Xcode/DerivedData/App-bftnsirjgxxrogcvaqjekecjqrkn/SourcePackages/checkouts/purchases-ios-spm/Sources/Networking/GenerationGuardedCache.swift /Users/runner/Library/Developer/Xcode/DerivedData/App-bftnsirjgxxrogcvaqjekecjqrkn/SourcePackages/checkouts/purchases-ios-spm/Sources/Networking/HTTPClient/DNSChecker.swift /Users/runner/Library/Developer/Xcode/DerivedData/App-bftnsirjgxxrogcvaqjekecjqrkn/SourcePackages/checkouts/purchases-ios-spm/Sources/Networking/HTTPClient/ETagManager.swift /Users/runner/Library/Developer/Xcode/DerivedData/App-bftnsirjgxxrogcvaqjekecjqrkn/SourcePackages/checkouts/purchases-ios-spm/Sources/Networking/HTTPClient/ErrorResponse.swift /Users/runner/Library/Developer/Xcode/DerivedData/App-bftnsirjgxxrogcvaqjekecjqrkn/SourcePackages/checkouts/purchases-ios-spm/Sources/Networking/HTTPClient/HTTPClient.swift /Users/runner/Library/Developer/Xcode/DerivedData/App-bftnsirjgxxrogcvaqjekecjqrkn/SourcePackages/checkouts/purchases-ios-spm/Sources/Networking/HTTPClient/HTTPRequest.swift /Users/runner/Library/Developer/Xcode/DerivedData/App-bftnsirjgxxrogcvaqjekecjqrkn/SourcePackages/checkouts/purchases-ios-spm/Sources/Networking/HTTPClient/HTTPRequestBody.swift /Users/runner/Library/Developer/Xcode/DerivedData/App-bftnsirjgxxrogcvaqjekecjqrkn/SourcePackages/checkouts/purchases-ios-spm/Sources/Networking/HTTPClient/HTTPRequestPath.swift /Users/runner/Library/Developer/Xcode/DerivedData/App-bftnsirjgxxrogcvaqjekecjqrkn/SourcePackages/checkouts/purchases-ios-spm/Sources/Networking/HTTPClient/HTTPRequestTimeoutManager.swift /Users/runner/Library/Developer/Xcode/DerivedData/App-bftnsirjgxxrogcvaqjekecjqrkn/SourcePackages/checkouts/purchases-ios-spm/Sources/Networking/HTTPClient/HTTPResponse.swift /Users/runner/Library/Developer/Xcode/DerivedData/App-bftnsirjgxxrogcvaqjekecjqrkn/SourcePackages/checkouts/purchases-ios-spm/Sources/Networking/HTTPClient/HTTPResponseBody.swift /Users/runner/Library/Developer/Xcode/DerivedData/App-bftnsirjgxxrogcvaqjekecjqrkn/SourcePackages/checkouts/purchases-ios-spm/Sources/Networking/HTTPClient/HTTPStatusCode.swift /Users/runner/Library/Developer/Xcode/DerivedData/App-bftnsirjgxxrogcvaqjekecjqrkn/SourcePackages/checkouts/purchases-ios-spm/Sources/Networking/HTTPClient/NetworkError.swift /Users/runner/Library/Developer/Xcode/DerivedData/App-bftnsirjgxxrogcvaqjekecjqrkn/SourcePackages/checkouts/purchases-ios-spm/Sources/Networking/HTTPClient/NetworkTimeout.swift /Users/runner/Library/Developer/Xcode/DerivedData/App-bftnsirjgxxrogcvaqjekecjqrkn/SourcePackages/checkouts/purchases-ios-spm/Sources/Networking/HTTPClient/RedirectLoggerTaskDelegate.swift /Users/runner/Library/Developer/Xcode/DerivedData/App-bftnsirjgxxrogcvaqjekecjqrkn/SourcePackages/checkouts/purchases-ios-spm/Sources/Networking/HTTPClient/SimpleNetworkServiceType.swift /Users/runner/Library/Developer/Xcode/DerivedData/App-bftnsirjgxxrogcvaqjekecjqrkn/SourcePackages/checkouts/purchases-ios-spm/Sources/Networking/HTTPClient/TokenManager.swift /Users/runner/Library/Developer/Xcode/DerivedData/App-bftnsirjgxxrogcvaqjekecjqrkn/SourcePackages/checkouts/purchases-ios-spm/Sources/Networking/HTTPClient/URLMessage+Description.swift /Users/runner/Library/Developer/Xcode/DerivedData/App-bftnsirjgxxrogcvaqjekecjqrkn/SourcePackages/checkouts/purchases-ios-spm/Sources/Networking/IdentityAPI.swift /Users/runner/Library/Developer/Xcode/DerivedData/App-bftnsirjgxxrogcvaqjekecjqrkn/SourcePackages/checkouts/purchases-ios-spm/Sources/Networking/InternalAPI.swift /Users/runner/Library/Developer/Xcode/DerivedData/App-bftnsirjgxxrogcvaqjekecjqrkn/SourcePackages/checkouts/purchases-ios-spm/Sources/Networking/OfferingsAPI.swift /Users/runner/Library/Developer/Xcode/DerivedData/App-bftnsirjgxxrogcvaqjekecjqrkn/SourcePackages/checkouts/purchases-ios-spm/Sources/Networking/OfflineEntitlementsAPI.swift /Users/runner/Library/Developer/Xcode/DerivedData/App-bftnsirjgxxrogcvaqjekecjqrkn/SourcePackages/checkouts/purchases-ios-spm/Sources/Networking/Operations/GetCustomerCenterConfigOperation.swift /Users/runner/Library/Developer/Xcode/DerivedData/App-bftnsirjgxxrogcvaqjekecjqrkn/SourcePackages/checkouts/purchases-ios-spm/Sources/Networking/Operations/GetCustomerInfoOperation.swift /Users/runner/Library/Developer/Xcode/DerivedData/App-bftnsirjgxxrogcvaqjekecjqrkn/SourcePackages/checkouts/purchases-ios-spm/Sources/Networking/Operations/GetIntroEligibilityOperation.swift /Users/runner/Library/Developer/Xcode/DerivedData/App-bftnsirjgxxrogcvaqjekecjqrkn/SourcePackages/checkouts/purchases-ios-spm/Sources/Networking/Operations/GetOfferingsOperation.swift /Users/runner/Library/Developer/Xcode/DerivedData/App-bftnsirjgxxrogcvaqjekecjqrkn/SourcePackages/checkouts/purchases-ios-spm/Sources/Networking/Operations/GetProductEntitlementMappingOperation.swift /Users/runner/Library/Developer/Xcode/DerivedData/App-bftnsirjgxxrogcvaqjekecjqrkn/SourcePackages/checkouts/purchases-ios-spm/Sources/Networking/Operations/GetRemoteConfigFallbackOperation.swift /Users/runner/Library/Developer/Xcode/DerivedData/App-bftnsirjgxxrogcvaqjekecjqrkn/SourcePackages/checkouts/purchases-ios-spm/Sources/Networking/Operations/GetRemoteConfigOperation.swift /Users/runner/Library/Developer/Xcode/DerivedData/App-bftnsirjgxxrogcvaqjekecjqrkn/SourcePackages/checkouts/purchases-ios-spm/Sources/Networking/Operations/GetVirtualCurrenciesOperation.swift /Users/runner/Library/Developer/Xcode/DerivedData/App-bftnsirjgxxrogcvaqjekecjqrkn/SourcePackages/checkouts/purchases-ios-spm/Sources/Networking/Operations/GetWebBillingProductsOperation.swift /Users/runner/Library/Developer/Xcode/DerivedData/App-bftnsirjgxxrogcvaqjekecjqrkn/SourcePackages/checkouts/purchases-ios-spm/Sources/Networking/Operations/GetWebOfferingProductsOperation.swift /Users/runner/Library/Developer/Xcode/DerivedData/App-bftnsirjgxxrogcvaqjekecjqrkn/SourcePackages/checkouts/purchases-ios-spm/Sources/Networking/Operations/Handling/CustomerInfoResponseHandler.swift /Users/runner/Library/Developer/Xcode/DerivedData/App-bftnsirjgxxrogcvaqjekecjqrkn/SourcePackages/checkouts/purchases-ios-spm/Sources/Networking/Operations/HealthOperation.swift /Users/runner/Library/Developer/Xcode/DerivedData/App-bftnsirjgxxrogcvaqjekecjqrkn/SourcePackages/checkouts/purchases-ios-spm/Sources/Networking/Operations/HealthReportAvailabilityOperation.swift /Users/runner/Library/Developer/Xcode/DerivedData/App-bftnsirjgxxrogcvaqjekecjqrkn/SourcePackages/checkouts/purchases-ios-spm/Sources/Networking/Operations/HealthReportOperation.swift /Users/runner/Library/Developer/Xcode/DerivedData/App-bftnsirjgxxrogcvaqjekecjqrkn/SourcePackages/checkouts/purchases-ios-spm/Sources/Networking/Operations/LogInOperation.swift /Users/runner/Library/Developer/Xcode/DerivedData/App-bftnsirjgxxrogcvaqjekecjqrkn/SourcePackages/checkouts/purchases-ios-spm/Sources/Networking/Operations/NetworkOperation.swift /Users/runner/Library/Developer/Xcode/DerivedData/App-bftnsirjgxxrogcvaqjekecjqrkn/SourcePackages/checkouts/purchases-ios-spm/Sources/Networking/Operations/PostAdServicesTokenOperation.swift /Users/runner/Library/Developer/Xcode/DerivedData/App-bftnsirjgxxrogcvaqjekecjqrkn/SourcePackages/checkouts/purchases-ios-spm/Sources/Networking/Operations/PostAttributionDataOperation.swift /Users/runner/Library/Developer/Xcode/DerivedData/App-bftnsirjgxxrogcvaqjekecjqrkn/SourcePackages/checkouts/purchases-ios-spm/Sources/Networking/Operations/PostExternalPurchaseTokenOperation.swift /Users/runner/Library/Developer/Xcode/DerivedData/App-bftnsirjgxxrogcvaqjekecjqrkn/SourcePackages/checkouts/purchases-ios-spm/Sources/Networking/Operations/PostHostedCheckoutOperation.swift /Users/runner/Library/Developer/Xcode/DerivedData/App-bftnsirjgxxrogcvaqjekecjqrkn/SourcePackages/checkouts/purchases-ios-spm/Sources/Networking/Operations/PostIsPurchaseAllowedByRestoreBehaviorOperation.swift /Users/runner/Library/Developer/Xcode/DerivedData/App-bftnsirjgxxrogcvaqjekecjqrkn/SourcePackages/checkouts/purchases-ios-spm/Sources/Networking/Operations/PostOfferForSigningOperation.swift /Users/runner/Library/Developer/Xcode/DerivedData/App-bftnsirjgxxrogcvaqjekecjqrkn/SourcePackages/checkouts/purchases-ios-spm/Sources/Networking/Operations/PostReceiptDataOperation.swift /Users/runner/Library/Developer/Xcode/DerivedData/App-bftnsirjgxxrogcvaqjekecjqrkn/SourcePackages/checkouts/purchases-ios-spm/Sources/Networking/Operations/PostRedeemWebPurchaseOperation.swift /Users/runner/Library/Developer/Xcode/DerivedData/App-bftnsirjgxxrogcvaqjekecjqrkn/SourcePackages/checkouts/purchases-ios-spm/Sources/Networking/Operations/PostSubscriberAttributesOperation.swift /Users/runner/Library/Developer/Xcode/DerivedData/App-bftnsirjgxxrogcvaqjekecjqrkn/SourcePackages/checkouts/purchases-ios-spm/Sources/Networking/Operations/SpendVirtualCurrenciesOperation.swift /Users/runner/Library/Developer/Xcode/DerivedData/App-bftnsirjgxxrogcvaqjekecjqrkn/SourcePackages/checkouts/purchases-ios-spm/Sources/Networking/Operations/TokenOperations.swift /Users/runner/Library/Developer/Xcode/DerivedData/App-bftnsirjgxxrogcvaqjekecjqrkn/SourcePackages/checkouts/purchases-ios-spm/Sources/Networking/RCContainer+Compression.swift /Users/runner/Library/Developer/Xcode/DerivedData/App-bftnsirjgxxrogcvaqjekecjqrkn/SourcePackages/checkouts/purchases-ios-spm/Sources/Networking/RCContainer+Element.swift /Users/runner/Library/Developer/Xcode/DerivedData/App-bftnsirjgxxrogcvaqjekecjqrkn/SourcePackages/checkouts/purchases-ios-spm/Sources/Networking/RCContainer+Parser.swift /Users/runner/Library/Developer/Xcode/DerivedData/App-bftnsirjgxxrogcvaqjekecjqrkn/SourcePackages/checkouts/purchases-ios-spm/Sources/Networking/RCContainer.swift /Users/runner/Library/Developer/Xcode/DerivedData/App-bftnsirjgxxrogcvaqjekecjqrkn/SourcePackages/checkouts/purchases-ios-spm/Sources/Networking/RedeemWebPurchaseAPI.swift /Users/runner/Library/Developer/Xcode/DerivedData/App-bftnsirjgxxrogcvaqjekecjqrkn/SourcePackages/checkouts/purchases-ios-spm/Sources/Networking/RemoteConfigAPI.swift /Users/runner/Library/Developer/Xcode/DerivedData/App-bftnsirjgxxrogcvaqjekecjqrkn/SourcePackages/checkouts/purchases-ios-spm/Sources/Networking/RemoteConfigBlobDownloader.swift /Users/runner/Library/Developer/Xcode/DerivedData/App-bftnsirjgxxrogcvaqjekecjqrkn/SourcePackages/checkouts/purchases-ios-spm/Sources/Networking/RemoteConfigBlobFetcher.swift /Users/runner/Library/Developer/Xcode/DerivedData/App-bftnsirjgxxrogcvaqjekecjqrkn/SourcePackages/checkouts/purchases-ios-spm/Sources/Networking/RemoteConfigBlobRefHelpers.swift /Users/runner/Library/Developer/Xcode/DerivedData/App-bftnsirjgxxrogcvaqjekecjqrkn/SourcePackages/checkouts/purchases-ios-spm/Sources/Networking/RemoteConfigBlobStore.swift /Users/runner/Library/Developer/Xcode/DerivedData/App-bftnsirjgxxrogcvaqjekecjqrkn/SourcePackages/checkouts/purchases-ios-spm/Sources/Networking/RemoteConfigDiskCache.swift /Users/runner/Library/Developer/Xcode/DerivedData/App-bftnsirjgxxrogcvaqjekecjqrkn/SourcePackages/checkouts/purchases-ios-spm/Sources/Networking/RemoteConfigFetchContext.swift /Users/runner/Library/Developer/Xcode/DerivedData/App-bftnsirjgxxrogcvaqjekecjqrkn/SourcePackages/checkouts/purchases-ios-spm/Sources/Networking/RemoteConfigManager.swift /Users/runner/Library/Developer/Xcode/DerivedData/App-bftnsirjgxxrogcvaqjekecjqrkn/SourcePackages/checkouts/purchases-ios-spm/Sources/Networking/RemoteConfigSignatureContextProvider.swift /Users/runner/Library/Developer/Xcode/DerivedData/App-bftnsirjgxxrogcvaqjekecjqrkn/SourcePackages/checkouts/purchases-ios-spm/Sources/Networking/RemoteConfigSourceProvider.swift /Users/runner/Library/Developer/Xcode/DerivedData/App-bftnsirjgxxrogcvaqjekecjqrkn/SourcePackages/checkouts/purchases-ios-spm/Sources/Networking/RemoteConfigTopic.swift /Users/runner/Library/Developer/Xcode/DerivedData/App-bftnsirjgxxrogcvaqjekecjqrkn/SourcePackages/checkouts/purchases-ios-spm/Sources/Networking/RequestLane.swift /Users/runner/Library/Developer/Xcode/DerivedData/App-bftnsirjgxxrogcvaqjekecjqrkn/SourcePackages/checkouts/purchases-ios-spm/Sources/Networking/Responses/CustomerCenterConfigResponse.swift /Users/runner/Library/Developer/Xcode/DerivedData/App-bftnsirjgxxrogcvaqjekecjqrkn/SourcePackages/checkouts/purchases-ios-spm/Sources/Networking/Responses/CustomerInfoResponse.swift /Users/runner/Library/Developer/Xcode/DerivedData/App-bftnsirjgxxrogcvaqjekecjqrkn/SourcePackages/checkouts/purchases-ios-spm/Sources/Networking/Responses/ExternalPurchaseTokenResponse.swift /Users/runner/Library/Developer/Xcode/DerivedData/App-bftnsirjgxxrogcvaqjekecjqrkn/SourcePackages/checkouts/purchases-ios-spm/Sources/Networking/Responses/GetIntroEligibilityResponse.swift /Users/runner/Library/Developer/Xcode/DerivedData/App-bftnsirjgxxrogcvaqjekecjqrkn/SourcePackages/checkouts/purchases-ios-spm/Sources/Networking/Responses/HealthReportAvailabilityResponse.swift /Users/runner/Library/Developer/Xcode/DerivedData/App-bftnsirjgxxrogcvaqjekecjqrkn/SourcePackages/checkouts/purchases-ios-spm/Sources/Networking/Responses/HealthReportResponse.swift /Users/runner/Library/Developer/Xcode/DerivedData/App-bftnsirjgxxrogcvaqjekecjqrkn/SourcePackages/checkouts/purchases-ios-spm/Sources/Networking/Responses/HostedCheckoutResponse.swift /Users/runner/Library/Developer/Xcode/DerivedData/App-bftnsirjgxxrogcvaqjekecjqrkn/SourcePackages/checkouts/purchases-ios-spm/Sources/Networking/Responses/IAMResponses.swift /Users/runner/Library/Developer/Xcode/DerivedData/App-bftnsirjgxxrogcvaqjekecjqrkn/SourcePackages/checkouts/purchases-ios-spm/Sources/Networking/Responses/IsPurchaseAllowedByRestoreBehaviorResponse.swift /Users/runner/Library/Developer/Xcode/DerivedData/App-bftnsirjgxxrogcvaqjekecjqrkn/SourcePackages/checkouts/purchases-ios-spm/Sources/Networking/Responses/OfferingsResponse.swift /Users/runner/Library/Developer/Xcode/DerivedData/App-bftnsirjgxxrogcvaqjekecjqrkn/SourcePackages/checkouts/purchases-ios-spm/Sources/Networking/Responses/PostOfferResponse.swift /Users/runner/Library/Developer/Xcode/DerivedData/App-bftnsirjgxxrogcvaqjekecjqrkn/SourcePackages/checkouts/purchases-ios-spm/Sources/Networking/Responses/ProductEntitlementMappingResponse.swift /Users/runner/Library/Developer/Xcode/DerivedData/App-bftnsirjgxxrogcvaqjekecjqrkn/SourcePackages/checkouts/purchases-ios-spm/Sources/Networking/Responses/RemoteConfiguration.swift /Users/runner/Library/Developer/Xcode/DerivedData/App-bftnsirjgxxrogcvaqjekecjqrkn/SourcePackages/checkouts/purchases-ios-spm/Sources/Networking/Responses/RevenueCatUI/PaywallComponentsData.swift /Users/runner/Library/Developer/Xcode/DerivedData/App-bftnsirjgxxrogcvaqjekecjqrkn/SourcePackages/checkouts/purchases-ios-spm/Sources/Networking/Responses/RevenueCatUI/UIConfig.swift /Users/runner/Library/Developer/Xcode/DerivedData/App-bftnsirjgxxrogcvaqjekecjqrkn/SourcePackages/checkouts/purchases-ios-spm/Sources/Networking/Responses/VirtualCurrenciesResponse.swift /Users/runner/Library/Developer/Xcode/DerivedData/App-bftnsirjgxxrogcvaqjekecjqrkn/SourcePackages/checkouts/purchases-ios-spm/Sources/Networking/Responses/WebBillingProductsResponse.swift /Users/runner/Library/Developer/Xcode/DerivedData/App-bftnsirjgxxrogcvaqjekecjqrkn/SourcePackages/checkouts/purchases-ios-spm/Sources/Networking/Responses/WebOfferingProductsResponse.swift /Users/runner/Library/Developer/Xcode/DerivedData/App-bftnsirjgxxrogcvaqjekecjqrkn/SourcePackages/checkouts/purchases-ios-spm/Sources/Networking/Responses/WorkflowBranch.swift /Users/runner/Library/Developer/Xcode/DerivedData/App-bftnsirjgxxrogcvaqjekecjqrkn/SourcePackages/checkouts/purchases-ios-spm/Sources/Networking/Responses/WorkflowTriggerAction.swift /Users/runner/Library/Developer/Xcode/DerivedData/App-bftnsirjgxxrogcvaqjekecjqrkn/SourcePackages/checkouts/purchases-ios-spm/Sources/Networking/Responses/WorkflowsResponse.swift /Users/runner/Library/Developer/Xcode/DerivedData/App-bftnsirjgxxrogcvaqjekecjqrkn/SourcePackages/checkouts/purchases-ios-spm/Sources/Networking/SDKSettings.swift /Users/runner/Library/Developer/Xcode/DerivedData/App-bftnsirjgxxrogcvaqjekecjqrkn/SourcePackages/checkouts/purchases-ios-spm/Sources/Networking/SDKSettingsConfigProvider.swift /Users/runner/Library/Developer/Xcode/DerivedData/App-bftnsirjgxxrogcvaqjekecjqrkn/SourcePackages/checkouts/purchases-ios-spm/Sources/Networking/SourceHealthChecker.swift /Users/runner/Library/Developer/Xcode/DerivedData/App-bftnsirjgxxrogcvaqjekecjqrkn/SourcePackages/checkouts/purchases-ios-spm/Sources/Networking/TokenAPI.swift /Users/runner/Library/Developer/Xcode/DerivedData/App-bftnsirjgxxrogcvaqjekecjqrkn/SourcePackages/checkouts/purchases-ios-spm/Sources/Networking/UiConfigProvider.swift /Users/runner/Library/Developer/Xcode/DerivedData/App-bftnsirjgxxrogcvaqjekecjqrkn/SourcePackages/checkouts/purchases-ios-spm/Sources/Networking/VirtualCurrenciesAPI.swift /Users/runner/Library/Developer/Xcode/DerivedData/App-bftnsirjgxxrogcvaqjekecjqrkn/SourcePackages/checkouts/purchases-ios-spm/Sources/Networking/WebBillingAPI.swift /Users/runner/Library/Developer/Xcode/DerivedData/App-bftnsirjgxxrogcvaqjekecjqrkn/SourcePackages/checkouts/purchases-ios-spm/Sources/Networking/WebBillingHTTPRequestPath.swift /Users/runner/Library/Developer/Xcode/DerivedData/App-bftnsirjgxxrogcvaqjekecjqrkn/SourcePackages/checkouts/purchases-ios-spm/Sources/Networking/WeightedSourceSelector.swift /Users/runner/Library/Developer/Xcode/DerivedData/App-bftnsirjgxxrogcvaqjekecjqrkn/SourcePackages/checkouts/purchases-ios-spm/Sources/Networking/WorkflowsConfigProvider.swift /Users/runner/Library/Developer/Xcode/DerivedData/App-bftnsirjgxxrogcvaqjekecjqrkn/SourcePackages/checkouts/purchases-ios-spm/Sources/OfflineEntitlements/CustomerInfo+OfflineEntitlements.swift /Users/runner/Library/Developer/Xcode/DerivedData/App-bftnsirjgxxrogcvaqjekecjqrkn/SourcePackages/checkouts/purchases-ios-spm/Sources/OfflineEntitlements/OfflineCustomerInfoCreator.swift /Users/runner/Library/Developer/Xcode/DerivedData/App-bftnsirjgxxrogcvaqjekecjqrkn/SourcePackages/checkouts/purchases-ios-spm/Sources/OfflineEntitlements/OfflineEntitlementsManager.swift /Users/runner/Library/Developer/Xcode/DerivedData/App-bftnsirjgxxrogcvaqjekecjqrkn/SourcePackages/checkouts/purchases-ios-spm/Sources/OfflineEntitlements/ProductEntitlementMapping.swift /Users/runner/Library/Developer/Xcode/DerivedData/App-bftnsirjgxxrogcvaqjekecjqrkn/SourcePackages/checkouts/purchases-ios-spm/Sources/OfflineEntitlements/ProductEntitlementMappingFetcher.swift /Users/runner/Library/Developer/Xcode/DerivedData/App-bftnsirjgxxrogcvaqjekecjqrkn/SourcePackages/checkouts/purchases-ios-spm/Sources/OfflineEntitlements/PurchasedProductsFetcher.swift /Users/runner/Library/Developer/Xcode/DerivedData/App-bftnsirjgxxrogcvaqjekecjqrkn/SourcePackages/checkouts/purchases-ios-spm/Sources/OfflineEntitlements/PurchasedSK2Product.swift /Users/runner/Library/Developer/Xcode/DerivedData/App-bftnsirjgxxrogcvaqjekecjqrkn/SourcePackages/checkouts/purchases-ios-spm/Sources/Paywalls/Components/Common/Background.swift /Users/runner/Library/Developer/Xcode/DerivedData/App-bftnsirjgxxrogcvaqjekecjqrkn/SourcePackages/checkouts/purchases-ios-spm/Sources/Paywalls/Components/Common/Border.swift /Users/runner/Library/Developer/Xcode/DerivedData/App-bftnsirjgxxrogcvaqjekecjqrkn/SourcePackages/checkouts/purchases-ios-spm/Sources/Paywalls/Components/Common/ComponentOverrides.swift /Users/runner/Library/Developer/Xcode/DerivedData/App-bftnsirjgxxrogcvaqjekecjqrkn/SourcePackages/checkouts/purchases-ios-spm/Sources/Paywalls/Components/Common/Dimension.swift /Users/runner/Library/Developer/Xcode/DerivedData/App-bftnsirjgxxrogcvaqjekecjqrkn/SourcePackages/checkouts/purchases-ios-spm/Sources/Paywalls/Components/Common/PaywallComponentBase.swift /Users/runner/Library/Developer/Xcode/DerivedData/App-bftnsirjgxxrogcvaqjekecjqrkn/SourcePackages/checkouts/purchases-ios-spm/Sources/Paywalls/Components/Common/PaywallComponentLocalization.swift /Users/runner/Library/Developer/Xcode/DerivedData/App-bftnsirjgxxrogcvaqjekecjqrkn/SourcePackages/checkouts/purchases-ios-spm/Sources/Paywalls/Components/Common/PaywallComponentPropertyTypes.swift /Users/runner/Library/Developer/Xcode/DerivedData/App-bftnsirjgxxrogcvaqjekecjqrkn/SourcePackages/checkouts/purchases-ios-spm/Sources/Paywalls/Components/Common/StateDeclaration.swift /Users/runner/Library/Developer/Xcode/DerivedData/App-bftnsirjgxxrogcvaqjekecjqrkn/SourcePackages/checkouts/purchases-ios-spm/Sources/Paywalls/Components/Common/StateUpdate.swift /Users/runner/Library/Developer/Xcode/DerivedData/App-bftnsirjgxxrogcvaqjekecjqrkn/SourcePackages/checkouts/purchases-ios-spm/Sources/Paywalls/Components/PaywallButtonComponent.swift /Users/runner/Library/Developer/Xcode/DerivedData/App-bftnsirjgxxrogcvaqjekecjqrkn/SourcePackages/checkouts/purchases-ios-spm/Sources/Paywalls/Components/PaywallCarouselComponent.swift /Users/runner/Library/Developer/Xcode/DerivedData/App-bftnsirjgxxrogcvaqjekecjqrkn/SourcePackages/checkouts/purchases-ios-spm/Sources/Paywalls/Components/PaywallCountdownComponent.swift /Users/runner/Library/Developer/Xcode/DerivedData/App-bftnsirjgxxrogcvaqjekecjqrkn/SourcePackages/checkouts/purchases-ios-spm/Sources/Paywalls/Components/PaywallHeaderComponent.swift /Users/runner/Library/Developer/Xcode/DerivedData/App-bftnsirjgxxrogcvaqjekecjqrkn/SourcePackages/checkouts/purchases-ios-spm/Sources/Paywalls/Components/PaywallIconComponent.swift /Users/runner/Library/Developer/Xcode/DerivedData/App-bftnsirjgxxrogcvaqjekecjqrkn/SourcePackages/checkouts/purchases-ios-spm/Sources/Paywalls/Components/PaywallImageComponent.swift /Users/runner/Library/Developer/Xcode/DerivedData/App-bftnsirjgxxrogcvaqjekecjqrkn/SourcePackages/checkouts/purchases-ios-spm/Sources/Paywalls/Components/PaywallPackageComponent.swift /Users/runner/Library/Developer/Xcode/DerivedData/App-bftnsirjgxxrogcvaqjekecjqrkn/SourcePackages/checkouts/purchases-ios-spm/Sources/Paywalls/Components/PaywallPurchaseButtonComponent.swift /Users/runner/Library/Developer/Xcode/DerivedData/App-bftnsirjgxxrogcvaqjekecjqrkn/SourcePackages/checkouts/purchases-ios-spm/Sources/Paywalls/Components/PaywallStackComponent.swift /Users/runner/Library/Developer/Xcode/DerivedData/App-bftnsirjgxxrogcvaqjekecjqrkn/SourcePackages/checkouts/purchases-ios-spm/Sources/Paywalls/Components/PaywallStickyFooterComponent.swift /Users/runner/Library/Developer/Xcode/DerivedData/App-bftnsirjgxxrogcvaqjekecjqrkn/SourcePackages/checkouts/purchases-ios-spm/Sources/Paywalls/Components/PaywallTabsComponent.swift /Users/runner/Library/Developer/Xcode/DerivedData/App-bftnsirjgxxrogcvaqjekecjqrkn/SourcePackages/checkouts/purchases-ios-spm/Sources/Paywalls/Components/PaywallTextComponent.swift /Users/runner/Library/Developer/Xcode/DerivedData/App-bftnsirjgxxrogcvaqjekecjqrkn/SourcePackages/checkouts/purchases-ios-spm/Sources/Paywalls/Components/PaywallTimelineComponent.swift /Users/runner/Library/Developer/Xcode/DerivedData/App-bftnsirjgxxrogcvaqjekecjqrkn/SourcePackages/checkouts/purchases-ios-spm/Sources/Paywalls/Components/PaywallV2CacheWarming.swift /Users/runner/Library/Developer/Xcode/DerivedData/App-bftnsirjgxxrogcvaqjekecjqrkn/SourcePackages/checkouts/purchases-ios-spm/Sources/Paywalls/Components/PaywallVideoComponent.swift /Users/runner/Library/Developer/Xcode/DerivedData/App-bftnsirjgxxrogcvaqjekecjqrkn/SourcePackages/checkouts/purchases-ios-spm/Sources/Paywalls/Components/PaywallWebViewComponent.swift /Users/runner/Library/Developer/Xcode/DerivedData/App-bftnsirjgxxrogcvaqjekecjqrkn/SourcePackages/checkouts/purchases-ios-spm/Sources/Paywalls/Components/Transitions/PaywallAnimation.swift /Users/runner/Library/Developer/Xcode/DerivedData/App-bftnsirjgxxrogcvaqjekecjqrkn/SourcePackages/checkouts/purchases-ios-spm/Sources/Paywalls/Components/Transitions/PaywallTransition.swift /Users/runner/Library/Developer/Xcode/DerivedData/App-bftnsirjgxxrogcvaqjekecjqrkn/SourcePackages/checkouts/purchases-ios-spm/Sources/Paywalls/Events/CustomPaywallEvent.swift /Users/runner/Library/Developer/Xcode/DerivedData/App-bftnsirjgxxrogcvaqjekecjqrkn/SourcePackages/checkouts/purchases-ios-spm/Sources/Paywalls/Events/CustomPaywallImpressionParams.swift /Users/runner/Library/Developer/Xcode/DerivedData/App-bftnsirjgxxrogcvaqjekecjqrkn/SourcePackages/checkouts/purchases-ios-spm/Sources/Paywalls/Events/Networking/EventsRequest+CustomPaywallImpression.swift /Users/runner/Library/Developer/Xcode/DerivedData/App-bftnsirjgxxrogcvaqjekecjqrkn/SourcePackages/checkouts/purchases-ios-spm/Sources/Paywalls/Events/Networking/EventsRequest+Paywall.swift /Users/runner/Library/Developer/Xcode/DerivedData/App-bftnsirjgxxrogcvaqjekecjqrkn/SourcePackages/checkouts/purchases-ios-spm/Sources/Paywalls/Events/PaywallEvent.swift /Users/runner/Library/Developer/Xcode/DerivedData/App-bftnsirjgxxrogcvaqjekecjqrkn/SourcePackages/checkouts/purchases-ios-spm/Sources/Paywalls/Events/WorkflowEvent.swift /Users/runner/Library/Developer/Xcode/DerivedData/App-bftnsirjgxxrogcvaqjekecjqrkn/SourcePackages/checkouts/purchases-ios-spm/Sources/Paywalls/ExitOffer.swift /Users/runner/Library/Developer/Xcode/DerivedData/App-bftnsirjgxxrogcvaqjekecjqrkn/SourcePackages/checkouts/purchases-ios-spm/Sources/Paywalls/Locale+Comparison.swift /Users/runner/Library/Developer/Xcode/DerivedData/App-bftnsirjgxxrogcvaqjekecjqrkn/SourcePackages/checkouts/purchases-ios-spm/Sources/Paywalls/PaywallCacheWarming.swift /Users/runner/Library/Developer/Xcode/DerivedData/App-bftnsirjgxxrogcvaqjekecjqrkn/SourcePackages/checkouts/purchases-ios-spm/Sources/Paywalls/PaywallColor.swift /Users/runner/Library/Developer/Xcode/DerivedData/App-bftnsirjgxxrogcvaqjekecjqrkn/SourcePackages/checkouts/purchases-ios-spm/Sources/Paywalls/PaywallData+Localization.swift /Users/runner/Library/Developer/Xcode/DerivedData/App-bftnsirjgxxrogcvaqjekecjqrkn/SourcePackages/checkouts/purchases-ios-spm/Sources/Paywalls/PaywallData.swift /Users/runner/Library/Developer/Xcode/DerivedData/App-bftnsirjgxxrogcvaqjekecjqrkn/SourcePackages/checkouts/purchases-ios-spm/Sources/Paywalls/PaywallFontManagerType.swift /Users/runner/Library/Developer/Xcode/DerivedData/App-bftnsirjgxxrogcvaqjekecjqrkn/SourcePackages/checkouts/purchases-ios-spm/Sources/Paywalls/PaywallSource.swift /Users/runner/Library/Developer/Xcode/DerivedData/App-bftnsirjgxxrogcvaqjekecjqrkn/SourcePackages/checkouts/purchases-ios-spm/Sources/Paywalls/PaywallViewMode.swift /Users/runner/Library/Developer/Xcode/DerivedData/App-bftnsirjgxxrogcvaqjekecjqrkn/SourcePackages/checkouts/purchases-ios-spm/Sources/Paywalls/SubscriptionHistoryTracker.swift /Users/runner/Library/Developer/Xcode/DerivedData/App-bftnsirjgxxrogcvaqjekecjqrkn/SourcePackages/checkouts/purchases-ios-spm/Sources/Paywalls/WebBundleEventBus.swift /Users/runner/Library/Developer/Xcode/DerivedData/App-bftnsirjgxxrogcvaqjekecjqrkn/SourcePackages/checkouts/purchases-ios-spm/Sources/Paywalls/WebBundleURLBatcher.swift /Users/runner/Library/Developer/Xcode/DerivedData/App-bftnsirjgxxrogcvaqjekecjqrkn/SourcePackages/checkouts/purchases-ios-spm/Sources/Paywalls/WebViewDataStoreIdentifierStore.swift /Users/runner/Library/Developer/Xcode/DerivedData/App-bftnsirjgxxrogcvaqjekecjqrkn/SourcePackages/checkouts/purchases-ios-spm/Sources/Purchasing/BranchResolver.swift /Users/runner/Library/Developer/Xcode/DerivedData/App-bftnsirjgxxrogcvaqjekecjqrkn/SourcePackages/checkouts/purchases-ios-spm/Sources/Purchasing/CachingProductsManager.swift /Users/runner/Library/Developer/Xcode/DerivedData/App-bftnsirjgxxrogcvaqjekecjqrkn/SourcePackages/checkouts/purchases-ios-spm/Sources/Purchasing/CachingTrialOrIntroPriceEligibilityChecker.swift /Users/runner/Library/Developer/Xcode/DerivedData/App-bftnsirjgxxrogcvaqjekecjqrkn/SourcePackages/checkouts/purchases-ios-spm/Sources/Purchasing/Configuration.swift /Users/runner/Library/Developer/Xcode/DerivedData/App-bftnsirjgxxrogcvaqjekecjqrkn/SourcePackages/checkouts/purchases-ios-spm/Sources/Purchasing/EntitlementInfo.swift /Users/runner/Library/Developer/Xcode/DerivedData/App-bftnsirjgxxrogcvaqjekecjqrkn/SourcePackages/checkouts/purchases-ios-spm/Sources/Purchasing/EntitlementInfos.swift /Users/runner/Library/Developer/Xcode/DerivedData/App-bftnsirjgxxrogcvaqjekecjqrkn/SourcePackages/checkouts/purchases-ios-spm/Sources/Purchasing/ExternalPurchase/ExternalPurchaseCustomLinkType.swift /Users/runner/Library/Developer/Xcode/DerivedData/App-bftnsirjgxxrogcvaqjekecjqrkn/SourcePackages/checkouts/purchases-ios-spm/Sources/Purchasing/ExternalPurchase/ExternalPurchaseFlow.swift /Users/runner/Library/Developer/Xcode/DerivedData/App-bftnsirjgxxrogcvaqjekecjqrkn/SourcePackages/checkouts/purchases-ios-spm/Sources/Purchasing/ExternalPurchase/ExternalPurchaseLinkResult.swift /Users/runner/Library/Developer/Xcode/DerivedData/App-bftnsirjgxxrogcvaqjekecjqrkn/SourcePackages/checkouts/purchases-ios-spm/Sources/Purchasing/ExternalPurchase/ExternalPurchaseManager.swift /Users/runner/Library/Developer/Xcode/DerivedData/App-bftnsirjgxxrogcvaqjekecjqrkn/SourcePackages/checkouts/purchases-ios-spm/Sources/Purchasing/ExternalPurchase/ExternalPurchaseNotice.swift /Users/runner/Library/Developer/Xcode/DerivedData/App-bftnsirjgxxrogcvaqjekecjqrkn/SourcePackages/checkouts/purchases-ios-spm/Sources/Purchasing/ExternalPurchase/ExternalPurchaseTokenType.swift /Users/runner/Library/Developer/Xcode/DerivedData/App-bftnsirjgxxrogcvaqjekecjqrkn/SourcePackages/checkouts/purchases-ios-spm/Sources/Purchasing/ExternalPurchase/StoreKitExternalPurchaseCustomLink.swift /Users/runner/Library/Developer/Xcode/DerivedData/App-bftnsirjgxxrogcvaqjekecjqrkn/SourcePackages/checkouts/purchases-ios-spm/Sources/Purchasing/HostedCheckout/HostedCheckoutManager.swift /Users/runner/Library/Developer/Xcode/DerivedData/App-bftnsirjgxxrogcvaqjekecjqrkn/SourcePackages/checkouts/purchases-ios-spm/Sources/Purchasing/HostedCheckout/HostedCheckoutSession.swift /Users/runner/Library/Developer/Xcode/DerivedData/App-bftnsirjgxxrogcvaqjekecjqrkn/SourcePackages/checkouts/purchases-ios-spm/Sources/Purchasing/InstallmentsInfo.swift /Users/runner/Library/Developer/Xcode/DerivedData/App-bftnsirjgxxrogcvaqjekecjqrkn/SourcePackages/checkouts/purchases-ios-spm/Sources/Purchasing/InstallmentsInfoFactory.swift /Users/runner/Library/Developer/Xcode/DerivedData/App-bftnsirjgxxrogcvaqjekecjqrkn/SourcePackages/checkouts/purchases-ios-spm/Sources/Purchasing/IntroEligibility.swift /Users/runner/Library/Developer/Xcode/DerivedData/App-bftnsirjgxxrogcvaqjekecjqrkn/SourcePackages/checkouts/purchases-ios-spm/Sources/Purchasing/IntroEligibilityCalculator.swift /Users/runner/Library/Developer/Xcode/DerivedData/App-bftnsirjgxxrogcvaqjekecjqrkn/SourcePackages/checkouts/purchases-ios-spm/Sources/Purchasing/NonSubscriptionTransaction.swift /Users/runner/Library/Developer/Xcode/DerivedData/App-bftnsirjgxxrogcvaqjekecjqrkn/SourcePackages/checkouts/purchases-ios-spm/Sources/Purchasing/Offering.swift /Users/runner/Library/Developer/Xcode/DerivedData/App-bftnsirjgxxrogcvaqjekecjqrkn/SourcePackages/checkouts/purchases-ios-spm/Sources/Purchasing/Offerings.swift /Users/runner/Library/Developer/Xcode/DerivedData/App-bftnsirjgxxrogcvaqjekecjqrkn/SourcePackages/checkouts/purchases-ios-spm/Sources/Purchasing/OfferingsFactory.swift /Users/runner/Library/Developer/Xcode/DerivedData/App-bftnsirjgxxrogcvaqjekecjqrkn/SourcePackages/checkouts/purchases-ios-spm/Sources/Purchasing/OfferingsManager.swift /Users/runner/Library/Developer/Xcode/DerivedData/App-bftnsirjgxxrogcvaqjekecjqrkn/SourcePackages/checkouts/purchases-ios-spm/Sources/Purchasing/Package.swift /Users/runner/Library/Developer/Xcode/DerivedData/App-bftnsirjgxxrogcvaqjekecjqrkn/SourcePackages/checkouts/purchases-ios-spm/Sources/Purchasing/PackageType.swift /Users/runner/Library/Developer/Xcode/DerivedData/App-bftnsirjgxxrogcvaqjekecjqrkn/SourcePackages/checkouts/purchases-ios-spm/Sources/Purchasing/ProductRequestData+Initialization.swift /Users/runner/Library/Developer/Xcode/DerivedData/App-bftnsirjgxxrogcvaqjekecjqrkn/SourcePackages/checkouts/purchases-ios-spm/Sources/Purchasing/ProductRequestData.swift /Users/runner/Library/Developer/Xcode/DerivedData/App-bftnsirjgxxrogcvaqjekecjqrkn/SourcePackages/checkouts/purchases-ios-spm/Sources/Purchasing/ProductsManager.swift /Users/runner/Library/Developer/Xcode/DerivedData/App-bftnsirjgxxrogcvaqjekecjqrkn/SourcePackages/checkouts/purchases-ios-spm/Sources/Purchasing/ProductsManagerFactory.swift /Users/runner/Library/Developer/Xcode/DerivedData/App-bftnsirjgxxrogcvaqjekecjqrkn/SourcePackages/checkouts/purchases-ios-spm/Sources/Purchasing/ProductsManagerType.swift /Users/runner/Library/Developer/Xcode/DerivedData/App-bftnsirjgxxrogcvaqjekecjqrkn/SourcePackages/checkouts/purchases-ios-spm/Sources/Purchasing/ProductsRequestFactory.swift /Users/runner/Library/Developer/Xcode/DerivedData/App-bftnsirjgxxrogcvaqjekecjqrkn/SourcePackages/checkouts/purchases-ios-spm/Sources/Purchasing/PurchaseOwnershipType.swift /Users/runner/Library/Developer/Xcode/DerivedData/App-bftnsirjgxxrogcvaqjekecjqrkn/SourcePackages/checkouts/purchases-ios-spm/Sources/Purchasing/Purchases/Attribution.swift /Users/runner/Library/Developer/Xcode/DerivedData/App-bftnsirjgxxrogcvaqjekecjqrkn/SourcePackages/checkouts/purchases-ios-spm/Sources/Purchasing/Purchases/ConfiguredStoreEnvironment.swift /Users/runner/Library/Developer/Xcode/DerivedData/App-bftnsirjgxxrogcvaqjekecjqrkn/SourcePackages/checkouts/purchases-ios-spm/Sources/Purchasing/Purchases/LocalTransactionMetadata.swift /Users/runner/Library/Developer/Xcode/DerivedData/App-bftnsirjgxxrogcvaqjekecjqrkn/SourcePackages/checkouts/purchases-ios-spm/Sources/Purchasing/Purchases/LocalTransactionMetadataStore.swift /Users/runner/Library/Developer/Xcode/DerivedData/App-bftnsirjgxxrogcvaqjekecjqrkn/SourcePackages/checkouts/purchases-ios-spm/Sources/Purchasing/Purchases/PurchaseParams.swift /Users/runner/Library/Developer/Xcode/DerivedData/App-bftnsirjgxxrogcvaqjekecjqrkn/SourcePackages/checkouts/purchases-ios-spm/Sources/Purchasing/Purchases/Purchases.swift /Users/runner/Library/Developer/Xcode/DerivedData/App-bftnsirjgxxrogcvaqjekecjqrkn/SourcePackages/checkouts/purchases-ios-spm/Sources/Purchasing/Purchases/PurchasesAreCompletedBy.swift /Users/runner/Library/Developer/Xcode/DerivedData/App-bftnsirjgxxrogcvaqjekecjqrkn/SourcePackages/checkouts/purchases-ios-spm/Sources/Purchasing/Purchases/PurchasesConfiguredNotifier.swift /Users/runner/Library/Developer/Xcode/DerivedData/App-bftnsirjgxxrogcvaqjekecjqrkn/SourcePackages/checkouts/purchases-ios-spm/Sources/Purchasing/Purchases/PurchasesDelegate.swift /Users/runner/Library/Developer/Xcode/DerivedData/App-bftnsirjgxxrogcvaqjekecjqrkn/SourcePackages/checkouts/purchases-ios-spm/Sources/Purchasing/Purchases/PurchasesOrchestrator.swift /Users/runner/Library/Developer/Xcode/DerivedData/App-bftnsirjgxxrogcvaqjekecjqrkn/SourcePackages/checkouts/purchases-ios-spm/Sources/Purchasing/Purchases/PurchasesType.swift /Users/runner/Library/Developer/Xcode/DerivedData/App-bftnsirjgxxrogcvaqjekecjqrkn/SourcePackages/checkouts/purchases-ios-spm/Sources/Purchasing/Purchases/TransactionMetadataSyncHelper.swift /Users/runner/Library/Developer/Xcode/DerivedData/App-bftnsirjgxxrogcvaqjekecjqrkn/SourcePackages/checkouts/purchases-ios-spm/Sources/Purchasing/Purchases/TransactionNotifications.swift /Users/runner/Library/Developer/Xcode/DerivedData/App-bftnsirjgxxrogcvaqjekecjqrkn/SourcePackages/checkouts/purchases-ios-spm/Sources/Purchasing/Purchases/TransactionPoster.swift /Users/runner/Library/Developer/Xcode/DerivedData/App-bftnsirjgxxrogcvaqjekecjqrkn/SourcePackages/checkouts/purchases-ios-spm/Sources/Purchasing/ReceiptFetcher.swift /Users/runner/Library/Developer/Xcode/DerivedData/App-bftnsirjgxxrogcvaqjekecjqrkn/SourcePackages/checkouts/purchases-ios-spm/Sources/Purchasing/ReceiptRefreshPolicy.swift /Users/runner/Library/Developer/Xcode/DerivedData/App-bftnsirjgxxrogcvaqjekecjqrkn/SourcePackages/checkouts/purchases-ios-spm/Sources/Purchasing/SimulatedStore/SimulatedStoreProduct.swift /Users/runner/Library/Developer/Xcode/DerivedData/App-bftnsirjgxxrogcvaqjekecjqrkn/SourcePackages/checkouts/purchases-ios-spm/Sources/Purchasing/SimulatedStore/SimulatedStoreProductsManager.swift /Users/runner/Library/Developer/Xcode/DerivedData/App-bftnsirjgxxrogcvaqjekecjqrkn/SourcePackages/checkouts/purchases-ios-spm/Sources/Purchasing/SimulatedStore/SimulatedStorePurchaseHandler.swift /Users/runner/Library/Developer/Xcode/DerivedData/App-bftnsirjgxxrogcvaqjekecjqrkn/SourcePackages/checkouts/purchases-ios-spm/Sources/Purchasing/SimulatedStore/SimulatedStorePurchaseUI.swift /Users/runner/Library/Developer/Xcode/DerivedData/App-bftnsirjgxxrogcvaqjekecjqrkn/SourcePackages/checkouts/purchases-ios-spm/Sources/Purchasing/SimulatedStore/SimulatedStoreTransaction.swift /Users/runner/Library/Developer/Xcode/DerivedData/App-bftnsirjgxxrogcvaqjekecjqrkn/SourcePackages/checkouts/purchases-ios-spm/Sources/Purchasing/SimulatedStore/SimulatedStoreTransactionFetcher.swift /Users/runner/Library/Developer/Xcode/DerivedData/App-bftnsirjgxxrogcvaqjekecjqrkn/SourcePackages/checkouts/purchases-ios-spm/Sources/Purchasing/SimulatedStore/WebBillingProduct+SimulatedStoreProduct.swift /Users/runner/Library/Developer/Xcode/DerivedData/App-bftnsirjgxxrogcvaqjekecjqrkn/SourcePackages/checkouts/purchases-ios-spm/Sources/Purchasing/StoreKit1/PaymentQueueWrapper.swift /Users/runner/Library/Developer/Xcode/DerivedData/App-bftnsirjgxxrogcvaqjekecjqrkn/SourcePackages/checkouts/purchases-ios-spm/Sources/Purchasing/StoreKit1/ProductsFetcherSK1.swift /Users/runner/Library/Developer/Xcode/DerivedData/App-bftnsirjgxxrogcvaqjekecjqrkn/SourcePackages/checkouts/purchases-ios-spm/Sources/Purchasing/StoreKit1/StoreKit1Wrapper.swift /Users/runner/Library/Developer/Xcode/DerivedData/App-bftnsirjgxxrogcvaqjekecjqrkn/SourcePackages/checkouts/purchases-ios-spm/Sources/Purchasing/StoreKit1/StoreKitRequestFetcher.swift /Users/runner/Library/Developer/Xcode/DerivedData/App-bftnsirjgxxrogcvaqjekecjqrkn/SourcePackages/checkouts/purchases-ios-spm/Sources/Purchasing/StoreKit2/Observer\ Mode/StoreKit2ObserverModePurchaseDetector.swift /Users/runner/Library/Developer/Xcode/DerivedData/App-bftnsirjgxxrogcvaqjekecjqrkn/SourcePackages/checkouts/purchases-ios-spm/Sources/Purchasing/StoreKit2/Products\ with\ Billing\ Plans/CompoundProductIdentifier.swift /Users/runner/Library/Developer/Xcode/DerivedData/App-bftnsirjgxxrogcvaqjekecjqrkn/SourcePackages/checkouts/purchases-ios-spm/Sources/Purchasing/StoreKit2/Products\ with\ Billing\ Plans/CompoundProductIdentifierResolver.swift /Users/runner/Library/Developer/Xcode/DerivedData/App-bftnsirjgxxrogcvaqjekecjqrkn/SourcePackages/checkouts/purchases-ios-spm/Sources/Purchasing/StoreKit2/ProductsFetcherSK2.swift /Users/runner/Library/Developer/Xcode/DerivedData/App-bftnsirjgxxrogcvaqjekecjqrkn/SourcePackages/checkouts/purchases-ios-spm/Sources/Purchasing/StoreKit2/SK2AppTransaction.swift /Users/runner/Library/Developer/Xcode/DerivedData/App-bftnsirjgxxrogcvaqjekecjqrkn/SourcePackages/checkouts/purchases-ios-spm/Sources/Purchasing/StoreKit2/SK2BeginRefundRequestHelper.swift /Users/runner/Library/Developer/Xcode/DerivedData/App-bftnsirjgxxrogcvaqjekecjqrkn/SourcePackages/checkouts/purchases-ios-spm/Sources/Purchasing/StoreKit2/StoreKit2ConfirmInOptions.swift /Users/runner/Library/Developer/Xcode/DerivedData/App-bftnsirjgxxrogcvaqjekecjqrkn/SourcePackages/checkouts/purchases-ios-spm/Sources/Purchasing/StoreKit2/StoreKit2ProductPurchaser.swift /Users/runner/Library/Developer/Xcode/DerivedData/App-bftnsirjgxxrogcvaqjekecjqrkn/SourcePackages/checkouts/purchases-ios-spm/Sources/Purchasing/StoreKit2/StoreKit2PromotionalOfferPurchaseOptions.swift /Users/runner/Library/Developer/Xcode/DerivedData/App-bftnsirjgxxrogcvaqjekecjqrkn/SourcePackages/checkouts/purchases-ios-spm/Sources/Purchasing/StoreKit2/StoreKit2PurchaseIntentListener.swift /Users/runner/Library/Developer/Xcode/DerivedData/App-bftnsirjgxxrogcvaqjekecjqrkn/SourcePackages/checkouts/purchases-ios-spm/Sources/Purchasing/StoreKit2/StoreKit2Receipt.swift /Users/runner/Library/Developer/Xcode/DerivedData/App-bftnsirjgxxrogcvaqjekecjqrkn/SourcePackages/checkouts/purchases-ios-spm/Sources/Purchasing/StoreKit2/StoreKit2StorefrontListener.swift /Users/runner/Library/Developer/Xcode/DerivedData/App-bftnsirjgxxrogcvaqjekecjqrkn/SourcePackages/checkouts/purchases-ios-spm/Sources/Purchasing/StoreKit2/StoreKit2TransactionFetcher.swift /Users/runner/Library/Developer/Xcode/DerivedData/App-bftnsirjgxxrogcvaqjekecjqrkn/SourcePackages/checkouts/purchases-ios-spm/Sources/Purchasing/StoreKit2/StoreKit2TransactionListener.swift /Users/runner/Library/Developer/Xcode/DerivedData/App-bftnsirjgxxrogcvaqjekecjqrkn/SourcePackages/checkouts/purchases-ios-spm/Sources/Purchasing/StoreKit2/Win-Back\ Offers/WinBackEligibilityAdapters.swift /Users/runner/Library/Developer/Xcode/DerivedData/App-bftnsirjgxxrogcvaqjekecjqrkn/SourcePackages/checkouts/purchases-ios-spm/Sources/Purchasing/StoreKit2/Win-Back\ Offers/WinBackOfferEligibilityCalculator.swift /Users/runner/Library/Developer/Xcode/DerivedData/App-bftnsirjgxxrogcvaqjekecjqrkn/SourcePackages/checkouts/purchases-ios-spm/Sources/Purchasing/StoreKit2/Win-Back\ Offers/WinBackOfferEligibilityCalculatorType.swift /Users/runner/Library/Developer/Xcode/DerivedData/App-bftnsirjgxxrogcvaqjekecjqrkn/SourcePackages/checkouts/purchases-ios-spm/Sources/Purchasing/StoreKitAbstractions/BillingPlanType.swift /Users/runner/Library/Developer/Xcode/DerivedData/App-bftnsirjgxxrogcvaqjekecjqrkn/SourcePackages/checkouts/purchases-ios-spm/Sources/Purchasing/StoreKitAbstractions/EncodedAppleReceipt.swift /Users/runner/Library/Developer/Xcode/DerivedData/App-bftnsirjgxxrogcvaqjekecjqrkn/SourcePackages/checkouts/purchases-ios-spm/Sources/Purchasing/StoreKitAbstractions/ProductType.swift /Users/runner/Library/Developer/Xcode/DerivedData/App-bftnsirjgxxrogcvaqjekecjqrkn/SourcePackages/checkouts/purchases-ios-spm/Sources/Purchasing/StoreKitAbstractions/PromotionalOffer.swift /Users/runner/Library/Developer/Xcode/DerivedData/App-bftnsirjgxxrogcvaqjekecjqrkn/SourcePackages/checkouts/purchases-ios-spm/Sources/Purchasing/StoreKitAbstractions/RevocationReason.swift /Users/runner/Library/Developer/Xcode/DerivedData/App-bftnsirjgxxrogcvaqjekecjqrkn/SourcePackages/checkouts/purchases-ios-spm/Sources/Purchasing/StoreKitAbstractions/SK1StoreProduct.swift /Users/runner/Library/Developer/Xcode/DerivedData/App-bftnsirjgxxrogcvaqjekecjqrkn/SourcePackages/checkouts/purchases-ios-spm/Sources/Purchasing/StoreKitAbstractions/SK1StoreProductDiscount.swift /Users/runner/Library/Developer/Xcode/DerivedData/App-bftnsirjgxxrogcvaqjekecjqrkn/SourcePackages/checkouts/purchases-ios-spm/Sources/Purchasing/StoreKitAbstractions/SK1StoreTransaction.swift /Users/runner/Library/Developer/Xcode/DerivedData/App-bftnsirjgxxrogcvaqjekecjqrkn/SourcePackages/checkouts/purchases-ios-spm/Sources/Purchasing/StoreKitAbstractions/SK1Storefront.swift /Users/runner/Library/Developer/Xcode/DerivedData/App-bftnsirjgxxrogcvaqjekecjqrkn/SourcePackages/checkouts/purchases-ios-spm/Sources/Purchasing/StoreKitAbstractions/SK2StoreProduct.swift /Users/runner/Library/Developer/Xcode/DerivedData/App-bftnsirjgxxrogcvaqjekecjqrkn/SourcePackages/checkouts/purchases-ios-spm/Sources/Purchasing/StoreKitAbstractions/SK2StoreProductDiscount.swift /Users/runner/Library/Developer/Xcode/DerivedData/App-bftnsirjgxxrogcvaqjekecjqrkn/SourcePackages/checkouts/purchases-ios-spm/Sources/Purchasing/StoreKitAbstractions/SK2StoreTransaction.swift /Users/runner/Library/Developer/Xcode/DerivedData/App-bftnsirjgxxrogcvaqjekecjqrkn/SourcePackages/checkouts/purchases-ios-spm/Sources/Purchasing/StoreKitAbstractions/SK2Storefront.swift /Users/runner/Library/Developer/Xcode/DerivedData/App-bftnsirjgxxrogcvaqjekecjqrkn/SourcePackages/checkouts/purchases-ios-spm/Sources/Purchasing/StoreKitAbstractions/StoreEnvironment.swift /Users/runner/Library/Developer/Xcode/DerivedData/App-bftnsirjgxxrogcvaqjekecjqrkn/SourcePackages/checkouts/purchases-ios-spm/Sources/Purchasing/StoreKitAbstractions/StoreKitWorkarounds.swift /Users/runner/Library/Developer/Xcode/DerivedData/App-bftnsirjgxxrogcvaqjekecjqrkn/SourcePackages/checkouts/purchases-ios-spm/Sources/Purchasing/StoreKitAbstractions/StoreProduct.swift /Users/runner/Library/Developer/Xcode/DerivedData/App-bftnsirjgxxrogcvaqjekecjqrkn/SourcePackages/checkouts/purchases-ios-spm/Sources/Purchasing/StoreKitAbstractions/StoreProductDiscount.swift /Users/runner/Library/Developer/Xcode/DerivedData/App-bftnsirjgxxrogcvaqjekecjqrkn/SourcePackages/checkouts/purchases-ios-spm/Sources/Purchasing/StoreKitAbstractions/StoreTransaction.swift /Users/runner/Library/Developer/Xcode/DerivedData/App-bftnsirjgxxrogcvaqjekecjqrkn/SourcePackages/checkouts/purchases-ios-spm/Sources/Purchasing/StoreKitAbstractions/Storefront.swift /Users/runner/Library/Developer/Xcode/DerivedData/App-bftnsirjgxxrogcvaqjekecjqrkn/SourcePackages/checkouts/purchases-ios-spm/Sources/Purchasing/StoreKitAbstractions/StorefrontProvider.swift /Users/runner/Library/Developer/Xcode/DerivedData/App-bftnsirjgxxrogcvaqjekecjqrkn/SourcePackages/checkouts/purchases-ios-spm/Sources/Purchasing/StoreKitAbstractions/SubscriptionPeriod.swift /Users/runner/Library/Developer/Xcode/DerivedData/App-bftnsirjgxxrogcvaqjekecjqrkn/SourcePackages/checkouts/purchases-ios-spm/Sources/Purchasing/StoreKitAbstractions/Test\ Data/TestStoreProduct.swift /Users/runner/Library/Developer/Xcode/DerivedData/App-bftnsirjgxxrogcvaqjekecjqrkn/SourcePackages/checkouts/purchases-ios-spm/Sources/Purchasing/StoreKitAbstractions/Test\ Data/TestStoreProductDiscount.swift /Users/runner/Library/Developer/Xcode/DerivedData/App-bftnsirjgxxrogcvaqjekecjqrkn/SourcePackages/checkouts/purchases-ios-spm/Sources/Purchasing/StoreKitAbstractions/TestStoreTransaction.swift /Users/runner/Library/Developer/Xcode/DerivedData/App-bftnsirjgxxrogcvaqjekecjqrkn/SourcePackages/checkouts/purchases-ios-spm/Sources/Purchasing/StoreKitAbstractions/TransactionReason.swift /Users/runner/Library/Developer/Xcode/DerivedData/App-bftnsirjgxxrogcvaqjekecjqrkn/SourcePackages/checkouts/purchases-ios-spm/Sources/Purchasing/StoreKitAbstractions/WinBackOffer.swift /Users/runner/Library/Developer/Xcode/DerivedData/App-bftnsirjgxxrogcvaqjekecjqrkn/SourcePackages/checkouts/purchases-ios-spm/Sources/Purchasing/TransactionsFactory.swift /Users/runner/Library/Developer/Xcode/DerivedData/App-bftnsirjgxxrogcvaqjekecjqrkn/SourcePackages/checkouts/purchases-ios-spm/Sources/Purchasing/TransactionsManager.swift /Users/runner/Library/Developer/Xcode/DerivedData/App-bftnsirjgxxrogcvaqjekecjqrkn/SourcePackages/checkouts/purchases-ios-spm/Sources/Purchasing/TrialOrIntroPriceEligibilityChecker.swift /Users/runner/Library/Developer/Xcode/DerivedData/App-bftnsirjgxxrogcvaqjekecjqrkn/SourcePackages/checkouts/purchases-ios-spm/Sources/Purchasing/WorkflowManager.swift /Users/runner/Library/Developer/Xcode/DerivedData/App-bftnsirjgxxrogcvaqjekecjqrkn/SourcePackages/checkouts/purchases-ios-spm/Sources/RulesEngine/CustomOperators/CaseOperators.swift /Users/runner/Library/Developer/Xcode/DerivedData/App-bftnsirjgxxrogcvaqjekecjqrkn/SourcePackages/checkouts/purchases-ios-spm/Sources/RulesEngine/CustomOperators/CustomOperators.swift /Users/runner/Library/Developer/Xcode/DerivedData/App-bftnsirjgxxrogcvaqjekecjqrkn/SourcePackages/checkouts/purchases-ios-spm/Sources/RulesEngine/CustomOperators/EntriesOperators.swift /Users/runner/Library/Developer/Xcode/DerivedData/App-bftnsirjgxxrogcvaqjekecjqrkn/SourcePackages/checkouts/purchases-ios-spm/Sources/RulesEngine/CustomOperators/LetOperator.swift /Users/runner/Library/Developer/Xcode/DerivedData/App-bftnsirjgxxrogcvaqjekecjqrkn/SourcePackages/checkouts/purchases-ios-spm/Sources/RulesEngine/CustomOperators/RegexOperators.swift /Users/runner/Library/Developer/Xcode/DerivedData/App-bftnsirjgxxrogcvaqjekecjqrkn/SourcePackages/checkouts/purchases-ios-spm/Sources/RulesEngine/CustomOperators/RootVarOperator.swift /Users/runner/Library/Developer/Xcode/DerivedData/App-bftnsirjgxxrogcvaqjekecjqrkn/SourcePackages/checkouts/purchases-ios-spm/Sources/RulesEngine/CustomOperators/SemverOperator.swift /Users/runner/Library/Developer/Xcode/DerivedData/App-bftnsirjgxxrogcvaqjekecjqrkn/SourcePackages/checkouts/purchases-ios-spm/Sources/RulesEngine/CustomOperators/SliceOperator.swift /Users/runner/Library/Developer/Xcode/DerivedData/App-bftnsirjgxxrogcvaqjekecjqrkn/SourcePackages/checkouts/purchases-ios-spm/Sources/RulesEngine/CustomOperators/SortByOperator.swift /Users/runner/Library/Developer/Xcode/DerivedData/App-bftnsirjgxxrogcvaqjekecjqrkn/SourcePackages/checkouts/purchases-ios-spm/Sources/RulesEngine/CustomOperators/SplitOperator.swift /Users/runner/Library/Developer/Xcode/DerivedData/App-bftnsirjgxxrogcvaqjekecjqrkn/SourcePackages/checkouts/purchases-ios-spm/Sources/RulesEngine/EvaluationError.swift /Users/runner/Library/Developer/Xcode/DerivedData/App-bftnsirjgxxrogcvaqjekecjqrkn/SourcePackages/checkouts/purchases-ios-spm/Sources/RulesEngine/Evaluator.swift /Users/runner/Library/Developer/Xcode/DerivedData/App-bftnsirjgxxrogcvaqjekecjqrkn/SourcePackages/checkouts/purchases-ios-spm/Sources/RulesEngine/ObjectValue.swift /Users/runner/Library/Developer/Xcode/DerivedData/App-bftnsirjgxxrogcvaqjekecjqrkn/SourcePackages/checkouts/purchases-ios-spm/Sources/RulesEngine/Operators/AccessorOperators.swift /Users/runner/Library/Developer/Xcode/DerivedData/App-bftnsirjgxxrogcvaqjekecjqrkn/SourcePackages/checkouts/purchases-ios-spm/Sources/RulesEngine/Operators/ArithmeticOperators.swift /Users/runner/Library/Developer/Xcode/DerivedData/App-bftnsirjgxxrogcvaqjekecjqrkn/SourcePackages/checkouts/purchases-ios-spm/Sources/RulesEngine/Operators/ComparisonOperators.swift /Users/runner/Library/Developer/Xcode/DerivedData/App-bftnsirjgxxrogcvaqjekecjqrkn/SourcePackages/checkouts/purchases-ios-spm/Sources/RulesEngine/Operators/EqualityOperators.swift /Users/runner/Library/Developer/Xcode/DerivedData/App-bftnsirjgxxrogcvaqjekecjqrkn/SourcePackages/checkouts/purchases-ios-spm/Sources/RulesEngine/Operators/IterationOperators.swift /Users/runner/Library/Developer/Xcode/DerivedData/App-bftnsirjgxxrogcvaqjekecjqrkn/SourcePackages/checkouts/purchases-ios-spm/Sources/RulesEngine/Operators/LogicOperators.swift /Users/runner/Library/Developer/Xcode/DerivedData/App-bftnsirjgxxrogcvaqjekecjqrkn/SourcePackages/checkouts/purchases-ios-spm/Sources/RulesEngine/Operators/MinMaxOperators.swift /Users/runner/Library/Developer/Xcode/DerivedData/App-bftnsirjgxxrogcvaqjekecjqrkn/SourcePackages/checkouts/purchases-ios-spm/Sources/RulesEngine/Operators/MiscOperators.swift /Users/runner/Library/Developer/Xcode/DerivedData/App-bftnsirjgxxrogcvaqjekecjqrkn/SourcePackages/checkouts/purchases-ios-spm/Sources/RulesEngine/Operators/Operators.swift /Users/runner/Library/Developer/Xcode/DerivedData/App-bftnsirjgxxrogcvaqjekecjqrkn/SourcePackages/checkouts/purchases-ios-spm/Sources/RulesEngine/Operators/StringArrayOperators.swift /Users/runner/Library/Developer/Xcode/DerivedData/App-bftnsirjgxxrogcvaqjekecjqrkn/SourcePackages/checkouts/purchases-ios-spm/Sources/RulesEngine/RulesEngine.swift /Users/runner/Library/Developer/Xcode/DerivedData/App-bftnsirjgxxrogcvaqjekecjqrkn/SourcePackages/checkouts/purchases-ios-spm/Sources/RulesEngine/RulesEngineEvaluate.swift /Users/runner/Library/Developer/Xcode/DerivedData/App-bftnsirjgxxrogcvaqjekecjqrkn/SourcePackages/checkouts/purchases-ios-spm/Sources/RulesEngine/RulesEngineLogger.swift /Users/runner/Library/Developer/Xcode/DerivedData/App-bftnsirjgxxrogcvaqjekecjqrkn/SourcePackages/checkouts/purchases-ios-spm/Sources/RulesEngine/Scope.swift /Users/runner/Library/Developer/Xcode/DerivedData/App-bftnsirjgxxrogcvaqjekecjqrkn/SourcePackages/checkouts/purchases-ios-spm/Sources/RulesEngine/Value+JSON.swift /Users/runner/Library/Developer/Xcode/DerivedData/App-bftnsirjgxxrogcvaqjekecjqrkn/SourcePackages/checkouts/purchases-ios-spm/Sources/RulesEngine/Value.swift /Users/runner/Library/Developer/Xcode/DerivedData/App-bftnsirjgxxrogcvaqjekecjqrkn/SourcePackages/checkouts/purchases-ios-spm/Sources/Security/FakeSigning.swift /Users/runner/Library/Developer/Xcode/DerivedData/App-bftnsirjgxxrogcvaqjekecjqrkn/SourcePackages/checkouts/purchases-ios-spm/Sources/Security/HTTPRequest+Signing.swift /Users/runner/Library/Developer/Xcode/DerivedData/App-bftnsirjgxxrogcvaqjekecjqrkn/SourcePackages/checkouts/purchases-ios-spm/Sources/Security/HTTPRequestBody+Signing.swift /Users/runner/Library/Developer/Xcode/DerivedData/App-bftnsirjgxxrogcvaqjekecjqrkn/SourcePackages/checkouts/purchases-ios-spm/Sources/Security/Keychain.swift /Users/runner/Library/Developer/Xcode/DerivedData/App-bftnsirjgxxrogcvaqjekecjqrkn/SourcePackages/checkouts/purchases-ios-spm/Sources/Security/Signing+ResponseVerification.swift /Users/runner/Library/Developer/Xcode/DerivedData/App-bftnsirjgxxrogcvaqjekecjqrkn/SourcePackages/checkouts/purchases-ios-spm/Sources/Security/Signing.swift /Users/runner/Library/Developer/Xcode/DerivedData/App-bftnsirjgxxrogcvaqjekecjqrkn/SourcePackages/checkouts/purchases-ios-spm/Sources/Security/VerificationResult.swift /Users/runner/Library/Developer/Xcode/DerivedData/App-bftnsirjgxxrogcvaqjekecjqrkn/SourcePackages/checkouts/purchases-ios-spm/Sources/SubscriberAttributes/AttributionDataMigrator.swift /Users/runner/Library/Developer/Xcode/DerivedData/App-bftnsirjgxxrogcvaqjekecjqrkn/SourcePackages/checkouts/purchases-ios-spm/Sources/SubscriberAttributes/AttributionKey.swift /Users/runner/Library/Developer/Xcode/DerivedData/App-bftnsirjgxxrogcvaqjekecjqrkn/SourcePackages/checkouts/purchases-ios-spm/Sources/SubscriberAttributes/ReservedSubscriberAttributes.swift /Users/runner/Library/Developer/Xcode/DerivedData/App-bftnsirjgxxrogcvaqjekecjqrkn/SourcePackages/checkouts/purchases-ios-spm/Sources/SubscriberAttributes/SubscriberAttribute.swift /Users/runner/Library/Developer/Xcode/DerivedData/App-bftnsirjgxxrogcvaqjekecjqrkn/SourcePackages/checkouts/purchases-ios-spm/Sources/SubscriberAttributes/SubscriberAttributesManager+Appstack.swift /Users/runner/Library/Developer/Xcode/DerivedData/App-bftnsirjgxxrogcvaqjekecjqrkn/SourcePackages/checkouts/purchases-ios-spm/Sources/SubscriberAttributes/SubscriberAttributesManager.swift /Users/runner/Library/Developer/Xcode/DerivedData/App-bftnsirjgxxrogcvaqjekecjqrkn/SourcePackages/checkouts/purchases-ios-spm/Sources/Support/BeginRefundRequestHelper.swift /Users/runner/Library/Developer/Xcode/DerivedData/App-bftnsirjgxxrogcvaqjekecjqrkn/SourcePackages/checkouts/purchases-ios-spm/Sources/Support/DebugUI/DebugContentViews.swift /Users/runner/Library/Developer/Xcode/DerivedData/App-bftnsirjgxxrogcvaqjekecjqrkn/SourcePackages/checkouts/purchases-ios-spm/Sources/Support/DebugUI/DebugView.swift /Users/runner/Library/Developer/Xcode/DerivedData/App-bftnsirjgxxrogcvaqjekecjqrkn/SourcePackages/checkouts/purchases-ios-spm/Sources/Support/DebugUI/DebugViewController.swift /Users/runner/Library/Developer/Xcode/DerivedData/App-bftnsirjgxxrogcvaqjekecjqrkn/SourcePackages/checkouts/purchases-ios-spm/Sources/Support/DebugUI/DebugViewModel.swift /Users/runner/Library/Developer/Xcode/DerivedData/App-bftnsirjgxxrogcvaqjekecjqrkn/SourcePackages/checkouts/purchases-ios-spm/Sources/Support/DebugUI/DebugViewSheetPresentation.swift /Users/runner/Library/Developer/Xcode/DerivedData/App-bftnsirjgxxrogcvaqjekecjqrkn/SourcePackages/checkouts/purchases-ios-spm/Sources/Support/DebugUI/ProductStatus+Icon.swift /Users/runner/Library/Developer/Xcode/DerivedData/App-bftnsirjgxxrogcvaqjekecjqrkn/SourcePackages/checkouts/purchases-ios-spm/Sources/Support/DebugUI/SDKHealthCheckStatus+Icon.swift /Users/runner/Library/Developer/Xcode/DerivedData/App-bftnsirjgxxrogcvaqjekecjqrkn/SourcePackages/checkouts/purchases-ios-spm/Sources/Support/DebugUI/SDKHealthStatus+Icon.swift /Users/runner/Library/Developer/Xcode/DerivedData/App-bftnsirjgxxrogcvaqjekecjqrkn/SourcePackages/checkouts/purchases-ios-spm/Sources/Support/FrameworkDisambiguation.swift /Users/runner/Library/Developer/Xcode/DerivedData/App-bftnsirjgxxrogcvaqjekecjqrkn/SourcePackages/checkouts/purchases-ios-spm/Sources/Support/HealthReport+Validate.swift /Users/runner/Library/Developer/Xcode/DerivedData/App-bftnsirjgxxrogcvaqjekecjqrkn/SourcePackages/checkouts/purchases-ios-spm/Sources/Support/ManageSubscriptionsHelper.swift /Users/runner/Library/Developer/Xcode/DerivedData/App-bftnsirjgxxrogcvaqjekecjqrkn/SourcePackages/checkouts/purchases-ios-spm/Sources/Support/PaymentAuthorizationProvider.swift /Users/runner/Library/Developer/Xcode/DerivedData/App-bftnsirjgxxrogcvaqjekecjqrkn/SourcePackages/checkouts/purchases-ios-spm/Sources/Support/PaywallExtensions.swift /Users/runner/Library/Developer/Xcode/DerivedData/App-bftnsirjgxxrogcvaqjekecjqrkn/SourcePackages/checkouts/purchases-ios-spm/Sources/Support/PurchasesDiagnostics.swift /Users/runner/Library/Developer/Xcode/DerivedData/App-bftnsirjgxxrogcvaqjekecjqrkn/SourcePackages/checkouts/purchases-ios-spm/Sources/Support/SDKHealthError+CustomNSError.swift /Users/runner/Library/Developer/Xcode/DerivedData/App-bftnsirjgxxrogcvaqjekecjqrkn/SourcePackages/checkouts/purchases-ios-spm/Sources/Support/SDKHealthManager.swift /Users/runner/Library/Developer/Xcode/DerivedData/App-bftnsirjgxxrogcvaqjekecjqrkn/SourcePackages/checkouts/purchases-ios-spm/Sources/Support/StoreMessageType.swift /Users/runner/Library/Developer/Xcode/DerivedData/App-bftnsirjgxxrogcvaqjekecjqrkn/SourcePackages/checkouts/purchases-ios-spm/Sources/Support/StoreMessagesHelper.swift /Users/runner/Library/Developer/Xcode/DerivedData/App-bftnsirjgxxrogcvaqjekecjqrkn/SourcePackages/checkouts/purchases-ios-spm/Sources/Support/SwiftVersionCheck.swift /Users/runner/Library/Developer/Xcode/DerivedData/App-bftnsirjgxxrogcvaqjekecjqrkn/SourcePackages/checkouts/purchases-ios-spm/Sources/Virtual\ Currencies/VirtualCurrencies.swift /Users/runner/Library/Developer/Xcode/DerivedData/App-bftnsirjgxxrogcvaqjekecjqrkn/SourcePackages/checkouts/purchases-ios-spm/Sources/Virtual\ Currencies/VirtualCurrency.swift /Users/runner/Library/Developer/Xcode/DerivedData/App-bftnsirjgxxrogcvaqjekecjqrkn/SourcePackages/checkouts/purchases-ios-spm/Sources/Virtual\ Currencies/VirtualCurrencyManager.swift /Users/runner/Library/Developer/Xcode/DerivedData/App-bftnsirjgxxrogcvaqjekecjqrkn/SourcePackages/checkouts/purchases-ios-spm/Sources/WebPurchaseRedemption/URL+WebPurchaseRedemption.swift /Users/runner/Library/Developer/Xcode/DerivedData/App-bftnsirjgxxrogcvaqjekecjqrkn/SourcePackages/checkouts/purchases-ios-spm/Sources/WebPurchaseRedemption/WebPurchaseRedemption.swift /Users/runner/Library/Developer/Xcode/DerivedData/App-bftnsirjgxxrogcvaqjekecjqrkn/SourcePackages/checkouts/purchases-ios-spm/Sources/WebPurchaseRedemption/WebPurchaseRedemptionHelper.swift /Users/runner/Library/Developer/Xcode/DerivedData/App-bftnsirjgxxrogcvaqjekecjqrkn/SourcePackages/checkouts/purchases-ios-spm/Sources/WebPurchaseRedemption/WebPurchaseRedemptionResult.swift /Applications/Xcode_26.6.app/Contents/Developer/Toolchains/XcodeDefault.xctoolchain/usr/lib/swift/iphoneos/prebuilt-modules/26.5/XPC.swiftmodule/arm64e-apple-ios.swiftmodule /Applications/Xcode_26.6.app/Contents/Developer/Toolchains/XcodeDefault.xctoolchain/usr/lib/swift/iphoneos/prebuilt-modules/26.5/Observation.swiftmodule/arm64e-apple-ios.swiftmodule /Applications/Xcode_26.6.app/Contents/Developer/Toolchains/XcodeDefault.xctoolchain/usr/lib/swift/iphoneos/prebuilt-modules/26.5/Compression.swiftmodule/arm64e-apple-ios.swiftmodule /Applications/Xcode_26.6.app/Contents/Developer/Toolchains/XcodeDefault.xctoolchain/usr/lib/swift/iphoneos/prebuilt-modules/26.5/System.swiftmodule/arm64e-apple-ios.swiftmodule /Applications/Xcode_26.6.app/Contents/Developer/Toolchains/XcodeDefault.xctoolchain/usr/lib/swift/iphoneos/prebuilt-modules/26.5/Spatial.swiftmodule/arm64e-apple-ios.swiftmodule /Applications/Xcode_26.6.app/Contents/Developer/Toolchains/XcodeDefault.xctoolchain/usr/lib/swift/iphoneos/prebuilt-modules/26.5/ObjectiveC.swiftmodule/arm64e-apple-ios.swiftmodule /Applications/Xcode_26.6.app/Contents/Developer/Toolchains/XcodeDefault.xctoolchain/usr/lib/swift/iphoneos/prebuilt-modules/26.5/UniformTypeIdentifiers.swiftmodule/arm64e-apple-ios.swiftmodule /Applications/Xcode_26.6.app/Contents/Developer/Toolchains/XcodeDefault.xctoolchain/usr/lib/swift/iphoneos/prebuilt-modules/26.5/SwiftUICore.swiftmodule/arm64e-apple-ios.swiftmodule /Applications/Xcode_26.6.app/Contents/Developer/Toolchains/XcodeDefault.xctoolchain/usr/lib/swift/iphoneos/prebuilt-modules/26.5/CoreFoundation.swiftmodule/arm64e-apple-ios.swiftmodule /Applications/Xcode_26.6.app/Contents/Developer/Toolchains/XcodeDefault.xctoolchain/usr/lib/swift/iphoneos/prebuilt-modules/26.5/_Builtin_float.swiftmodule/arm64e-apple-ios.swiftmodule /Applications/Xcode_26.6.app/Contents/Developer/Toolchains/XcodeDefault.xctoolchain/usr/lib/swift/iphoneos/prebuilt-modules/26.5/_DarwinFoundation2.swiftmodule/arm64e-apple-ios.swiftmodule /Applications/Xcode_26.6.app/Contents/Developer/Toolchains/XcodeDefault.xctoolchain/usr/lib/swift/iphoneos/prebuilt-modules/26.5/FileProvider.swiftmodule/arm64e-apple-ios.swiftmodule /Applications/Xcode_26.6.app/Contents/Developer/Toolchains/XcodeDefault.xctoolchain/usr/lib/swift/iphoneos/prebuilt-modules/26.5/_StoreKit_SwiftUI.swiftmodule/arm64e-apple-ios.swiftmodule /Applications/Xcode_26.6.app/Contents/Developer/Toolchains/XcodeDefault.xctoolchain/usr/lib/swift/iphoneos/prebuilt-modules/26.5/LocalAuthentication.swiftmodule/arm64e-apple-ios.swiftmodule /Applications/Xcode_26.6.app/Contents/Developer/Toolchains/XcodeDefault.xctoolchain/usr/lib/swift/iphoneos/prebuilt-modules/26.5/Foundation.swiftmodule/arm64e-apple-ios.swiftmodule /Applications/Xcode_26.6.app/Contents/Developer/Toolchains/XcodeDefault.xctoolchain/usr/lib/swift/iphoneos/prebuilt-modules/26.5/OSLog.swiftmodule/arm64e-apple-ios.swiftmodule /Applications/Xcode_26.6.app/Contents/Developer/Toolchains/XcodeDefault.xctoolchain/usr/lib/swift/iphoneos/prebuilt-modules/26.5/StoreKit.swiftmodule/arm64e-apple-ios.swiftmodule /Applications/Xcode_26.6.app/Contents/Developer/Toolchains/XcodeDefault.xctoolchain/usr/lib/swift/iphoneos/prebuilt-modules/26.5/DataDetection.swiftmodule/arm64e-apple-ios.swiftmodule /Applications/Xcode_26.6.app/Contents/Developer/Toolchains/XcodeDefault.xctoolchain/usr/lib/swift/iphoneos/prebuilt-modules/26.5/Darwin.swiftmodule/arm64e-apple-ios.swiftmodule /Applications/Xcode_26.6.app/Contents/Developer/Toolchains/XcodeDefault.xctoolchain/usr/lib/swift/iphoneos/prebuilt-modules/26.5/Network.swiftmodule/arm64e-apple-ios.swiftmodule /Applications/Xcode_26.6.app/Contents/Developer/Toolchains/XcodeDefault.xctoolchain/usr/lib/swift/iphoneos/prebuilt-modules/26.5/CoreImage.swiftmodule/arm64e-apple-ios.swiftmodule /Applications/Xcode_26.6.app/Contents/Developer/Toolchains/XcodeDefault.xctoolchain/usr/lib/swift/iphoneos/prebuilt-modules/26.5/CoreData.swiftmodule/arm64e-apple-ios.swiftmodule /Applications/Xcode_26.6.app/Contents/Developer/Toolchains/XcodeDefault.xctoolchain/usr/lib/swift/iphoneos/prebuilt-modules/26.5/CoreTransferable.swiftmodule/arm64e-apple-ios.swiftmodule /Applications/Xcode_26.6.app/Contents/Developer/Toolchains/XcodeDefault.xctoolchain/usr/lib/swift/iphoneos/prebuilt-modules/26.5/os.swiftmodule/arm64e-apple-ios.swiftmodule /Applications/Xcode_26.6.app/Contents/Developer/Toolchains/XcodeDefault.xctoolchain/usr/lib/swift/iphoneos/prebuilt-modules/26.5/Dispatch.swiftmodule/arm64e-apple-ios.swiftmodule /Applications/Xcode_26.6.app/Contents/Developer/Toolchains/XcodeDefault.xctoolchain/usr/lib/swift/iphoneos/prebuilt-modules/26.5/_StringProcessing.swiftmodule/arm64e-apple-ios.swiftmodule /Applications/Xcode_26.6.app/Contents/Developer/Toolchains/XcodeDefault.xctoolchain/usr/lib/swift/iphoneos/prebuilt-modules/26.5/CoreGraphics.swiftmodule/arm64e-apple-ios.swiftmodule /Applications/Xcode_26.6.app/Contents/Developer/Toolchains/XcodeDefault.xctoolchain/usr/lib/swift/iphoneos/prebuilt-modules/26.5/UIKit.swiftmodule/arm64e-apple-ios.swiftmodule /Applications/Xcode_26.6.app/Contents/Developer/Toolchains/XcodeDefault.xctoolchain/usr/lib/swift/iphoneos/prebuilt-modules/26.5/_Concurrency.swiftmodule/arm64e-apple-ios.swiftmodule /Applications/Xcode_26.6.app/Contents/Developer/Toolchains/XcodeDefault.xctoolchain/usr/lib/swift/iphoneos/prebuilt-modules/26.5/ExtensionFoundation.swiftmodule/arm64e-apple-ios.swiftmodule /Applications/Xcode_26.6.app/Contents/Developer/Toolchains/XcodeDefault.xctoolchain/usr/lib/swift/iphoneos/prebuilt-modules/26.5/DeveloperToolsSupport.swiftmodule/arm64e-apple-ios.swiftmodule /Applications/Xcode_26.6.app/Contents/Developer/Toolchains/XcodeDefault.xctoolchain/usr/lib/swift/iphoneos/prebuilt-modules/26.5/CoreText.swiftmodule/arm64e-apple-ios.swiftmodule /Applications/Xcode_26.6.app/Contents/Developer/Toolchains/XcodeDefault.xctoolchain/usr/lib/swift/iphoneos/prebuilt-modules/26.5/Swift.swiftmodule/arm64e-apple-ios.swiftmodule /Applications/Xcode_26.6.app/Contents/Developer/Toolchains/XcodeDefault.xctoolchain/usr/lib/swift/iphoneos/prebuilt-modules/26.5/Combine.swiftmodule/arm64e-apple-ios.swiftmodule /Applications/Xcode_26.6.app/Contents/Developer/Toolchains/XcodeDefault.xctoolchain/usr/lib/swift/iphoneos/prebuilt-modules/26.5/CryptoKit.swiftmodule/arm64e-apple-ios.swiftmodule /Applications/Xcode_26.6.app/Contents/Developer/Toolchains/XcodeDefault.xctoolchain/usr/lib/swift/iphoneos/prebuilt-modules/26.5/Symbols.swiftmodule/arm64e-apple-ios.swiftmodule /Applications/Xcode_26.6.app/Contents/Developer/Toolchains/XcodeDefault.xctoolchain/usr/lib/swift/iphoneos/prebuilt-modules/26.5/CoreVideo.swiftmodule/arm64e-apple-ios.swiftmodule /Applications/Xcode_26.6.app/Contents/Developer/Toolchains/XcodeDefault.xctoolchain/usr/lib/swift/iphoneos/prebuilt-modules/26.5/SwiftUI.swiftmodule/arm64e-apple-ios.swiftmodule /Applications/Xcode_26.6.app/Contents/Developer/Toolchains/XcodeDefault.xctoolchain/usr/lib/swift/iphoneos/prebuilt-modules/26.5/simd.swiftmodule/arm64e-apple-ios.swiftmodule /Applications/Xcode_26.6.app/Contents/Developer/Toolchains/XcodeDefault.xctoolchain/usr/lib/swift/iphoneos/prebuilt-modules/26.5/_DarwinFoundation1.swiftmodule/arm64e-apple-ios.swiftmodule /Applications/Xcode_26.6.app/Contents/Developer/Toolchains/XcodeDefault.xctoolchain/usr/lib/swift/iphoneos/prebuilt-modules/26.5/BackgroundAssets.swiftmodule/arm64e-apple-ios.swiftmodule /Applications/Xcode_26.6.app/Contents/Developer/Toolchains/XcodeDefault.xctoolchain/usr/lib/swift/iphoneos/prebuilt-modules/26.5/LightweightCodeRequirements.swiftmodule/arm64e-apple-ios.swiftmodule /Applications/Xcode_26.6.app/Contents/Developer/Toolchains/XcodeDefault.xctoolchain/usr/lib/swift/iphoneos/prebuilt-modules/26.5/Accessibility.swiftmodule/arm64e-apple-ios.swiftmodule /Applications/Xcode_26.6.app/Contents/Developer/Toolchains/XcodeDefault.xctoolchain/usr/lib/swift/iphoneos/prebuilt-modules/26.5/_DarwinFoundation3.swiftmodule/arm64e-apple-ios.swiftmodule /Applications/Xcode_26.6.app/Contents/Developer/Toolchains/XcodeDefault.xctoolchain/usr/lib/swift/iphoneos/prebuilt-modules/26.5/Metal.swiftmodule/arm64e-apple-ios.swiftmodule /Applications/Xcode_26.6.app/Contents/Developer/Toolchains/XcodeDefault.xctoolchain/usr/lib/swift/iphoneos/prebuilt-modules/26.5/Distributed.swiftmodule/arm64e-apple-ios.swiftmodule /Applications/Xcode_26.6.app/Contents/Developer/Toolchains/XcodeDefault.xctoolchain/usr/lib/swift/iphoneos/prebuilt-modules/26.5/QuartzCore.swiftmodule/arm64e-apple-ios.swiftmodule /Users/runner/Library/Developer/Xcode/DerivedData/ModuleCache.noindex/FileProvider-DDJELMV59NVB1DQIBYVTN8HBP.pcm /Users/runner/Library/Developer/Xcode/DerivedData/ModuleCache.noindex/CoreData-D0JU7BHN38FQHONFTSEI7FWS9.pcm /Users/runner/Library/Developer/Xcode/DerivedData/ModuleCache.noindex/LocalAuthentication-3JIRAVL8RA3AHAA9D8NPSK2G8.pcm /Users/runner/Library/Developer/Xcode/DerivedData/ModuleCache.noindex/_StoreKit_SwiftUI-AHSGRRGYPRADHSMQY01YCI7OM.pcm /Users/runner/Library/Developer/Xcode/DerivedData/ModuleCache.noindex/ptrcheck-CPFBHC98T0YO5BMJL4XPQ5DVJ.pcm /Users/runner/Library/Developer/Xcode/DerivedData/ModuleCache.noindex/Network-AH1M9CXUE9NSZDTPO6HUMKPVT.pcm /Users/runner/Library/Developer/Xcode/DerivedData/ModuleCache.noindex/CoreImage-A7COKGC4YV5NU0VMEB0ZCECK4.pcm /Users/runner/Library/Developer/Xcode/DerivedData/ModuleCache.noindex/_DarwinFoundation3-ELTV2I42SPSDMPAUN6R858CGP.pcm /Users/runner/Library/Developer/Xcode/DerivedData/ModuleCache.noindex/os_workgroup-CE7977O20A383DSAPAP1MHRRB.pcm /Users/runner/Library/Developer/Xcode/DerivedData/ModuleCache.noindex/Accessibility-8L79PBU03IZEOH3MTKHZ8UL62.pcm /Users/runner/Library/Developer/Xcode/DerivedData/ModuleCache.noindex/CoreTransferable-3XRVZEHLPIIRBE6PY29E51B33.pcm /Users/runner/Library/Developer/Xcode/DerivedData/ModuleCache.noindex/ObjectiveC-3CV5H2N98APNDCIC5G1BTGC4R.pcm /Users/runner/Library/Developer/Xcode/DerivedData/ModuleCache.noindex/SwiftUICore-7CJ5QMFTX3QZ4QAJ0PIGDU3PL.pcm /Users/runner/Library/Developer/Xcode/DerivedData/ModuleCache.noindex/CommonCrypto-17JW9JFUJQ7P2409AFM281G2O.pcm /Users/runner/Library/Developer/Xcode/DerivedData/ModuleCache.noindex/_Builtin_tgmath-58640SAGBG6W1YPPM9JZXQVEU.pcm /Users/runner/Library/Developer/Xcode/DerivedData/ModuleCache.noindex/_Builtin_stdatomic-7ICCR1EERZQRTCK8DK4OCZGDS.pcm /Users/runner/Library/Developer/Xcode/DerivedData/ModuleCache.noindex/MachO-109XEX11H094BQ4HDI8OAV3Q9.pcm /Users/runner/Library/Developer/Xcode/DerivedData/ModuleCache.noindex/os-BCLGSKCD5L8ZIIKRL1OO8DAB2.pcm /Users/runner/Library/Developer/Xcode/DerivedData/ModuleCache.noindex/Compression-DKNRHHLYU6YIRFWTDEWQN7SP3.pcm /Users/runner/Library/Developer/Xcode/DerivedData/ModuleCache.noindex/SwiftUI-4M5B9ISCW58AI6CWKCQOTL5CU.pcm /Users/runner/Library/Developer/Xcode/DerivedData/ModuleCache.noindex/Spatial-4LZYHS7445WDR47UCVNCXV4LK.pcm /Users/runner/Library/Developer/Xcode/DerivedData/ModuleCache.noindex/dnssd-AX9E8QINWOJ0ZAS78Q423EC2O.pcm /Users/runner/Library/Developer/Xcode/DerivedData/ModuleCache.noindex/_Builtin_stdint-615ELPXO79BLW33W9285OFC4J.pcm /Users/runner/Library/Developer/Xcode/DerivedData/ModuleCache.noindex/zlib-19JISEHXETSGLZOL5KKMF51LM.pcm /Users/runner/Library/Developer/Xcode/DerivedData/ModuleCache.noindex/simd-C8R11QAJSWUI0SDV4H8N1AJPA.pcm /Users/runner/Library/Developer/Xcode/DerivedData/ModuleCache.noindex/UIUtilities-DTDJI55PSJU07N62AGXQU6X65.pcm /Users/runner/Library/Developer/Xcode/DerivedData/ModuleCache.noindex/CoreVideo-3KSE89SSHYYL2OO5C1552Z1I5.pcm /Users/runner/Library/Developer/Xcode/DerivedData/ModuleCache.noindex/sys_types-PD12HKBGCS7I3OBLUYFEM91I.pcm /Users/runner/Library/Developer/Xcode/DerivedData/ModuleCache.noindex/CoreGraphics-E6KVS2MH59D16Y6Z4W5D2915I.pcm /Users/runner/Library/Developer/Xcode/DerivedData/ModuleCache.noindex/AdServices-3FA3F6520O5V7NGKDUYTX8MBK.pcm /Users/runner/Library/Developer/Xcode/DerivedData/ModuleCache.noindex/_AvailabilityInternal-6LVX40WLXKF2N0RR7RLLLI88G.pcm /Users/runner/Library/Developer/Xcode/DerivedData/ModuleCache.noindex/Security-52QF9RH27YX0RP9EB9DW6J6ER.pcm /Users/runner/Library/Developer/Xcode/DerivedData/ModuleCache.noindex/_Builtin_intrinsics-DMARYMBXXGZM0Q38TZZMOQW8D.pcm /Users/runner/Library/Developer/Xcode/DerivedData/ModuleCache.noindex/_Builtin_stdbool-77FQHXEDHJJ5LR78OJZFL3ESV.pcm /Users/runner/Library/Developer/Xcode/DerivedData/ModuleCache.noindex/_Builtin_stdarg-4LSG676VX6ZX2XHZ6XO9V8K9F.pcm /Users/runner/Library/Developer/Xcode/DerivedData/ModuleCache.noindex/ImageIO-8T1BF1U3WSYVC4FGIG8BKZALR.pcm /Users/runner/Library/Developer/Xcode/DerivedData/ModuleCache.noindex/IOSurface-A3169492JTUXYFMDUBIK6M1PI.pcm /Users/runner/Library/Developer/Xcode/DerivedData/ModuleCache.noindex/XPC-4OI848FPRQOOYJFA96XIRFLWJ.pcm /Users/runner/Library/Developer/Xcode/DerivedData/ModuleCache.noindex/UniformTypeIdentifiers-98UT9EI3UE4T4KR1IVKI9PEEY.pcm /Users/runner/Library/Developer/Xcode/DerivedData/ModuleCache.noindex/OSLog-3LKE53LPWMO6H3RX65KD10VXD.pcm /Users/runner/Library/Developer/Xcode/DerivedData/ModuleCache.noindex/SwiftShims-726JJO2L9PNSQ7U4XETGG7EE9.pcm /Users/runner/Library/Developer/Xcode/DerivedData/ModuleCache.noindex/_DarwinFoundation1-D0HH3AJXTD7OKMTUR2FXWNRVQ.pcm /Users/runner/Library/Developer/Xcode/DerivedData/ModuleCache.noindex/OpenGLES-DVROR9QJV8Z7I8PACD8BZ1A4Q.pcm /Users/runner/Library/Developer/Xcode/DerivedData/ModuleCache.noindex/ptrauth-E1M8RH4XGX41AS9L3T48B2VC8.pcm /Users/runner/Library/Developer/Xcode/DerivedData/ModuleCache.noindex/QuartzCore-1W4XAS1YQFN77V3MR3MCLUE2C.pcm /Users/runner/Library/Developer/Xcode/DerivedData/ModuleCache.noindex/Darwin-65WM8VPK397D97H068127QY5O.pcm /Users/runner/Library/Developer/Xcode/DerivedData/ModuleCache.noindex/DeveloperToolsSupport-8NJPN9L3GNG0ZV6Z3A51ZLRAU.pcm /Users/runner/Library/Developer/Xcode/DerivedData/ModuleCache.noindex/_Builtin_float-C2XYXATN22CCJKOBJXFM515SB.pcm /Users/runner/Library/Developer/Xcode/DerivedData/ModuleCache.noindex/CFNetwork-1FN5YXNMQBAKI9HNEB7TSXT6J.pcm /Users/runner/Library/Developer/Xcode/DerivedData/ModuleCache.noindex/StoreKit-UPLPK7E91S2S96X7LU9CH43W.pcm /Users/runner/Library/Developer/Xcode/DerivedData/ModuleCache.noindex/UIKit-9PXRQO9029TZGQ4N5I4YN6IVY.pcm /Users/runner/Library/Developer/Xcode/DerivedData/ModuleCache.noindex/Dispatch-3DQCX18X5AV2BIOD4WCYNOK4G.pcm /Users/runner/Library/Developer/Xcode/DerivedData/ModuleCache.noindex/DataDetection-3JFDP59CLYBUOZPG51OKN8CZ8.pcm /Users/runner/Library/Developer/Xcode/DerivedData/ModuleCache.noindex/UserNotifications-4CI6U0ZJSF5P11DSTZ74WB7AZ.pcm /Users/runner/Library/Developer/Xcode/DerivedData/ModuleCache.noindex/ExtensionFoundation-2V99P3LN6RFX320YFP9IV2LGZ.pcm /Users/runner/Library/Developer/Xcode/DerivedData/ModuleCache.noindex/_Builtin_inttypes-24MMY0B1C8U8SGX8SA5DOMH7E.pcm /Users/runner/Library/Developer/Xcode/DerivedData/ModuleCache.noindex/_SwiftConcurrencyShims-72MI7WHN08305D73FERVYXX8Q.pcm /Users/runner/Library/Developer/Xcode/DerivedData/ModuleCache.noindex/CoreFoundation-7Z67H59FM1XPURJ1CATKTTWEG.pcm /Users/runner/Library/Developer/Xcode/DerivedData/ModuleCache.noindex/Foundation-4SECALFMSRMLBHX5HU0S5AKYC.pcm /Users/runner/Library/Developer/Xcode/DerivedData/ModuleCache.noindex/_Builtin_limits-8GAG1SMFSA3JGYHE8DFCLSKBW.pcm /Users/runner/Library/Developer/Xcode/DerivedData/ModuleCache.noindex/Metal-HCUB9N8XKGZLDTP6IOLKFZP8.pcm /Users/runner/Library/Developer/Xcode/DerivedData/ModuleCache.noindex/CoreText-EKXNGX9U3WB0W213YT81IPTTA.pcm /Users/runner/Library/Developer/Xcode/DerivedData/ModuleCache.noindex/_DarwinFoundation2-EXJBHLC8V2ZY8CF0BNQD97LYN.pcm /Users/runner/Library/Developer/Xcode/DerivedData/ModuleCache.noindex/_Builtin_stddef-EZS4ZNRM8Q2C78X23DUBCD7YH.pcm /Users/runner/Library/Developer/Xcode/DerivedData/ModuleCache.noindex/os_object-D2LOHRIYDFC0AOQ4FJSAJFW40.pcm /Users/runner/Library/Developer/Xcode/DerivedData/ModuleCache.noindex/BackgroundAssets-3Y1VS374LU4IALWQVBFRUTZM7.pcm /Users/runner/Library/Developer/Xcode/DerivedData/ModuleCache.noindex/Symbols-EU19KAZCK6D0C0JUPLFLKQ44.pcm /Users/runner/Library/Developer/Xcode/DerivedData/App-bftnsirjgxxrogcvaqjekecjqrkn/Build/Intermediates.noindex/ArchiveIntermediates/App/IntermediateBuildFilesPath/RevenueCat.build/Release-iphoneos/RevenueCat.build/Objects-normal/arm64/RevenueCat-dependencies-1.json (in target 'RevenueCat' from project 'RevenueCat')

CompileSwift normal arm64 (in target 'RevenueCat' from project 'RevenueCat')
    cd /Users/runner/work/focusher-app/focusher-app/ios/App/App.xcodeproj
    

SwiftExplicitDependencyGeneratePcm arm64 /Users/runner/Library/Developer/Xcode/DerivedData/App-bftnsirjgxxrogcvaqjekecjqrkn/Build/Intermediates.noindex/ArchiveIntermediates/App/IntermediateBuildFilesPath/SwiftExplicitPrecompiledModules/Cordova-A1Y5FVSTBCE1RXQ7OWOB9W810.pcm

SwiftExplicitDependencyGeneratePcm arm64 /Users/runner/Library/Developer/Xcode/DerivedData/App-bftnsirjgxxrogcvaqjekecjqrkn/Build/Intermediates.noindex/ArchiveIntermediates/App/IntermediateBuildFilesPath/SwiftExplicitPrecompiledModules/Capacitor-MD5BZ824T8XTNDLUB45YVXO4.pcm

SwiftExplicitDependencyCompileModuleFromInterface arm64 /Users/runner/Library/Developer/Xcode/DerivedData/App-bftnsirjgxxrogcvaqjekecjqrkn/Build/Intermediates.noindex/ArchiveIntermediates/App/IntermediateBuildFilesPath/SwiftExplicitPrecompiledModules/Capacitor-14SA51AAWED35.swiftmodule

SwiftCompile normal arm64 Compiling\ StatusBar.swift,\ StatusBarConfig.swift,\ StatusBarInfo.swift,\ StatusBarPlugin.swift,\ UIColor.swift /Users/runner/work/focusher-app/focusher-app/node_modules/@capacitor/status-bar/ios/Sources/StatusBarPlugin/StatusBar.swift /Users/runner/work/focusher-app/focusher-app/node_modules/@capacitor/status-bar/ios/Sources/StatusBarPlugin/StatusBarConfig.swift /Users/runner/work/focusher-app/focusher-app/node_modules/@capacitor/status-bar/ios/Sources/StatusBarPlugin/StatusBarInfo.swift /Users/runner/work/focusher-app/focusher-app/node_modules/@capacitor/status-bar/ios/Sources/StatusBarPlugin/StatusBarPlugin.swift /Users/runner/work/focusher-app/focusher-app/node_modules/@capacitor/status-bar/ios/Sources/StatusBarPlugin/UIColor.swift /Applications/Xcode_26.6.app/Contents/Developer/Toolchains/XcodeDefault.xctoolchain/usr/lib/swift/iphoneos/prebuilt-modules/26.5/OSLog.swiftmodule/arm64e-apple-ios.swiftmodule /Applications/Xcode_26.6.app/Contents/Developer/Toolchains/XcodeDefault.xctoolchain/usr/lib/swift/iphoneos/prebuilt-modules/26.5/os.swiftmodule/arm64e-apple-ios.swiftmodule /Applications/Xcode_26.6.app/Contents/Developer/Toolchains/XcodeDefault.xctoolchain/usr/lib/swift/iphoneos/prebuilt-modules/26.5/CoreImage.swiftmodule/arm64e-apple-ios.swiftmodule /Applications/Xcode_26.6.app/Contents/Developer/Toolchains/XcodeDefault.xctoolchain/usr/lib/swift/iphoneos/prebuilt-modules/26.5/Accessibility.swiftmodule/arm64e-apple-ios.swiftmodule /Applications/Xcode_26.6.app/Contents/Developer/Toolchains/XcodeDefault.xctoolchain/usr/lib/swift/iphoneos/prebuilt-modules/26.5/Dispatch.swiftmodule/arm64e-apple-ios.swiftmodule /Applications/Xcode_26.6.app/Contents/Developer/Toolchains/XcodeDefault.xctoolchain/usr/lib/swift/iphoneos/prebuilt-modules/26.5/WebKit.swiftmodule/arm64e-apple-ios.swiftmodule /Applications/Xcode_26.6.app/Contents/Developer/Toolchains/XcodeDefault.xctoolchain/usr/lib/swift/iphoneos/prebuilt-modules/26.5/FileProvider.swiftmodule/arm64e-apple-ios.swiftmodule /Applications/Xcode_26.6.app/Contents/Developer/Toolchains/XcodeDefault.xctoolchain/usr/lib/swift/iphoneos/prebuilt-modules/26.5/_Concurrency.swiftmodule/arm64e-apple-ios.swiftmodule /Applications/Xcode_26.6.app/Contents/Developer/Toolchains/XcodeDefault.xctoolchain/usr/lib/swift/iphoneos/prebuilt-modules/26.5/Combine.swiftmodule/arm64e-apple-ios.swiftmodule /Applications/Xcode_26.6.app/Contents/Developer/Toolchains/XcodeDefault.xctoolchain/usr/lib/swift/iphoneos/prebuilt-modules/26.5/Darwin.swiftmodule/arm64e-apple-ios.swiftmodule /Applications/Xcode_26.6.app/Contents/Developer/Toolchains/XcodeDefault.xctoolchain/usr/lib/swift/iphoneos/prebuilt-modules/26.5/CoreGraphics.swiftmodule/arm64e-apple-ios.swiftmodule /Applications/Xcode_26.6.app/Contents/Developer/Toolchains/XcodeDefault.xctoolchain/usr/lib/swift/iphoneos/prebuilt-modules/26.5/UIKit.swiftmodule/arm64e-apple-ios.swiftmodule /Applications/Xcode_26.6.app/Contents/Developer/Toolchains/XcodeDefault.xctoolchain/usr/lib/swift/iphoneos/prebuilt-modules/26.5/simd.swiftmodule/arm64e-apple-ios.swiftmodule /Applications/Xcode_26.6.app/Contents/Developer/Toolchains/XcodeDefault.xctoolchain/usr/lib/swift/iphoneos/prebuilt-modules/26.5/SwiftUICore.swiftmodule/arm64e-apple-ios.swiftmodule /Applications/Xcode_26.6.app/Contents/Developer/Toolchains/XcodeDefault.xctoolchain/usr/lib/swift/iphoneos/prebuilt-modules/26.5/QuartzCore.swiftmodule/arm64e-apple-ios.swiftmodule /Applications/Xcode_26.6.app/Contents/Developer/Toolchains/XcodeDefault.xctoolchain/usr/lib/swift/iphoneos/prebuilt-modules/26.5/Swift.swiftmodule/arm64e-apple-ios.swiftmodule /Applications/Xcode_26.6.app/Contents/Developer/Toolchains/XcodeDefault.xctoolchain/usr/lib/swift/iphoneos/prebuilt-modules/26.5/Spatial.swiftmodule/arm64e-apple-ios.swiftmodule /Applications/Xcode_26.6.app/Contents/Developer/Toolchains/XcodeDefault.xctoolchain/usr/lib/swift/iphoneos/prebuilt-modules/26.5/XPC.swiftmodule/arm64e-apple-ios.swiftmodule /Applications/Xcode_26.6.app/Contents/Developer/Toolchains/XcodeDefault.xctoolchain/usr/lib/swift/iphoneos/prebuilt-modules/26.5/CoreVideo.swiftmodule/arm64e-apple-ios.swiftmodule /Applications/Xcode_26.6.app/Contents/Developer/Toolchains/XcodeDefault.xctoolchain/usr/lib/swift/iphoneos/prebuilt-modules/26.5/CoreFoundation.swiftmodule/arm64e-apple-ios.swiftmodule /Applications/Xcode_26.6.app/Contents/Developer/Toolchains/XcodeDefault.xctoolchain/usr/lib/swift/iphoneos/prebuilt-modules/26.5/Foundation.swiftmodule/arm64e-apple-ios.swiftmodule /Applications/Xcode_26.6.app/Contents/Developer/Toolchains/XcodeDefault.xctoolchain/usr/lib/swift/iphoneos/prebuilt-modules/26.5/Symbols.swiftmodule/arm64e-apple-ios.swiftmodule /Applications/Xcode_26.6.app/Contents/Developer/Toolchains/XcodeDefault.xctoolchain/usr/lib/swift/iphoneos/prebuilt-modules/26.5/_DarwinFoundation3.swiftmodule/arm64e-apple-ios.swiftmodule /Applications/Xcode_26.6.app/Contents/Developer/Toolchains/XcodeDefault.xctoolchain/usr/lib/swift/iphoneos/prebuilt-modules/26.5/Network.swiftmodule/arm64e-apple-ios.swiftmodule /Applications/Xcode_26.6.app/Contents/Developer/Toolchains/XcodeDefault.xctoolchain/usr/lib/swift/iphoneos/prebuilt-modules/26.5/UniformTypeIdentifiers.swiftmodule/arm64e-apple-ios.swiftmodule /Applications/Xcode_26.6.app/Contents/Developer/Toolchains/XcodeDefault.xctoolchain/usr/lib/swift/iphoneos/prebuilt-modules/26.5/Distributed.swiftmodule/arm64e-apple-ios.swiftmodule /Users/runner/Library/Developer/Xcode/DerivedData/App-bftnsirjgxxrogcvaqjekecjqrkn/Build/Intermediates.noindex/ArchiveIntermediates/App/IntermediateBuildFilesPath/SwiftExplicitPrecompiledModules/Capacitor-14SA51AAWED35.swiftmodule /Applications/Xcode_26.6.app/Contents/Developer/Toolchains/XcodeDefault.xctoolchain/usr/lib/swift/iphoneos/prebuilt-modules/26.5/_DarwinFoundation2.swiftmodule/arm64e-apple-ios.swiftmodule /Applications/Xcode_26.6.app/Contents/Developer/Toolchains/XcodeDefault.xctoolchain/usr/lib/swift/iphoneos/prebuilt-modules/26.5/_DarwinFoundation1.swiftmodule/arm64e-apple-ios.swiftmodule /Applications/Xcode_26.6.app/Contents/Developer/Toolchains/XcodeDefault.xctoolchain/usr/lib/swift/iphoneos/prebuilt-modules/26.5/CoreTransferable.swiftmodule/arm64e-apple-ios.swiftmodule /Applications/Xcode_26.6.app/Contents/Developer/Toolchains/XcodeDefault.xctoolchain/usr/lib/swift/iphoneos/prebuilt-modules/26.5/ObjectiveC.swiftmodule/arm64e-apple-ios.swiftmodule /Applications/Xcode_26.6.app/Contents/Developer/Toolchains/XcodeDefault.xctoolchain/usr/lib/swift/iphoneos/prebuilt-modules/26.5/Observation.swiftmodule/arm64e-apple-ios.swiftmodule /Applications/Xcode_26.6.app/Contents/Developer/Toolchains/XcodeDefault.xctoolchain/usr/lib/swift/iphoneos/prebuilt-modules/26.5/DeveloperToolsSupport.swiftmodule/arm64e-apple-ios.swiftmodule /Applications/Xcode_26.6.app/Contents/Developer/Toolchains/XcodeDefault.xctoolchain/usr/lib/swift/iphoneos/prebuilt-modules/26.5/_Builtin_float.swiftmodule/arm64e-apple-ios.swiftmodule /Applications/Xcode_26.6.app/Contents/Developer/Toolchains/XcodeDefault.xctoolchain/usr/lib/swift/iphoneos/prebuilt-modules/26.5/DataDetection.swiftmodule/arm64e-apple-ios.swiftmodule /Applications/Xcode_26.6.app/Contents/Developer/Toolchains/XcodeDefault.xctoolchain/usr/lib/swift/iphoneos/prebuilt-modules/26.5/System.swiftmodule/arm64e-apple-ios.swiftmodule /Applications/Xcode_26.6.app/Contents/Developer/Toolchains/XcodeDefault.xctoolchain/usr/lib/swift/iphoneos/prebuilt-modules/26.5/_StringProcessing.swiftmodule/arm64e-apple-ios.swiftmodule /Applications/Xcode_26.6.app/Contents/Developer/Toolchains/XcodeDefault.xctoolchain/usr/lib/swift/iphoneos/prebuilt-modules/26.5/Metal.swiftmodule/arm64e-apple-ios.swiftmodule /Applications/Xcode_26.6.app/Contents/Developer/Toolchains/XcodeDefault.xctoolchain/usr/lib/swift/iphoneos/prebuilt-modules/26.5/CoreText.swiftmodule/arm64e-apple-ios.swiftmodule /Users/runner/Library/Developer/Xcode/DerivedData/ModuleCache.noindex/Symbols-EU19KAZCK6D0C0JUPLFLKQ44.pcm /Users/runner/Library/Developer/Xcode/DerivedData/ModuleCache.noindex/Darwin-65WM8VPK397D97H068127QY5O.pcm /Users/runner/Library/Developer/Xcode/DerivedData/ModuleCache.noindex/Network-AH1M9CXUE9NSZDTPO6HUMKPVT.pcm /Users/runner/Library/Developer/Xcode/DerivedData/ModuleCache.noindex/OSLog-3LKE53LPWMO6H3RX65KD10VXD.pcm /Users/runner/Library/Developer/Xcode/DerivedData/ModuleCache.noindex/Metal-HCUB9N8XKGZLDTP6IOLKFZP8.pcm /Users/runner/Library/Developer/Xcode/DerivedData/App-bftnsirjgxxrogcvaqjekecjqrkn/Build/Intermediates.noindex/ArchiveIntermediates/App/IntermediateBuildFilesPath/SwiftExplicitPrecompiledModules/Capacitor-MD5BZ824T8XTNDLUB45YVXO4.pcm /Users/runner/Library/Developer/Xcode/DerivedData/ModuleCache.noindex/_DarwinFoundation1-D0HH3AJXTD7OKMTUR2FXWNRVQ.pcm /Users/runner/Library/Developer/Xcode/DerivedData/ModuleCache.noindex/ptrcheck-CPFBHC98T0YO5BMJL4XPQ5DVJ.pcm /Users/runner/Library/Developer/Xcode/DerivedData/ModuleCache.noindex/CoreTransferable-3XRVZEHLPIIRBE6PY29E51B33.pcm /Users/runner/Library/Developer/Xcode/DerivedData/ModuleCache.noindex/CoreGraphics-E6KVS2MH59D16Y6Z4W5D2915I.pcm /Users/runner/Library/Developer/Xcode/DerivedData/ModuleCache.noindex/CFNetwork-1FN5YXNMQBAKI9HNEB7TSXT6J.pcm /Users/runner/Library/Developer/Xcode/DerivedData/ModuleCache.noindex/XPC-4OI848FPRQOOYJFA96XIRFLWJ.pcm /Users/runner/Library/Developer/Xcode/DerivedData/ModuleCache.noindex/CommonCrypto-17JW9JFUJQ7P2409AFM281G2O.pcm /Users/runner/Library/Developer/Xcode/DerivedData/ModuleCache.noindex/DataDetection-3JFDP59CLYBUOZPG51OKN8CZ8.pcm /Users/runner/Library/Developer/Xcode/DerivedData/ModuleCache.noindex/_Builtin_stdbool-77FQHXEDHJJ5LR78OJZFL3ESV.pcm /Users/runner/Library/Developer/Xcode/DerivedData/ModuleCache.noindex/_Builtin_stdarg-4LSG676VX6ZX2XHZ6XO9V8K9F.pcm /Users/runner/Library/Developer/Xcode/DerivedData/ModuleCache.noindex/_Builtin_tgmath-58640SAGBG6W1YPPM9JZXQVEU.pcm /Users/runner/Library/Developer/Xcode/DerivedData/ModuleCache.noindex/_AvailabilityInternal-6LVX40WLXKF2N0RR7RLLLI88G.pcm /Users/runner/Library/Developer/Xcode/DerivedData/App-bftnsirjgxxrogcvaqjekecjqrkn/Build/Intermediates.noindex/ArchiveIntermediates/App/IntermediateBuildFilesPath/SwiftExplicitPrecompiledModules/Cordova-A1Y5FVSTBCE1RXQ7OWOB9W810.pcm /Users/runner/Library/Developer/Xcode/DerivedData/ModuleCache.noindex/_SwiftConcurrencyShims-72MI7WHN08305D73FERVYXX8Q.pcm /Users/runner/Library/Developer/Xcode/DerivedData/ModuleCache.noindex/ptrauth-E1M8RH4XGX41AS9L3T48B2VC8.pcm /Users/runner/Library/Developer/Xcode/DerivedData/ModuleCache.noindex/CoreVideo-3KSE89SSHYYL2OO5C1552Z1I5.pcm /Users/runner/Library/Developer/Xcode/DerivedData/ModuleCache.noindex/Dispatch-3DQCX18X5AV2BIOD4WCYNOK4G.pcm /Users/runner/Library/Developer/Xcode/DerivedData/ModuleCache.noindex/os-BCLGSKCD5L8ZIIKRL1OO8DAB2.pcm /Users/runner/Library/Developer/Xcode/DerivedData/ModuleCache.noindex/simd-C8R11QAJSWUI0SDV4H8N1AJPA.pcm /Users/runner/Library/Developer/Xcode/DerivedData/ModuleCache.noindex/_Builtin_float-C2XYXATN22CCJKOBJXFM515SB.pcm /Users/runner/Library/Developer/Xcode/DerivedData/ModuleCache.noindex/_Builtin_stdatomic-7ICCR1EERZQRTCK8DK4OCZGDS.pcm /Users/runner/Library/Developer/Xcode/DerivedData/ModuleCache.noindex/ImageIO-8T1BF1U3WSYVC4FGIG8BKZALR.pcm /Users/runner/Library/Developer/Xcode/DerivedData/ModuleCache.noindex/dnssd-AX9E8QINWOJ0ZAS78Q423EC2O.pcm /Users/runner/Library/Developer/Xcode/DerivedData/ModuleCache.noindex/SwiftShims-726JJO2L9PNSQ7U4XETGG7EE9.pcm /Users/runner/Library/Developer/Xcode/DerivedData/ModuleCache.noindex/OpenGLES-DVROR9QJV8Z7I8PACD8BZ1A4Q.pcm /Users/runner/Library/Developer/Xcode/DerivedData/ModuleCache.noindex/DeveloperToolsSupport-8NJPN9L3GNG0ZV6Z3A51ZLRAU.pcm /Users/runner/Library/Developer/Xcode/DerivedData/ModuleCache.noindex/_Builtin_inttypes-24MMY0B1C8U8SGX8SA5DOMH7E.pcm /Users/runner/Library/Developer/Xcode/DerivedData/ModuleCache.noindex/sys_types-PD12HKBGCS7I3OBLUYFEM91I.pcm /Users/runner/Library/Developer/Xcode/DerivedData/ModuleCache.noindex/os_object-D2LOHRIYDFC0AOQ4FJSAJFW40.pcm /Users/runner/Library/Developer/Xcode/DerivedData/ModuleCache.noindex/UniformTypeIdentifiers-98UT9EI3UE4T4KR1IVKI9PEEY.pcm /Users/runner/Library/Developer/Xcode/DerivedData/ModuleCache.noindex/FileProvider-DDJELMV59NVB1DQIBYVTN8HBP.pcm /Users/runner/Library/Developer/Xcode/DerivedData/ModuleCache.noindex/SwiftUICore-7CJ5QMFTX3QZ4QAJ0PIGDU3PL.pcm /Users/runner/Library/Developer/Xcode/DerivedData/ModuleCache.noindex/UIKit-9PXRQO9029TZGQ4N5I4YN6IVY.pcm /Users/runner/Library/Developer/Xcode/DerivedData/ModuleCache.noindex/Accessibility-8L79PBU03IZEOH3MTKHZ8UL62.pcm /Users/runner/Library/Developer/Xcode/DerivedData/ModuleCache.noindex/_Builtin_intrinsics-DMARYMBXXGZM0Q38TZZMOQW8D.pcm /Users/runner/Library/Developer/Xcode/DerivedData/ModuleCache.noindex/_Builtin_stdint-615ELPXO79BLW33W9285OFC4J.pcm /Users/runner/Library/Developer/Xcode/DerivedData/ModuleCache.noindex/_DarwinFoundation3-ELTV2I42SPSDMPAUN6R858CGP.pcm /Users/runner/Library/Developer/Xcode/DerivedData/ModuleCache.noindex/_Builtin_stddef-EZS4ZNRM8Q2C78X23DUBCD7YH.pcm /Users/runner/Library/Developer/Xcode/DerivedData/ModuleCache.noindex/os_workgroup-CE7977O20A383DSAPAP1MHRRB.pcm /Users/runner/Library/Developer/Xcode/DerivedData/ModuleCache.noindex/Security-52QF9RH27YX0RP9EB9DW6J6ER.pcm /Users/runner/Library/Developer/Xcode/DerivedData/ModuleCache.noindex/MachO-109XEX11H094BQ4HDI8OAV3Q9.pcm /Users/runner/Library/Developer/Xcode/DerivedData/ModuleCache.noindex/Spatial-4LZYHS7445WDR47UCVNCXV4LK.pcm /Users/runner/Library/Developer/Xcode/DerivedData/ModuleCache.noindex/CoreText-EKXNGX9U3WB0W213YT81IPTTA.pcm /Users/runner/Library/Developer/Xcode/DerivedData/ModuleCache.noindex/_Builtin_limits-8GAG1SMFSA3JGYHE8DFCLSKBW.pcm /Users/runner/Library/Developer/Xcode/DerivedData/ModuleCache.noindex/_DarwinFoundation2-EXJBHLC8V2ZY8CF0BNQD97LYN.pcm /Users/runner/Library/Developer/Xcode/DerivedData/ModuleCache.noindex/ObjectiveC-3CV5H2N98APNDCIC5G1BTGC4R.pcm /Users/runner/Library/Developer/Xcode/DerivedData/ModuleCache.noindex/CoreImage-A7COKGC4YV5NU0VMEB0ZCECK4.pcm /Users/runner/Library/Developer/Xcode/DerivedData/ModuleCache.noindex/QuartzCore-1W4XAS1YQFN77V3MR3MCLUE2C.pcm /Users/runner/Library/Developer/Xcode/DerivedData/ModuleCache.noindex/IOSurface-A3169492JTUXYFMDUBIK6M1PI.pcm /Users/runner/Library/Developer/Xcode/DerivedData/ModuleCache.noindex/CoreFoundation-7Z67H59FM1XPURJ1CATKTTWEG.pcm /Users/runner/Library/Developer/Xcode/DerivedData/ModuleCache.noindex/UserNotifications-4CI6U0ZJSF5P11DSTZ74WB7AZ.pcm /Users/runner/Library/Developer/Xcode/DerivedData/ModuleCache.noindex/UIUtilities-DTDJI55PSJU07N62AGXQU6X65.pcm /Users/runner/Library/Developer/Xcode/DerivedData/ModuleCache.noindex/WebKit-E3DT07FQEAZ75A43FYNDQBMBR.pcm /Users/runner/Library/Developer/Xcode/DerivedData/ModuleCache.noindex/Foundation-4SECALFMSRMLBHX5HU0S5AKYC.pcm /Users/runner/Library/Developer/Xcode/DerivedData/App-bftnsirjgxxrogcvaqjekecjqrkn/Build/Intermediates.noindex/ArchiveIntermediates/App/IntermediateBuildFilesPath/CapacitorStatusBar.build/Release-iphoneos/StatusBarPlugin.build/Objects-normal/arm64/StatusBarPlugin-dependencies-1.json (in target 'StatusBarPlugin' from project 'CapacitorStatusBar')

CompileSwift normal arm64 (in target 'StatusBarPlugin' from project 'CapacitorStatusBar')
    cd /Users/runner/work/focusher-app/focusher-app/ios/App/App.xcodeproj
    

SwiftCompile normal arm64 Compiling\ SplashScreen.swift,\ SplashScreenConfig.swift,\ SplashScreenPlugin.swift,\ SplashScreenSettings.swift /Users/runner/work/focusher-app/focusher-app/node_modules/@capacitor/splash-screen/ios/Sources/SplashScreenPlugin/SplashScreen.swift /Users/runner/work/focusher-app/focusher-app/node_modules/@capacitor/splash-screen/ios/Sources/SplashScreenPlugin/SplashScreenConfig.swift /Users/runner/work/focusher-app/focusher-app/node_modules/@capacitor/splash-screen/ios/Sources/SplashScreenPlugin/SplashScreenPlugin.swift /Users/runner/work/focusher-app/focusher-app/node_modules/@capacitor/splash-screen/ios/Sources/SplashScreenPlugin/SplashScreenSettings.swift /Applications/Xcode_26.6.app/Contents/Developer/Toolchains/XcodeDefault.xctoolchain/usr/lib/swift/iphoneos/prebuilt-modules/26.5/OSLog.swiftmodule/arm64e-apple-ios.swiftmodule /Applications/Xcode_26.6.app/Contents/Developer/Toolchains/XcodeDefault.xctoolchain/usr/lib/swift/iphoneos/prebuilt-modules/26.5/os.swiftmodule/arm64e-apple-ios.swiftmodule /Applications/Xcode_26.6.app/Contents/Developer/Toolchains/XcodeDefault.xctoolchain/usr/lib/swift/iphoneos/prebuilt-modules/26.5/CoreImage.swiftmodule/arm64e-apple-ios.swiftmodule /Applications/Xcode_26.6.app/Contents/Developer/Toolchains/XcodeDefault.xctoolchain/usr/lib/swift/iphoneos/prebuilt-modules/26.5/Dispatch.swiftmodule/arm64e-apple-ios.swiftmodule /Applications/Xcode_26.6.app/Contents/Developer/Toolchains/XcodeDefault.xctoolchain/usr/lib/swift/iphoneos/prebuilt-modules/26.5/WebKit.swiftmodule/arm64e-apple-ios.swiftmodule /Applications/Xcode_26.6.app/Contents/Developer/Toolchains/XcodeDefault.xctoolchain/usr/lib/swift/iphoneos/prebuilt-modules/26.5/Accessibility.swiftmodule/arm64e-apple-ios.swiftmodule /Applications/Xcode_26.6.app/Contents/Developer/Toolchains/XcodeDefault.xctoolchain/usr/lib/swift/iphoneos/prebuilt-modules/26.5/FileProvider.swiftmodule/arm64e-apple-ios.swiftmodule /Applications/Xcode_26.6.app/Contents/Developer/Toolchains/XcodeDefault.xctoolchain/usr/lib/swift/iphoneos/prebuilt-modules/26.5/_Concurrency.swiftmodule/arm64e-apple-ios.swiftmodule /Applications/Xcode_26.6.app/Contents/Developer/Toolchains/XcodeDefault.xctoolchain/usr/lib/swift/iphoneos/prebuilt-modules/26.5/Combine.swiftmodule/arm64e-apple-ios.swiftmodule /Applications/Xcode_26.6.app/Contents/Developer/Toolchains/XcodeDefault.xctoolchain/usr/lib/swift/iphoneos/prebuilt-modules/26.5/Darwin.swiftmodule/arm64e-apple-ios.swiftmodule /Applications/Xcode_26.6.app/Contents/Developer/Toolchains/XcodeDefault.xctoolchain/usr/lib/swift/iphoneos/prebuilt-modules/26.5/CoreGraphics.swiftmodule/arm64e-apple-ios.swiftmodule /Applications/Xcode_26.6.app/Contents/Developer/Toolchains/XcodeDefault.xctoolchain/usr/lib/swift/iphoneos/prebuilt-modules/26.5/simd.swiftmodule/arm64e-apple-ios.swiftmodule /Applications/Xcode_26.6.app/Contents/Developer/Toolchains/XcodeDefault.xctoolchain/usr/lib/swift/iphoneos/prebuilt-modules/26.5/UIKit.swiftmodule/arm64e-apple-ios.swiftmodule /Applications/Xcode_26.6.app/Contents/Developer/Toolchains/XcodeDefault.xctoolchain/usr/lib/swift/iphoneos/prebuilt-modules/26.5/SwiftUICore.swiftmodule/arm64e-apple-ios.swiftmodule /Applications/Xcode_26.6.app/Contents/Developer/Toolchains/XcodeDefault.xctoolchain/usr/lib/swift/iphoneos/prebuilt-modules/26.5/Spatial.swiftmodule/arm64e-apple-ios.swiftmodule /Applications/Xcode_26.6.app/Contents/Developer/Toolchains/XcodeDefault.xctoolchain/usr/lib/swift/iphoneos/prebuilt-modules/26.5/QuartzCore.swiftmodule/arm64e-apple-ios.swiftmodule /Applications/Xcode_26.6.app/Contents/Developer/Toolchains/XcodeDefault.xctoolchain/usr/lib/swift/iphoneos/prebuilt-modules/26.5/Swift.swiftmodule/arm64e-apple-ios.swiftmodule /Applications/Xcode_26.6.app/Contents/Developer/Toolchains/XcodeDefault.xctoolchain/usr/lib/swift/iphoneos/prebuilt-modules/26.5/XPC.swiftmodule/arm64e-apple-ios.swiftmodule /Applications/Xcode_26.6.app/Contents/Developer/Toolchains/XcodeDefault.xctoolchain/usr/lib/swift/iphoneos/prebuilt-modules/26.5/CoreFoundation.swiftmodule/arm64e-apple-ios.swiftmodule /Applications/Xcode_26.6.app/Contents/Developer/Toolchains/XcodeDefault.xctoolchain/usr/lib/swift/iphoneos/prebuilt-modules/26.5/CoreVideo.swiftmodule/arm64e-apple-ios.swiftmodule /Applications/Xcode_26.6.app/Contents/Developer/Toolchains/XcodeDefault.xctoolchain/usr/lib/swift/iphoneos/prebuilt-modules/26.5/Foundation.swiftmodule/arm64e-apple-ios.swiftmodule /Applications/Xcode_26.6.app/Contents/Developer/Toolchains/XcodeDefault.xctoolchain/usr/lib/swift/iphoneos/prebuilt-modules/26.5/_DarwinFoundation3.swiftmodule/arm64e-apple-ios.swiftmodule /Applications/Xcode_26.6.app/Contents/Developer/Toolchains/XcodeDefault.xctoolchain/usr/lib/swift/iphoneos/prebuilt-modules/26.5/Symbols.swiftmodule/arm64e-apple-ios.swiftmodule /Applications/Xcode_26.6.app/Contents/Developer/Toolchains/XcodeDefault.xctoolchain/usr/lib/swift/iphoneos/prebuilt-modules/26.5/Network.swiftmodule/arm64e-apple-ios.swiftmodule /Applications/Xcode_26.6.app/Contents/Developer/Toolchains/XcodeDefault.xctoolchain/usr/lib/swift/iphoneos/prebuilt-modules/26.5/UniformTypeIdentifiers.swiftmodule/arm64e-apple-ios.swiftmodule /Applications/Xcode_26.6.app/Contents/Developer/Toolchains/XcodeDefault.xctoolchain/usr/lib/swift/iphoneos/prebuilt-modules/26.5/Distributed.swiftmodule/arm64e-apple-ios.swiftmodule /Users/runner/Library/Developer/Xcode/DerivedData/App-bftnsirjgxxrogcvaqjekecjqrkn/Build/Intermediates.noindex/ArchiveIntermediates/App/IntermediateBuildFilesPath/SwiftExplicitPrecompiledModules/Capacitor-14SA51AAWED35.swiftmodule /Applications/Xcode_26.6.app/Contents/Developer/Toolchains/XcodeDefault.xctoolchain/usr/lib/swift/iphoneos/prebuilt-modules/26.5/_DarwinFoundation2.swiftmodule/arm64e-apple-ios.swiftmodule /Applications/Xcode_26.6.app/Contents/Developer/Toolchains/XcodeDefault.xctoolchain/usr/lib/swift/iphoneos/prebuilt-modules/26.5/_DarwinFoundation1.swiftmodule/arm64e-apple-ios.swiftmodule /Applications/Xcode_26.6.app/Contents/Developer/Toolchains/XcodeDefault.xctoolchain/usr/lib/swift/iphoneos/prebuilt-modules/26.5/CoreTransferable.swiftmodule/arm64e-apple-ios.swiftmodule /Applications/Xcode_26.6.app/Contents/Developer/Toolchains/XcodeDefault.xctoolchain/usr/lib/swift/iphoneos/prebuilt-modules/26.5/ObjectiveC.swiftmodule/arm64e-apple-ios.swiftmodule /Applications/Xcode_26.6.app/Contents/Developer/Toolchains/XcodeDefault.xctoolchain/usr/lib/swift/iphoneos/prebuilt-modules/26.5/Observation.swiftmodule/arm64e-apple-ios.swiftmodule /Applications/Xcode_26.6.app/Contents/Developer/Toolchains/XcodeDefault.xctoolchain/usr/lib/swift/iphoneos/prebuilt-modules/26.5/DeveloperToolsSupport.swiftmodule/arm64e-apple-ios.swiftmodule /Applications/Xcode_26.6.app/Contents/Developer/Toolchains/XcodeDefault.xctoolchain/usr/lib/swift/iphoneos/prebuilt-modules/26.5/_Builtin_float.swiftmodule/arm64e-apple-ios.swiftmodule /Applications/Xcode_26.6.app/Contents/Developer/Toolchains/XcodeDefault.xctoolchain/usr/lib/swift/iphoneos/prebuilt-modules/26.5/DataDetection.swiftmodule/arm64e-apple-ios.swiftmodule /Applications/Xcode_26.6.app/Contents/Developer/Toolchains/XcodeDefault.xctoolchain/usr/lib/swift/iphoneos/prebuilt-modules/26.5/System.swiftmodule/arm64e-apple-ios.swiftmodule /Applications/Xcode_26.6.app/Contents/Developer/Toolchains/XcodeDefault.xctoolchain/usr/lib/swift/iphoneos/prebuilt-modules/26.5/_StringProcessing.swiftmodule/arm64e-apple-ios.swiftmodule /Applications/Xcode_26.6.app/Contents/Developer/Toolchains/XcodeDefault.xctoolchain/usr/lib/swift/iphoneos/prebuilt-modules/26.5/CoreText.swiftmodule/arm64e-apple-ios.swiftmodule /Applications/Xcode_26.6.app/Contents/Developer/Toolchains/XcodeDefault.xctoolchain/usr/lib/swift/iphoneos/prebuilt-modules/26.5/Metal.swiftmodule/arm64e-apple-ios.swiftmodule /Users/runner/Library/Developer/Xcode/DerivedData/ModuleCache.noindex/Symbols-EU19KAZCK6D0C0JUPLFLKQ44.pcm /Users/runner/Library/Developer/Xcode/DerivedData/App-bftnsirjgxxrogcvaqjekecjqrkn/Build/Intermediates.noindex/ArchiveIntermediates/App/IntermediateBuildFilesPath/SwiftExplicitPrecompiledModules/Capacitor-MD5BZ824T8XTNDLUB45YVXO4.pcm /Users/runner/Library/Developer/Xcode/DerivedData/ModuleCache.noindex/Network-AH1M9CXUE9NSZDTPO6HUMKPVT.pcm /Users/runner/Library/Developer/Xcode/DerivedData/ModuleCache.noindex/ptrcheck-CPFBHC98T0YO5BMJL4XPQ5DVJ.pcm /Users/runner/Library/Developer/Xcode/DerivedData/ModuleCache.noindex/_DarwinFoundation1-D0HH3AJXTD7OKMTUR2FXWNRVQ.pcm /Users/runner/Library/Developer/Xcode/DerivedData/ModuleCache.noindex/Metal-HCUB9N8XKGZLDTP6IOLKFZP8.pcm /Users/runner/Library/Developer/Xcode/DerivedData/ModuleCache.noindex/CoreTransferable-3XRVZEHLPIIRBE6PY29E51B33.pcm /Users/runner/Library/Developer/Xcode/DerivedData/ModuleCache.noindex/CoreGraphics-E6KVS2MH59D16Y6Z4W5D2915I.pcm /Users/runner/Library/Developer/Xcode/DerivedData/ModuleCache.noindex/Darwin-65WM8VPK397D97H068127QY5O.pcm /Users/runner/Library/Developer/Xcode/DerivedData/ModuleCache.noindex/OSLog-3LKE53LPWMO6H3RX65KD10VXD.pcm /Users/runner/Library/Developer/Xcode/DerivedData/ModuleCache.noindex/CFNetwork-1FN5YXNMQBAKI9HNEB7TSXT6J.pcm /Users/runner/Library/Developer/Xcode/DerivedData/ModuleCache.noindex/XPC-4OI848FPRQOOYJFA96XIRFLWJ.pcm /Users/runner/Library/Developer/Xcode/DerivedData/ModuleCache.noindex/DataDetection-3JFDP59CLYBUOZPG51OKN8CZ8.pcm /Users/runner/Library/Developer/Xcode/DerivedData/ModuleCache.noindex/CommonCrypto-17JW9JFUJQ7P2409AFM281G2O.pcm /Users/runner/Library/Developer/Xcode/DerivedData/ModuleCache.noindex/_Builtin_stdbool-77FQHXEDHJJ5LR78OJZFL3ESV.pcm /Users/runner/Library/Developer/Xcode/DerivedData/ModuleCache.noindex/_Builtin_stdarg-4LSG676VX6ZX2XHZ6XO9V8K9F.pcm /Users/runner/Library/Developer/Xcode/DerivedData/ModuleCache.noindex/_Builtin_tgmath-58640SAGBG6W1YPPM9JZXQVEU.pcm /Users/runner/Library/Developer/Xcode/DerivedData/ModuleCache.noindex/_AvailabilityInternal-6LVX40WLXKF2N0RR7RLLLI88G.pcm /Users/runner/Library/Developer/Xcode/DerivedData/App-bftnsirjgxxrogcvaqjekecjqrkn/Build/Intermediates.noindex/ArchiveIntermediates/App/IntermediateBuildFilesPath/SwiftExplicitPrecompiledModules/Cordova-A1Y5FVSTBCE1RXQ7OWOB9W810.pcm /Users/runner/Library/Developer/Xcode/DerivedData/ModuleCache.noindex/_SwiftConcurrencyShims-72MI7WHN08305D73FERVYXX8Q.pcm /Users/runner/Library/Developer/Xcode/DerivedData/ModuleCache.noindex/ptrauth-E1M8RH4XGX41AS9L3T48B2VC8.pcm /Users/runner/Library/Developer/Xcode/DerivedData/ModuleCache.noindex/CoreVideo-3KSE89SSHYYL2OO5C1552Z1I5.pcm /Users/runner/Library/Developer/Xcode/DerivedData/ModuleCache.noindex/Dispatch-3DQCX18X5AV2BIOD4WCYNOK4G.pcm /Users/runner/Library/Developer/Xcode/DerivedData/ModuleCache.noindex/os-BCLGSKCD5L8ZIIKRL1OO8DAB2.pcm /Users/runner/Library/Developer/Xcode/DerivedData/ModuleCache.noindex/simd-C8R11QAJSWUI0SDV4H8N1AJPA.pcm /Users/runner/Library/Developer/Xcode/DerivedData/ModuleCache.noindex/_Builtin_float-C2XYXATN22CCJKOBJXFM515SB.pcm /Users/runner/Library/Developer/Xcode/DerivedData/ModuleCache.noindex/_Builtin_stdatomic-7ICCR1EERZQRTCK8DK4OCZGDS.pcm /Users/runner/Library/Developer/Xcode/DerivedData/ModuleCache.noindex/dnssd-AX9E8QINWOJ0ZAS78Q423EC2O.pcm /Users/runner/Library/Developer/Xcode/DerivedData/ModuleCache.noindex/ImageIO-8T1BF1U3WSYVC4FGIG8BKZALR.pcm /Users/runner/Library/Developer/Xcode/DerivedData/ModuleCache.noindex/SwiftShims-726JJO2L9PNSQ7U4XETGG7EE9.pcm /Users/runner/Library/Developer/Xcode/DerivedData/ModuleCache.noindex/DeveloperToolsSupport-8NJPN9L3GNG0ZV6Z3A51ZLRAU.pcm /Users/runner/Library/Developer/Xcode/DerivedData/ModuleCache.noindex/OpenGLES-DVROR9QJV8Z7I8PACD8BZ1A4Q.pcm /Users/runner/Library/Developer/Xcode/DerivedData/ModuleCache.noindex/_Builtin_inttypes-24MMY0B1C8U8SGX8SA5DOMH7E.pcm /Users/runner/Library/Developer/Xcode/DerivedData/ModuleCache.noindex/sys_types-PD12HKBGCS7I3OBLUYFEM91I.pcm /Users/runner/Library/Developer/Xcode/DerivedData/ModuleCache.noindex/os_object-D2LOHRIYDFC0AOQ4FJSAJFW40.pcm /Users/runner/Library/Developer/Xcode/DerivedData/ModuleCache.noindex/UniformTypeIdentifiers-98UT9EI3UE4T4KR1IVKI9PEEY.pcm /Users/runner/Library/Developer/Xcode/DerivedData/ModuleCache.noindex/FileProvider-DDJELMV59NVB1DQIBYVTN8HBP.pcm /Users/runner/Library/Developer/Xcode/DerivedData/ModuleCache.noindex/SwiftUICore-7CJ5QMFTX3QZ4QAJ0PIGDU3PL.pcm /Users/runner/Library/Developer/Xcode/DerivedData/ModuleCache.noindex/UIKit-9PXRQO9029TZGQ4N5I4YN6IVY.pcm /Users/runner/Library/Developer/Xcode/DerivedData/ModuleCache.noindex/Accessibility-8L79PBU03IZEOH3MTKHZ8UL62.pcm /Users/runner/Library/Developer/Xcode/DerivedData/ModuleCache.noindex/_Builtin_intrinsics-DMARYMBXXGZM0Q38TZZMOQW8D.pcm /Users/runner/Library/Developer/Xcode/DerivedData/ModuleCache.noindex/_Builtin_stdint-615ELPXO79BLW33W9285OFC4J.pcm /Users/runner/Library/Developer/Xcode/DerivedData/ModuleCache.noindex/_Builtin_stddef-EZS4ZNRM8Q2C78X23DUBCD7YH.pcm /Users/runner/Library/Developer/Xcode/DerivedData/ModuleCache.noindex/os_workgroup-CE7977O20A383DSAPAP1MHRRB.pcm /Users/runner/Library/Developer/Xcode/DerivedData/ModuleCache.noindex/_DarwinFoundation3-ELTV2I42SPSDMPAUN6R858CGP.pcm /Users/runner/Library/Developer/Xcode/DerivedData/ModuleCache.noindex/Security-52QF9RH27YX0RP9EB9DW6J6ER.pcm /Users/runner/Library/Developer/Xcode/DerivedData/ModuleCache.noindex/Spatial-4LZYHS7445WDR47UCVNCXV4LK.pcm /Users/runner/Library/Developer/Xcode/DerivedData/ModuleCache.noindex/CoreText-EKXNGX9U3WB0W213YT81IPTTA.pcm /Users/runner/Library/Developer/Xcode/DerivedData/ModuleCache.noindex/MachO-109XEX11H094BQ4HDI8OAV3Q9.pcm /Users/runner/Library/Developer/Xcode/DerivedData/ModuleCache.noindex/_Builtin_limits-8GAG1SMFSA3JGYHE8DFCLSKBW.pcm /Users/runner/Library/Developer/Xcode/DerivedData/ModuleCache.noindex/_DarwinFoundation2-EXJBHLC8V2ZY8CF0BNQD97LYN.pcm /Users/runner/Library/Developer/Xcode/DerivedData/ModuleCache.noindex/ObjectiveC-3CV5H2N98APNDCIC5G1BTGC4R.pcm /Users/runner/Library/Developer/Xcode/DerivedData/ModuleCache.noindex/CoreImage-A7COKGC4YV5NU0VMEB0ZCECK4.pcm /Users/runner/Library/Developer/Xcode/DerivedData/ModuleCache.noindex/QuartzCore-1W4XAS1YQFN77V3MR3MCLUE2C.pcm /Users/runner/Library/Developer/Xcode/DerivedData/ModuleCache.noindex/IOSurface-A3169492JTUXYFMDUBIK6M1PI.pcm /Users/runner/Library/Developer/Xcode/DerivedData/ModuleCache.noindex/CoreFoundation-7Z67H59FM1XPURJ1CATKTTWEG.pcm /Users/runner/Library/Developer/Xcode/DerivedData/ModuleCache.noindex/WebKit-E3DT07FQEAZ75A43FYNDQBMBR.pcm /Users/runner/Library/Developer/Xcode/DerivedData/ModuleCache.noindex/UIUtilities-DTDJI55PSJU07N62AGXQU6X65.pcm /Users/runner/Library/Developer/Xcode/DerivedData/ModuleCache.noindex/UserNotifications-4CI6U0ZJSF5P11DSTZ74WB7AZ.pcm /Users/runner/Library/Developer/Xcode/DerivedData/ModuleCache.noindex/Foundation-4SECALFMSRMLBHX5HU0S5AKYC.pcm /Users/runner/Library/Developer/Xcode/DerivedData/App-bftnsirjgxxrogcvaqjekecjqrkn/Build/Intermediates.noindex/ArchiveIntermediates/App/IntermediateBuildFilesPath/CapacitorSplashScreen.build/Release-iphoneos/SplashScreenPlugin.build/Objects-normal/arm64/SplashScreenPlugin-dependencies-1.json (in target 'SplashScreenPlugin' from project 'CapacitorSplashScreen')

CompileSwift normal arm64 (in target 'SplashScreenPlugin' from project 'CapacitorSplashScreen')
    cd /Users/runner/work/focusher-app/focusher-app/ios/App/App.xcodeproj
    

SwiftCompile normal arm64 Compiling\ LocalNotificationsHandler.swift,\ LocalNotificationsPlugin.swift /Users/runner/work/focusher-app/focusher-app/node_modules/@capacitor/local-notifications/ios/Sources/LocalNotificationsPlugin/LocalNotificationsHandler.swift /Users/runner/work/focusher-app/focusher-app/node_modules/@capacitor/local-notifications/ios/Sources/LocalNotificationsPlugin/LocalNotificationsPlugin.swift /Applications/Xcode_26.6.app/Contents/Developer/Toolchains/XcodeDefault.xctoolchain/usr/lib/swift/iphoneos/prebuilt-modules/26.5/Foundation.swiftmodule/arm64e-apple-ios.swiftmodule /Applications/Xcode_26.6.app/Contents/Developer/Toolchains/XcodeDefault.xctoolchain/usr/lib/swift/iphoneos/prebuilt-modules/26.5/_DarwinFoundation1.swiftmodule/arm64e-apple-ios.swiftmodule /Users/runner/Library/Developer/Xcode/DerivedData/App-bftnsirjgxxrogcvaqjekecjqrkn/Build/Intermediates.noindex/ArchiveIntermediates/App/IntermediateBuildFilesPath/SwiftExplicitPrecompiledModules/Capacitor-14SA51AAWED35.swiftmodule /Applications/Xcode_26.6.app/Contents/Developer/Toolchains/XcodeDefault.xctoolchain/usr/lib/swift/iphoneos/prebuilt-modules/26.5/Combine.swiftmodule/arm64e-apple-ios.swiftmodule /Applications/Xcode_26.6.app/Contents/Developer/Toolchains/XcodeDefault.xctoolchain/usr/lib/swift/iphoneos/prebuilt-modules/26.5/CoreGraphics.swiftmodule/arm64e-apple-ios.swiftmodule /Applications/Xcode_26.6.app/Contents/Developer/Toolchains/XcodeDefault.xctoolchain/usr/lib/swift/iphoneos/prebuilt-modules/26.5/Network.swiftmodule/arm64e-apple-ios.swiftmodule /Applications/Xcode_26.6.app/Contents/Developer/Toolchains/XcodeDefault.xctoolchain/usr/lib/swift/iphoneos/prebuilt-modules/26.5/Swift.swiftmodule/arm64e-apple-ios.swiftmodule /Applications/Xcode_26.6.app/Contents/Developer/Toolchains/XcodeDefault.xctoolchain/usr/lib/swift/iphoneos/prebuilt-modules/26.5/FileProvider.swiftmodule/arm64e-apple-ios.swiftmodule /Applications/Xcode_26.6.app/Contents/Developer/Toolchains/XcodeDefault.xctoolchain/usr/lib/swift/iphoneos/prebuilt-modules/26.5/_DarwinFoundation3.swiftmodule/arm64e-apple-ios.swiftmodule /Applications/Xcode_26.6.app/Contents/Developer/Toolchains/XcodeDefault.xctoolchain/usr/lib/swift/iphoneos/prebuilt-modules/26.5/XPC.swiftmodule/arm64e-apple-ios.swiftmodule /Applications/Xcode_26.6.app/Contents/Developer/Toolchains/XcodeDefault.xctoolchain/usr/lib/swift/iphoneos/prebuilt-modules/26.5/System.swiftmodule/arm64e-apple-ios.swiftmodule /Applications/Xcode_26.6.app/Contents/Developer/Toolchains/XcodeDefault.xctoolchain/usr/lib/swift/iphoneos/prebuilt-modules/26.5/DataDetection.swiftmodule/arm64e-apple-ios.swiftmodule /Applications/Xcode_26.6.app/Contents/Developer/Toolchains/XcodeDefault.xctoolchain/usr/lib/swift/iphoneos/prebuilt-modules/26.5/Metal.swiftmodule/arm64e-apple-ios.swiftmodule /Applications/Xcode_26.6.app/Contents/Developer/Toolchains/XcodeDefault.xctoolchain/usr/lib/swift/iphoneos/prebuilt-modules/26.5/CoreText.swiftmodule/arm64e-apple-ios.swiftmodule /Applications/Xcode_26.6.app/Contents/Developer/Toolchains/XcodeDefault.xctoolchain/usr/lib/swift/iphoneos/prebuilt-modules/26.5/os.swiftmodule/arm64e-apple-ios.swiftmodule /Applications/Xcode_26.6.app/Contents/Developer/Toolchains/XcodeDefault.xctoolchain/usr/lib/swift/iphoneos/prebuilt-modules/26.5/_DarwinFoundation2.swiftmodule/arm64e-apple-ios.swiftmodule /Applications/Xcode_26.6.app/Contents/Developer/Toolchains/XcodeDefault.xctoolchain/usr/lib/swift/iphoneos/prebuilt-modules/26.5/DeveloperToolsSupport.swiftmodule/arm64e-apple-ios.swiftmodule /Applications/Xcode_26.6.app/Contents/Developer/Toolchains/XcodeDefault.xctoolchain/usr/lib/swift/iphoneos/prebuilt-modules/26.5/CoreVideo.swiftmodule/arm64e-apple-ios.swiftmodule /Applications/Xcode_26.6.app/Contents/Developer/Toolchains/XcodeDefault.xctoolchain/usr/lib/swift/iphoneos/prebuilt-modules/26.5/UIKit.swiftmodule/arm64e-apple-ios.swiftmodule /Applications/Xcode_26.6.app/Contents/Developer/Toolchains/XcodeDefault.xctoolchain/usr/lib/swift/iphoneos/prebuilt-modules/26.5/Symbols.swiftmodule/arm64e-apple-ios.swiftmodule /Applications/Xcode_26.6.app/Contents/Developer/Toolchains/XcodeDefault.xctoolchain/usr/lib/swift/iphoneos/prebuilt-modules/26.5/simd.swiftmodule/arm64e-apple-ios.swiftmodule /Applications/Xcode_26.6.app/Contents/Developer/Toolchains/XcodeDefault.xctoolchain/usr/lib/swift/iphoneos/prebuilt-modules/26.5/_StringProcessing.swiftmodule/arm64e-apple-ios.swiftmodule /Applications/Xcode_26.6.app/Contents/Developer/Toolchains/XcodeDefault.xctoolchain/usr/lib/swift/iphoneos/prebuilt-modules/26.5/Darwin.swiftmodule/arm64e-apple-ios.swiftmodule /Applications/Xcode_26.6.app/Contents/Developer/Toolchains/XcodeDefault.xctoolchain/usr/lib/swift/iphoneos/prebuilt-modules/26.5/CoreImage.swiftmodule/arm64e-apple-ios.swiftmodule /Applications/Xcode_26.6.app/Contents/Developer/Toolchains/XcodeDefault.xctoolchain/usr/lib/swift/iphoneos/prebuilt-modules/26.5/SwiftUICore.swiftmodule/arm64e-apple-ios.swiftmodule /Applications/Xcode_26.6.app/Contents/Developer/Toolchains/XcodeDefault.xctoolchain/usr/lib/swift/iphoneos/prebuilt-modules/26.5/CoreFoundation.swiftmodule/arm64e-apple-ios.swiftmodule /Applications/Xcode_26.6.app/Contents/Developer/Toolchains/XcodeDefault.xctoolchain/usr/lib/swift/iphoneos/prebuilt-modules/26.5/Dispatch.swiftmodule/arm64e-apple-ios.swiftmodule /Applications/Xcode_26.6.app/Contents/Developer/Toolchains/XcodeDefault.xctoolchain/usr/lib/swift/iphoneos/prebuilt-modules/26.5/OSLog.swiftmodule/arm64e-apple-ios.swiftmodule /Applications/Xcode_26.6.app/Contents/Developer/Toolchains/XcodeDefault.xctoolchain/usr/lib/swift/iphoneos/prebuilt-modules/26.5/Observation.swiftmodule/arm64e-apple-ios.swiftmodule /Applications/Xcode_26.6.app/Contents/Developer/Toolchains/XcodeDefault.xctoolchain/usr/lib/swift/iphoneos/prebuilt-modules/26.5/_Builtin_float.swiftmodule/arm64e-apple-ios.swiftmodule /Applications/Xcode_26.6.app/Contents/Developer/Toolchains/XcodeDefault.xctoolchain/usr/lib/swift/iphoneos/prebuilt-modules/26.5/ObjectiveC.swiftmodule/arm64e-apple-ios.swiftmodule /Applications/Xcode_26.6.app/Contents/Developer/Toolchains/XcodeDefault.xctoolchain/usr/lib/swift/iphoneos/prebuilt-modules/26.5/Accessibility.swiftmodule/arm64e-apple-ios.swiftmodule /Applications/Xcode_26.6.app/Contents/Developer/Toolchains/XcodeDefault.xctoolchain/usr/lib/swift/iphoneos/prebuilt-modules/26.5/WebKit.swiftmodule/arm64e-apple-ios.swiftmodule /Applications/Xcode_26.6.app/Contents/Developer/Toolchains/XcodeDefault.xctoolchain/usr/lib/swift/iphoneos/prebuilt-modules/26.5/_Concurrency.swiftmodule/arm64e-apple-ios.swiftmodule /Applications/Xcode_26.6.app/Contents/Developer/Toolchains/XcodeDefault.xctoolchain/usr/lib/swift/iphoneos/prebuilt-modules/26.5/Distributed.swiftmodule/arm64e-apple-ios.swiftmodule /Applications/Xcode_26.6.app/Contents/Developer/Toolchains/XcodeDefault.xctoolchain/usr/lib/swift/iphoneos/prebuilt-modules/26.5/UniformTypeIdentifiers.swiftmodule/arm64e-apple-ios.swiftmodule /Applications/Xcode_26.6.app/Contents/Developer/Toolchains/XcodeDefault.xctoolchain/usr/lib/swift/iphoneos/prebuilt-modules/26.5/Spatial.swiftmodule/arm64e-apple-ios.swiftmodule /Applications/Xcode_26.6.app/Contents/Developer/Toolchains/XcodeDefault.xctoolchain/usr/lib/swift/iphoneos/prebuilt-modules/26.5/CoreTransferable.swiftmodule/arm64e-apple-ios.swiftmodule /Applications/Xcode_26.6.app/Contents/Developer/Toolchains/XcodeDefault.xctoolchain/usr/lib/swift/iphoneos/prebuilt-modules/26.5/QuartzCore.swiftmodule/arm64e-apple-ios.swiftmodule /Users/runner/Library/Developer/Xcode/DerivedData/ModuleCache.noindex/_Builtin_stdbool-77FQHXEDHJJ5LR78OJZFL3ESV.pcm /Users/runner/Library/Developer/Xcode/DerivedData/ModuleCache.noindex/Spatial-4LZYHS7445WDR47UCVNCXV4LK.pcm /Users/runner/Library/Developer/Xcode/DerivedData/ModuleCache.noindex/ObjectiveC-3CV5H2N98APNDCIC5G1BTGC4R.pcm /Users/runner/Library/Developer/Xcode/DerivedData/ModuleCache.noindex/_Builtin_stdint-615ELPXO79BLW33W9285OFC4J.pcm /Users/runner/Library/Developer/Xcode/DerivedData/ModuleCache.noindex/Metal-HCUB9N8XKGZLDTP6IOLKFZP8.pcm /Users/runner/Library/Developer/Xcode/DerivedData/ModuleCache.noindex/_Builtin_stdarg-4LSG676VX6ZX2XHZ6XO9V8K9F.pcm /Users/runner/Library/Developer/Xcode/DerivedData/ModuleCache.noindex/CommonCrypto-17JW9JFUJQ7P2409AFM281G2O.pcm /Users/runner/Library/Developer/Xcode/DerivedData/ModuleCache.noindex/_Builtin_intrinsics-DMARYMBXXGZM0Q38TZZMOQW8D.pcm /Users/runner/Library/Developer/Xcode/DerivedData/ModuleCache.noindex/CFNetwork-1FN5YXNMQBAKI9HNEB7TSXT6J.pcm /Users/runner/Library/Developer/Xcode/DerivedData/ModuleCache.noindex/_DarwinFoundation3-ELTV2I42SPSDMPAUN6R858CGP.pcm /Users/runner/Library/Developer/Xcode/DerivedData/ModuleCache.noindex/UIKit-9PXRQO9029TZGQ4N5I4YN6IVY.pcm /Users/runner/Library/Developer/Xcode/DerivedData/ModuleCache.noindex/WebKit-E3DT07FQEAZ75A43FYNDQBMBR.pcm /Users/runner/Library/Developer/Xcode/DerivedData/ModuleCache.noindex/XPC-4OI848FPRQOOYJFA96XIRFLWJ.pcm /Users/runner/Library/Developer/Xcode/DerivedData/ModuleCache.noindex/Foundation-4SECALFMSRMLBHX5HU0S5AKYC.pcm /Users/runner/Library/Developer/Xcode/DerivedData/ModuleCache.noindex/SwiftUICore-7CJ5QMFTX3QZ4QAJ0PIGDU3PL.pcm /Users/runner/Library/Developer/Xcode/DerivedData/ModuleCache.noindex/DataDetection-3JFDP59CLYBUOZPG51OKN8CZ8.pcm /Users/runner/Library/Developer/Xcode/DerivedData/ModuleCache.noindex/OSLog-3LKE53LPWMO6H3RX65KD10VXD.pcm /Users/runner/Library/Developer/Xcode/DerivedData/ModuleCache.noindex/Darwin-65WM8VPK397D97H068127QY5O.pcm /Users/runner/Library/Developer/Xcode/DerivedData/ModuleCache.noindex/os_workgroup-CE7977O20A383DSAPAP1MHRRB.pcm /Users/runner/Library/Developer/Xcode/DerivedData/ModuleCache.noindex/_Builtin_inttypes-24MMY0B1C8U8SGX8SA5DOMH7E.pcm /Users/runner/Library/Developer/Xcode/DerivedData/ModuleCache.noindex/Dispatch-3DQCX18X5AV2BIOD4WCYNOK4G.pcm /Users/runner/Library/Developer/Xcode/DerivedData/ModuleCache.noindex/OpenGLES-DVROR9QJV8Z7I8PACD8BZ1A4Q.pcm /Users/runner/Library/Developer/Xcode/DerivedData/ModuleCache.noindex/SwiftShims-726JJO2L9PNSQ7U4XETGG7EE9.pcm /Users/runner/Library/Developer/Xcode/DerivedData/ModuleCache.noindex/_Builtin_stddef-EZS4ZNRM8Q2C78X23DUBCD7YH.pcm /Users/runner/Library/Developer/Xcode/DerivedData/ModuleCache.noindex/_SwiftConcurrencyShims-72MI7WHN08305D73FERVYXX8Q.pcm /Users/runner/Library/Developer/Xcode/DerivedData/ModuleCache.noindex/CoreVideo-3KSE89SSHYYL2OO5C1552Z1I5.pcm /Users/runner/Library/Developer/Xcode/DerivedData/ModuleCache.noindex/os_object-D2LOHRIYDFC0AOQ4FJSAJFW40.pcm /Users/runner/Library/Developer/Xcode/DerivedData/ModuleCache.noindex/DeveloperToolsSupport-8NJPN9L3GNG0ZV6Z3A51ZLRAU.pcm /Users/runner/Library/Developer/Xcode/DerivedData/ModuleCache.noindex/ptrauth-E1M8RH4XGX41AS9L3T48B2VC8.pcm /Users/runner/Library/Developer/Xcode/DerivedData/ModuleCache.noindex/CoreText-EKXNGX9U3WB0W213YT81IPTTA.pcm /Users/runner/Library/Developer/Xcode/DerivedData/ModuleCache.noindex/Security-52QF9RH27YX0RP9EB9DW6J6ER.pcm /Users/runner/Library/Developer/Xcode/DerivedData/ModuleCache.noindex/ptrcheck-CPFBHC98T0YO5BMJL4XPQ5DVJ.pcm /Users/runner/Library/Developer/Xcode/DerivedData/ModuleCache.noindex/CoreFoundation-7Z67H59FM1XPURJ1CATKTTWEG.pcm /Users/runner/Library/Developer/Xcode/DerivedData/ModuleCache.noindex/CoreGraphics-E6KVS2MH59D16Y6Z4W5D2915I.pcm /Users/runner/Library/Developer/Xcode/DerivedData/ModuleCache.noindex/QuartzCore-1W4XAS1YQFN77V3MR3MCLUE2C.pcm /Users/runner/Library/Developer/Xcode/DerivedData/ModuleCache.noindex/_DarwinFoundation1-D0HH3AJXTD7OKMTUR2FXWNRVQ.pcm /Users/runner/Library/Developer/Xcode/DerivedData/ModuleCache.noindex/_Builtin_tgmath-58640SAGBG6W1YPPM9JZXQVEU.pcm /Users/runner/Library/Developer/Xcode/DerivedData/ModuleCache.noindex/Symbols-EU19KAZCK6D0C0JUPLFLKQ44.pcm /Users/runner/Library/Developer/Xcode/DerivedData/ModuleCache.noindex/Accessibility-8L79PBU03IZEOH3MTKHZ8UL62.pcm /Users/runner/Library/Developer/Xcode/DerivedData/ModuleCache.noindex/CoreTransferable-3XRVZEHLPIIRBE6PY29E51B33.pcm /Users/runner/Library/Developer/Xcode/DerivedData/ModuleCache.noindex/_DarwinFoundation2-EXJBHLC8V2ZY8CF0BNQD97LYN.pcm /Users/runner/Library/Developer/Xcode/DerivedData/ModuleCache.noindex/UserNotifications-4CI6U0ZJSF5P11DSTZ74WB7AZ.pcm /Users/runner/Library/Developer/Xcode/DerivedData/ModuleCache.noindex/ImageIO-8T1BF1U3WSYVC4FGIG8BKZALR.pcm /Users/runner/Library/Developer/Xcode/DerivedData/ModuleCache.noindex/UniformTypeIdentifiers-98UT9EI3UE4T4KR1IVKI9PEEY.pcm /Users/runner/Library/Developer/Xcode/DerivedData/ModuleCache.noindex/MachO-109XEX11H094BQ4HDI8OAV3Q9.pcm /Users/runner/Library/Developer/Xcode/DerivedData/ModuleCache.noindex/_Builtin_limits-8GAG1SMFSA3JGYHE8DFCLSKBW.pcm /Users/runner/Library/Developer/Xcode/DerivedData/ModuleCache.noindex/IOSurface-A3169492JTUXYFMDUBIK6M1PI.pcm /Users/runner/Library/Developer/Xcode/DerivedData/ModuleCache.noindex/sys_types-PD12HKBGCS7I3OBLUYFEM91I.pcm /Users/runner/Library/Developer/Xcode/DerivedData/ModuleCache.noindex/Network-AH1M9CXUE9NSZDTPO6HUMKPVT.pcm /Users/runner/Library/Developer/Xcode/DerivedData/App-bftnsirjgxxrogcvaqjekecjqrkn/Build/Intermediates.noindex/ArchiveIntermediates/App/IntermediateBuildFilesPath/SwiftExplicitPrecompiledModules/Cordova-A1Y5FVSTBCE1RXQ7OWOB9W810.pcm /Users/runner/Library/Developer/Xcode/DerivedData/ModuleCache.noindex/FileProvider-DDJELMV59NVB1DQIBYVTN8HBP.pcm /Users/runner/Library/Developer/Xcode/DerivedData/ModuleCache.noindex/UIUtilities-DTDJI55PSJU07N62AGXQU6X65.pcm /Users/runner/Library/Developer/Xcode/DerivedData/ModuleCache.noindex/_Builtin_stdatomic-7ICCR1EERZQRTCK8DK4OCZGDS.pcm /Users/runner/Library/Developer/Xcode/DerivedData/ModuleCache.noindex/os-BCLGSKCD5L8ZIIKRL1OO8DAB2.pcm /Users/runner/Library/Developer/Xcode/DerivedData/App-bftnsirjgxxrogcvaqjekecjqrkn/Build/Intermediates.noindex/ArchiveIntermediates/App/IntermediateBuildFilesPath/SwiftExplicitPrecompiledModules/Capacitor-MD5BZ824T8XTNDLUB45YVXO4.pcm /Users/runner/Library/Developer/Xcode/DerivedData/ModuleCache.noindex/dnssd-AX9E8QINWOJ0ZAS78Q423EC2O.pcm /Users/runner/Library/Developer/Xcode/DerivedData/ModuleCache.noindex/_AvailabilityInternal-6LVX40WLXKF2N0RR7RLLLI88G.pcm /Users/runner/Library/Developer/Xcode/DerivedData/ModuleCache.noindex/_Builtin_float-C2XYXATN22CCJKOBJXFM515SB.pcm /Users/runner/Library/Developer/Xcode/DerivedData/ModuleCache.noindex/simd-C8R11QAJSWUI0SDV4H8N1AJPA.pcm /Users/runner/Library/Developer/Xcode/DerivedData/ModuleCache.noindex/CoreImage-A7COKGC4YV5NU0VMEB0ZCECK4.pcm /Users/runner/Library/Developer/Xcode/DerivedData/App-bftnsirjgxxrogcvaqjekecjqrkn/Build/Intermediates.noindex/ArchiveIntermediates/App/IntermediateBuildFilesPath/CapacitorLocalNotifications.build/Release-iphoneos/LocalNotificationsPlugin.build/Objects-normal/arm64/LocalNotificationsPlugin-dependencies-1.json (in target 'LocalNotificationsPlugin' from project 'CapacitorLocalNotifications')

CompileSwift normal arm64 (in target 'LocalNotificationsPlugin' from project 'CapacitorLocalNotifications')
    cd /Users/runner/work/focusher-app/focusher-app/ios/App/App.xcodeproj
    

SwiftDriverJobDiscovery normal arm64 Compiling SplashScreen.swift, SplashScreenConfig.swift, SplashScreenPlugin.swift, SplashScreenSettings.swift (in target 'SplashScreenPlugin' from project 'CapacitorSplashScreen')

SwiftDriver\ Compilation\ Requirements SplashScreenPlugin normal arm64 com.apple.xcode.tools.swift.compiler (in target 'SplashScreenPlugin' from project 'CapacitorSplashScreen')
    cd /Users/runner/work/focusher-app/focusher-app/ios/App/App.xcodeproj
    builtin-Swift-Compilation-Requirements -- /Applications/Xcode_26.6.app/Contents/Developer/Toolchains/XcodeDefault.xctoolchain/usr/bin/swiftc -module-name SplashScreenPlugin -O -whole-module-optimization @/Users/runner/Library/Developer/Xcode/DerivedData/App-bftnsirjgxxrogcvaqjekecjqrkn/Build/Intermediates.noindex/ArchiveIntermediates/App/IntermediateBuildFilesPath/CapacitorSplashScreen.build/Release-iphoneos/SplashScreenPlugin.build/Objects-normal/arm64/SplashScreenPlugin.SwiftFileList -DSWIFT_PACKAGE -DSWIFT_MODULE_RESOURCE_BUNDLE_UNAVAILABLE -DXcode -plugin-path /Applications/Xcode_26.6.app/Contents/Developer/Toolchains/XcodeDefault.xctoolchain/usr/lib/swift/host/plugins/testing -enable-experimental-feature DebugDescriptionMacro -sdk /Applications/Xcode_26.6.app/Contents/Developer/Platforms/iPhoneOS.platform/Developer/SDKs/iPhoneOS26.5.sdk -target arm64-apple-ios15.0 -g -module-cache-path /Users/runner/Library/Developer/Xcode/DerivedData/ModuleCache.noindex -Xfrontend -serialize-debugging-options -suppress-warnings -swift-version 5 -I /Users/runner/Library/Developer/Xcode/DerivedData/App-bftnsirjgxxrogcvaqjekecjqrkn/Build/Intermediates.noindex/ArchiveIntermediates/App/BuildProductsPath/Release-iphoneos -Isystem /Applications/Xcode_26.6.app/Contents/Developer/Platforms/iPhoneOS.platform/Developer/usr/lib -F /Users/runner/Library/Developer/Xcode/DerivedData/App-bftnsirjgxxrogcvaqjekecjqrkn/Build/Intermediates.noindex/ArchiveIntermediates/App/BuildProductsPath/Release-iphoneos -F /Applications/Xcode_26.6.app/Contents/Developer/Platforms/iPhoneOS.platform/Developer/Library/Frameworks -F /Applications/Xcode_26.6.app/Contents/Developer/Platforms/iPhoneOS.platform/Developer/SDKs/iPhoneOS26.5.sdk/Developer/Library/Frameworks -c -num-threads 3 -Xcc -ivfsstatcache -Xcc /Users/runner/Library/Developer/Xcode/DerivedData/SDKStatCaches.noindex/iphoneos26.5-23F81a-688ef53f1462e2c8f657fdc38a81448fee66e23052a0157c865c76b268046726.sdkstatcache -output-file-map /Users/runner/Library/Developer/Xcode/DerivedData/App-bftnsirjgxxrogcvaqjekecjqrkn/Build/Intermediates.noindex/ArchiveIntermediates/App/IntermediateBuildFilesPath/CapacitorSplashScreen.build/Release-iphoneos/SplashScreenPlugin.build/Objects-normal/arm64/SplashScreenPlugin-OutputFileMap.json -use-frontend-parseable-output -save-temps -no-color-diagnostics -explicit-module-build -module-cache-path /Users/runner/Library/Developer/Xcode/DerivedData/App-bftnsirjgxxrogcvaqjekecjqrkn/Build/Intermediates.noindex/ArchiveIntermediates/App/IntermediateBuildFilesPath/SwiftExplicitPrecompiledModules -clang-scanner-module-cache-path /Users/runner/Library/Developer/Xcode/DerivedData/ModuleCache.noindex -sdk-module-cache-path /Users/runner/Library/Developer/Xcode/DerivedData/ModuleCache.noindex -serialize-diagnostics -emit-dependencies -emit-module -emit-module-path /Users/runner/Library/Developer/Xcode/DerivedData/App-bftnsirjgxxrogcvaqjekecjqrkn/Build/Intermediates.noindex/ArchiveIntermediates/App/IntermediateBuildFilesPath/CapacitorSplashScreen.build/Release-iphoneos/SplashScreenPlugin.build/Objects-normal/arm64/SplashScreenPlugin.swiftmodule -validate-clang-modules-once -clang-build-session-file /Users/runner/Library/Developer/Xcode/DerivedData/ModuleCache.noindex/Session.modulevalidation -package-name splash_screen -Xcc -I/Users/runner/Library/Developer/Xcode/DerivedData/App-bftnsirjgxxrogcvaqjekecjqrkn/Build/Intermediates.noindex/ArchiveIntermediates/App/IntermediateBuildFilesPath/CapacitorSplashScreen.build/Release-iphoneos/SplashScreenPlugin.build/swift-overrides.hmap -emit-const-values -Xfrontend -const-gather-protocols-file -Xfrontend /Users/runner/Library/Developer/Xcode/DerivedData/App-bftnsirjgxxrogcvaqjekecjqrkn/Build/Intermediates.noindex/ArchiveIntermediates/App/IntermediateBuildFilesPath/CapacitorSplashScreen.build/Release-iphoneos/SplashScreenPlugin.build/Objects-normal/arm64/SplashScreenPlugin_const_extract_protocols.json -Xcc -I/Users/runner/Library/Developer/Xcode/DerivedData/App-bftnsirjgxxrogcvaqjekecjqrkn/Build/Intermediates.noindex/ArchiveIntermediates/App/BuildProductsPath/Release-iphoneos/include -Xcc -I/Users/runner/Library/Developer/Xcode/DerivedData/App-bftnsirjgxxrogcvaqjekecjqrkn/Build/Intermediates.noindex/ArchiveIntermediates/App/IntermediateBuildFilesPath/CapacitorSplashScreen.build/Release-iphoneos/SplashScreenPlugin.build/DerivedSources-normal/arm64 -Xcc -I/Users/runner/Library/Developer/Xcode/DerivedData/App-bftnsirjgxxrogcvaqjekecjqrkn/Build/Intermediates.noindex/ArchiveIntermediates/App/IntermediateBuildFilesPath/CapacitorSplashScreen.build/Release-iphoneos/SplashScreenPlugin.build/DerivedSources/arm64 -Xcc -I/Users/runner/Library/Developer/Xcode/DerivedData/App-bftnsirjgxxrogcvaqjekecjqrkn/Build/Intermediates.noindex/ArchiveIntermediates/App/IntermediateBuildFilesPath/CapacitorSplashScreen.build/Release-iphoneos/SplashScreenPlugin.build/DerivedSources -Xcc -DSWIFT_PACKAGE -emit-objc-header -emit-objc-header-path /Users/runner/Library/Developer/Xcode/DerivedData/App-bftnsirjgxxrogcvaqjekecjqrkn/Build/Intermediates.noindex/ArchiveIntermediates/App/IntermediateBuildFilesPath/CapacitorSplashScreen.build/Release-iphoneos/SplashScreenPlugin.build/Objects-normal/arm64/SplashScreenPlugin-Swift.h -working-directory /Users/runner/work/focusher-app/focusher-app/ios/App/App.xcodeproj -no-emit-module-separately-wmo

SwiftDriverJobDiscovery normal arm64 Compiling StatusBar.swift, StatusBarConfig.swift, StatusBarInfo.swift, StatusBarPlugin.swift, UIColor.swift (in target 'StatusBarPlugin' from project 'CapacitorStatusBar')

SwiftDriver\ Compilation\ Requirements StatusBarPlugin normal arm64 com.apple.xcode.tools.swift.compiler (in target 'StatusBarPlugin' from project 'CapacitorStatusBar')
    cd /Users/runner/work/focusher-app/focusher-app/ios/App/App.xcodeproj
    builtin-Swift-Compilation-Requirements -- /Applications/Xcode_26.6.app/Contents/Developer/Toolchains/XcodeDefault.xctoolchain/usr/bin/swiftc -module-name StatusBarPlugin -O -whole-module-optimization @/Users/runner/Library/Developer/Xcode/DerivedData/App-bftnsirjgxxrogcvaqjekecjqrkn/Build/Intermediates.noindex/ArchiveIntermediates/App/IntermediateBuildFilesPath/CapacitorStatusBar.build/Release-iphoneos/StatusBarPlugin.build/Objects-normal/arm64/StatusBarPlugin.SwiftFileList -DSWIFT_PACKAGE -DSWIFT_MODULE_RESOURCE_BUNDLE_UNAVAILABLE -DXcode -plugin-path /Applications/Xcode_26.6.app/Contents/Developer/Toolchains/XcodeDefault.xctoolchain/usr/lib/swift/host/plugins/testing -enable-experimental-feature DebugDescriptionMacro -sdk /Applications/Xcode_26.6.app/Contents/Developer/Platforms/iPhoneOS.platform/Developer/SDKs/iPhoneOS26.5.sdk -target arm64-apple-ios15.0 -g -module-cache-path /Users/runner/Library/Developer/Xcode/DerivedData/ModuleCache.noindex -Xfrontend -serialize-debugging-options -suppress-warnings -swift-version 5 -I /Users/runner/Library/Developer/Xcode/DerivedData/App-bftnsirjgxxrogcvaqjekecjqrkn/Build/Intermediates.noindex/ArchiveIntermediates/App/BuildProductsPath/Release-iphoneos -Isystem /Applications/Xcode_26.6.app/Contents/Developer/Platforms/iPhoneOS.platform/Developer/usr/lib -F /Users/runner/Library/Developer/Xcode/DerivedData/App-bftnsirjgxxrogcvaqjekecjqrkn/Build/Intermediates.noindex/ArchiveIntermediates/App/BuildProductsPath/Release-iphoneos -F /Applications/Xcode_26.6.app/Contents/Developer/Platforms/iPhoneOS.platform/Developer/Library/Frameworks -F /Applications/Xcode_26.6.app/Contents/Developer/Platforms/iPhoneOS.platform/Developer/SDKs/iPhoneOS26.5.sdk/Developer/Library/Frameworks -c -num-threads 3 -Xcc -ivfsstatcache -Xcc /Users/runner/Library/Developer/Xcode/DerivedData/SDKStatCaches.noindex/iphoneos26.5-23F81a-688ef53f1462e2c8f657fdc38a81448fee66e23052a0157c865c76b268046726.sdkstatcache -output-file-map /Users/runner/Library/Developer/Xcode/DerivedData/App-bftnsirjgxxrogcvaqjekecjqrkn/Build/Intermediates.noindex/ArchiveIntermediates/App/IntermediateBuildFilesPath/CapacitorStatusBar.build/Release-iphoneos/StatusBarPlugin.build/Objects-normal/arm64/StatusBarPlugin-OutputFileMap.json -use-frontend-parseable-output -save-temps -no-color-diagnostics -explicit-module-build -module-cache-path /Users/runner/Library/Developer/Xcode/DerivedData/App-bftnsirjgxxrogcvaqjekecjqrkn/Build/Intermediates.noindex/ArchiveIntermediates/App/IntermediateBuildFilesPath/SwiftExplicitPrecompiledModules -clang-scanner-module-cache-path /Users/runner/Library/Developer/Xcode/DerivedData/ModuleCache.noindex -sdk-module-cache-path /Users/runner/Library/Developer/Xcode/DerivedData/ModuleCache.noindex -serialize-diagnostics -emit-dependencies -emit-module -emit-module-path /Users/runner/Library/Developer/Xcode/DerivedData/App-bftnsirjgxxrogcvaqjekecjqrkn/Build/Intermediates.noindex/ArchiveIntermediates/App/IntermediateBuildFilesPath/CapacitorStatusBar.build/Release-iphoneos/StatusBarPlugin.build/Objects-normal/arm64/StatusBarPlugin.swiftmodule -validate-clang-modules-once -clang-build-session-file /Users/runner/Library/Developer/Xcode/DerivedData/ModuleCache.noindex/Session.modulevalidation -package-name status_bar -Xcc -I/Users/runner/Library/Developer/Xcode/DerivedData/App-bftnsirjgxxrogcvaqjekecjqrkn/Build/Intermediates.noindex/ArchiveIntermediates/App/IntermediateBuildFilesPath/CapacitorStatusBar.build/Release-iphoneos/StatusBarPlugin.build/swift-overrides.hmap -emit-const-values -Xfrontend -const-gather-protocols-file -Xfrontend /Users/runner/Library/Developer/Xcode/DerivedData/App-bftnsirjgxxrogcvaqjekecjqrkn/Build/Intermediates.noindex/ArchiveIntermediates/App/IntermediateBuildFilesPath/CapacitorStatusBar.build/Release-iphoneos/StatusBarPlugin.build/Objects-normal/arm64/StatusBarPlugin_const_extract_protocols.json -Xcc -I/Users/runner/Library/Developer/Xcode/DerivedData/App-bftnsirjgxxrogcvaqjekecjqrkn/Build/Intermediates.noindex/ArchiveIntermediates/App/BuildProductsPath/Release-iphoneos/include -Xcc -I/Users/runner/Library/Developer/Xcode/DerivedData/App-bftnsirjgxxrogcvaqjekecjqrkn/Build/Intermediates.noindex/ArchiveIntermediates/App/IntermediateBuildFilesPath/CapacitorStatusBar.build/Release-iphoneos/StatusBarPlugin.build/DerivedSources-normal/arm64 -Xcc -I/Users/runner/Library/Developer/Xcode/DerivedData/App-bftnsirjgxxrogcvaqjekecjqrkn/Build/Intermediates.noindex/ArchiveIntermediates/App/IntermediateBuildFilesPath/CapacitorStatusBar.build/Release-iphoneos/StatusBarPlugin.build/DerivedSources/arm64 -Xcc -I/Users/runner/Library/Developer/Xcode/DerivedData/App-bftnsirjgxxrogcvaqjekecjqrkn/Build/Intermediates.noindex/ArchiveIntermediates/App/IntermediateBuildFilesPath/CapacitorStatusBar.build/Release-iphoneos/StatusBarPlugin.build/DerivedSources -Xcc -DSWIFT_PACKAGE -emit-objc-header -emit-objc-header-path /Users/runner/Library/Developer/Xcode/DerivedData/App-bftnsirjgxxrogcvaqjekecjqrkn/Build/Intermediates.noindex/ArchiveIntermediates/App/IntermediateBuildFilesPath/CapacitorStatusBar.build/Release-iphoneos/StatusBarPlugin.build/Objects-normal/arm64/StatusBarPlugin-Swift.h -working-directory /Users/runner/work/focusher-app/focusher-app/ios/App/App.xcodeproj -no-emit-module-separately-wmo

SwiftMergeGeneratedHeaders /Users/runner/Library/Developer/Xcode/DerivedData/App-bftnsirjgxxrogcvaqjekecjqrkn/Build/Intermediates.noindex/ArchiveIntermediates/App/IntermediateBuildFilesPath/GeneratedModuleMaps-iphoneos/SplashScreenPlugin-Swift.h /Users/runner/Library/Developer/Xcode/DerivedData/App-bftnsirjgxxrogcvaqjekecjqrkn/Build/Intermediates.noindex/ArchiveIntermediates/App/IntermediateBuildFilesPath/CapacitorSplashScreen.build/Release-iphoneos/SplashScreenPlugin.build/Objects-normal/arm64/SplashScreenPlugin-Swift.h (in target 'SplashScreenPlugin' from project 'CapacitorSplashScreen')
    cd /Users/runner/work/focusher-app/focusher-app/node_modules/@capacitor/splash-screen
    builtin-swiftHeaderTool -arch arm64 /Users/runner/Library/Developer/Xcode/DerivedData/App-bftnsirjgxxrogcvaqjekecjqrkn/Build/Intermediates.noindex/ArchiveIntermediates/App/IntermediateBuildFilesPath/CapacitorSplashScreen.build/Release-iphoneos/SplashScreenPlugin.build/Objects-normal/arm64/SplashScreenPlugin-Swift.h -o /Users/runner/Library/Developer/Xcode/DerivedData/App-bftnsirjgxxrogcvaqjekecjqrkn/Build/Intermediates.noindex/ArchiveIntermediates/App/IntermediateBuildFilesPath/GeneratedModuleMaps-iphoneos/SplashScreenPlugin-Swift.h

SwiftMergeGeneratedHeaders /Users/runner/Library/Developer/Xcode/DerivedData/App-bftnsirjgxxrogcvaqjekecjqrkn/Build/Intermediates.noindex/ArchiveIntermediates/App/IntermediateBuildFilesPath/GeneratedModuleMaps-iphoneos/StatusBarPlugin-Swift.h /Users/runner/Library/Developer/Xcode/DerivedData/App-bftnsirjgxxrogcvaqjekecjqrkn/Build/Intermediates.noindex/ArchiveIntermediates/App/IntermediateBuildFilesPath/CapacitorStatusBar.build/Release-iphoneos/StatusBarPlugin.build/Objects-normal/arm64/StatusBarPlugin-Swift.h (in target 'StatusBarPlugin' from project 'CapacitorStatusBar')
    cd /Users/runner/work/focusher-app/focusher-app/node_modules/@capacitor/status-bar
    builtin-swiftHeaderTool -arch arm64 /Users/runner/Library/Developer/Xcode/DerivedData/App-bftnsirjgxxrogcvaqjekecjqrkn/Build/Intermediates.noindex/ArchiveIntermediates/App/IntermediateBuildFilesPath/CapacitorStatusBar.build/Release-iphoneos/StatusBarPlugin.build/Objects-normal/arm64/StatusBarPlugin-Swift.h -o /Users/runner/Library/Developer/Xcode/DerivedData/App-bftnsirjgxxrogcvaqjekecjqrkn/Build/Intermediates.noindex/ArchiveIntermediates/App/IntermediateBuildFilesPath/GeneratedModuleMaps-iphoneos/StatusBarPlugin-Swift.h

Copy /Users/runner/Library/Developer/Xcode/DerivedData/App-bftnsirjgxxrogcvaqjekecjqrkn/Build/Intermediates.noindex/ArchiveIntermediates/App/BuildProductsPath/Release-iphoneos/StatusBarPlugin.swiftmodule/arm64-apple-ios.swiftmodule /Users/runner/Library/Developer/Xcode/DerivedData/App-bftnsirjgxxrogcvaqjekecjqrkn/Build/Intermediates.noindex/ArchiveIntermediates/App/IntermediateBuildFilesPath/CapacitorStatusBar.build/Release-iphoneos/StatusBarPlugin.build/Objects-normal/arm64/StatusBarPlugin.swiftmodule (in target 'StatusBarPlugin' from project 'CapacitorStatusBar')
    cd /Users/runner/work/focusher-app/focusher-app/node_modules/@capacitor/status-bar
    builtin-copy -exclude .DS_Store -exclude CVS -exclude .svn -exclude .git -exclude .hg -strip-unsigned-binaries -strip-deterministic -strip-tool /Applications/Xcode_26.6.app/Contents/Developer/Toolchains/XcodeDefault.xctoolchain/usr/bin/strip -resolve-src-symlinks -rename /Users/runner/Library/Developer/Xcode/DerivedData/App-bftnsirjgxxrogcvaqjekecjqrkn/Build/Intermediates.noindex/ArchiveIntermediates/App/IntermediateBuildFilesPath/CapacitorStatusBar.build/Release-iphoneos/StatusBarPlugin.build/Objects-normal/arm64/StatusBarPlugin.swiftmodule /Users/runner/Library/Developer/Xcode/DerivedData/App-bftnsirjgxxrogcvaqjekecjqrkn/Build/Intermediates.noindex/ArchiveIntermediates/App/BuildProductsPath/Release-iphoneos/StatusBarPlugin.swiftmodule/arm64-apple-ios.swiftmodule

Copy /Users/runner/Library/Developer/Xcode/DerivedData/App-bftnsirjgxxrogcvaqjekecjqrkn/Build/Intermediates.noindex/ArchiveIntermediates/App/BuildProductsPath/Release-iphoneos/StatusBarPlugin.swiftmodule/arm64-apple-ios.swiftdoc /Users/runner/Library/Developer/Xcode/DerivedData/App-bftnsirjgxxrogcvaqjekecjqrkn/Build/Intermediates.noindex/ArchiveIntermediates/App/IntermediateBuildFilesPath/CapacitorStatusBar.build/Release-iphoneos/StatusBarPlugin.build/Objects-normal/arm64/StatusBarPlugin.swiftdoc (in target 'StatusBarPlugin' from project 'CapacitorStatusBar')
    cd /Users/runner/work/focusher-app/focusher-app/node_modules/@capacitor/status-bar
    builtin-copy -exclude .DS_Store -exclude CVS -exclude .svn -exclude .git -exclude .hg -strip-unsigned-binaries -strip-deterministic -strip-tool /Applications/Xcode_26.6.app/Contents/Developer/Toolchains/XcodeDefault.xctoolchain/usr/bin/strip -resolve-src-symlinks -rename /Users/runner/Library/Developer/Xcode/DerivedData/App-bftnsirjgxxrogcvaqjekecjqrkn/Build/Intermediates.noindex/ArchiveIntermediates/App/IntermediateBuildFilesPath/CapacitorStatusBar.build/Release-iphoneos/StatusBarPlugin.build/Objects-normal/arm64/StatusBarPlugin.swiftdoc /Users/runner/Library/Developer/Xcode/DerivedData/App-bftnsirjgxxrogcvaqjekecjqrkn/Build/Intermediates.noindex/ArchiveIntermediates/App/BuildProductsPath/Release-iphoneos/StatusBarPlugin.swiftmodule/arm64-apple-ios.swiftdoc

Copy /Users/runner/Library/Developer/Xcode/DerivedData/App-bftnsirjgxxrogcvaqjekecjqrkn/Build/Intermediates.noindex/ArchiveIntermediates/App/BuildProductsPath/Release-iphoneos/StatusBarPlugin.swiftmodule/arm64-apple-ios.abi.json /Users/runner/Library/Developer/Xcode/DerivedData/App-bftnsirjgxxrogcvaqjekecjqrkn/Build/Intermediates.noindex/ArchiveIntermediates/App/IntermediateBuildFilesPath/CapacitorStatusBar.build/Release-iphoneos/StatusBarPlugin.build/Objects-normal/arm64/StatusBarPlugin.abi.json (in target 'StatusBarPlugin' from project 'CapacitorStatusBar')
    cd /Users/runner/work/focusher-app/focusher-app/node_modules/@capacitor/status-bar
    builtin-copy -exclude .DS_Store -exclude CVS -exclude .svn -exclude .git -exclude .hg -strip-unsigned-binaries -strip-deterministic -strip-tool /Applications/Xcode_26.6.app/Contents/Developer/Toolchains/XcodeDefault.xctoolchain/usr/bin/strip -resolve-src-symlinks -rename /Users/runner/Library/Developer/Xcode/DerivedData/App-bftnsirjgxxrogcvaqjekecjqrkn/Build/Intermediates.noindex/ArchiveIntermediates/App/IntermediateBuildFilesPath/CapacitorStatusBar.build/Release-iphoneos/StatusBarPlugin.build/Objects-normal/arm64/StatusBarPlugin.abi.json /Users/runner/Library/Developer/Xcode/DerivedData/App-bftnsirjgxxrogcvaqjekecjqrkn/Build/Intermediates.noindex/ArchiveIntermediates/App/BuildProductsPath/Release-iphoneos/StatusBarPlugin.swiftmodule/arm64-apple-ios.abi.json

Copy /Users/runner/Library/Developer/Xcode/DerivedData/App-bftnsirjgxxrogcvaqjekecjqrkn/Build/Intermediates.noindex/ArchiveIntermediates/App/BuildProductsPath/Release-iphoneos/SplashScreenPlugin.swiftmodule/arm64-apple-ios.swiftmodule /Users/runner/Library/Developer/Xcode/DerivedData/App-bftnsirjgxxrogcvaqjekecjqrkn/Build/Intermediates.noindex/ArchiveIntermediates/App/IntermediateBuildFilesPath/CapacitorSplashScreen.build/Release-iphoneos/SplashScreenPlugin.build/Objects-normal/arm64/SplashScreenPlugin.swiftmodule (in target 'SplashScreenPlugin' from project 'CapacitorSplashScreen')
    cd /Users/runner/work/focusher-app/focusher-app/node_modules/@capacitor/splash-screen
    builtin-copy -exclude .DS_Store -exclude CVS -exclude .svn -exclude .git -exclude .hg -strip-unsigned-binaries -strip-deterministic -strip-tool /Applications/Xcode_26.6.app/Contents/Developer/Toolchains/XcodeDefault.xctoolchain/usr/bin/strip -resolve-src-symlinks -rename /Users/runner/Library/Developer/Xcode/DerivedData/App-bftnsirjgxxrogcvaqjekecjqrkn/Build/Intermediates.noindex/ArchiveIntermediates/App/IntermediateBuildFilesPath/CapacitorSplashScreen.build/Release-iphoneos/SplashScreenPlugin.build/Objects-normal/arm64/SplashScreenPlugin.swiftmodule /Users/runner/Library/Developer/Xcode/DerivedData/App-bftnsirjgxxrogcvaqjekecjqrkn/Build/Intermediates.noindex/ArchiveIntermediates/App/BuildProductsPath/Release-iphoneos/SplashScreenPlugin.swiftmodule/arm64-apple-ios.swiftmodule

Copy /Users/runner/Library/Developer/Xcode/DerivedData/App-bftnsirjgxxrogcvaqjekecjqrkn/Build/Intermediates.noindex/ArchiveIntermediates/App/BuildProductsPath/Release-iphoneos/SplashScreenPlugin.swiftmodule/arm64-apple-ios.swiftdoc /Users/runner/Library/Developer/Xcode/DerivedData/App-bftnsirjgxxrogcvaqjekecjqrkn/Build/Intermediates.noindex/ArchiveIntermediates/App/IntermediateBuildFilesPath/CapacitorSplashScreen.build/Release-iphoneos/SplashScreenPlugin.build/Objects-normal/arm64/SplashScreenPlugin.swiftdoc (in target 'SplashScreenPlugin' from project 'CapacitorSplashScreen')
    cd /Users/runner/work/focusher-app/focusher-app/node_modules/@capacitor/splash-screen
    builtin-copy -exclude .DS_Store -exclude CVS -exclude .svn -exclude .git -exclude .hg -strip-unsigned-binaries -strip-deterministic -strip-tool /Applications/Xcode_26.6.app/Contents/Developer/Toolchains/XcodeDefault.xctoolchain/usr/bin/strip -resolve-src-symlinks -rename /Users/runner/Library/Developer/Xcode/DerivedData/App-bftnsirjgxxrogcvaqjekecjqrkn/Build/Intermediates.noindex/ArchiveIntermediates/App/IntermediateBuildFilesPath/CapacitorSplashScreen.build/Release-iphoneos/SplashScreenPlugin.build/Objects-normal/arm64/SplashScreenPlugin.swiftdoc /Users/runner/Library/Developer/Xcode/DerivedData/App-bftnsirjgxxrogcvaqjekecjqrkn/Build/Intermediates.noindex/ArchiveIntermediates/App/BuildProductsPath/Release-iphoneos/SplashScreenPlugin.swiftmodule/arm64-apple-ios.swiftdoc

Copy /Users/runner/Library/Developer/Xcode/DerivedData/App-bftnsirjgxxrogcvaqjekecjqrkn/Build/Intermediates.noindex/ArchiveIntermediates/App/BuildProductsPath/Release-iphoneos/SplashScreenPlugin.swiftmodule/arm64-apple-ios.abi.json /Users/runner/Library/Developer/Xcode/DerivedData/App-bftnsirjgxxrogcvaqjekecjqrkn/Build/Intermediates.noindex/ArchiveIntermediates/App/IntermediateBuildFilesPath/CapacitorSplashScreen.build/Release-iphoneos/SplashScreenPlugin.build/Objects-normal/arm64/SplashScreenPlugin.abi.json (in target 'SplashScreenPlugin' from project 'CapacitorSplashScreen')
    cd /Users/runner/work/focusher-app/focusher-app/node_modules/@capacitor/splash-screen
    builtin-copy -exclude .DS_Store -exclude CVS -exclude .svn -exclude .git -exclude .hg -strip-unsigned-binaries -strip-deterministic -strip-tool /Applications/Xcode_26.6.app/Contents/Developer/Toolchains/XcodeDefault.xctoolchain/usr/bin/strip -resolve-src-symlinks -rename /Users/runner/Library/Developer/Xcode/DerivedData/App-bftnsirjgxxrogcvaqjekecjqrkn/Build/Intermediates.noindex/ArchiveIntermediates/App/IntermediateBuildFilesPath/CapacitorSplashScreen.build/Release-iphoneos/SplashScreenPlugin.build/Objects-normal/arm64/SplashScreenPlugin.abi.json /Users/runner/Library/Developer/Xcode/DerivedData/App-bftnsirjgxxrogcvaqjekecjqrkn/Build/Intermediates.noindex/ArchiveIntermediates/App/BuildProductsPath/Release-iphoneos/SplashScreenPlugin.swiftmodule/arm64-apple-ios.abi.json

SwiftCompile normal arm64 Compiling\ AppPlugin.swift /Users/runner/work/focusher-app/focusher-app/node_modules/@capacitor/app/ios/Sources/AppPlugin/AppPlugin.swift /Applications/Xcode_26.6.app/Contents/Developer/Toolchains/XcodeDefault.xctoolchain/usr/lib/swift/iphoneos/prebuilt-modules/26.5/simd.swiftmodule/arm64e-apple-ios.swiftmodule /Applications/Xcode_26.6.app/Contents/Developer/Toolchains/XcodeDefault.xctoolchain/usr/lib/swift/iphoneos/prebuilt-modules/26.5/Observation.swiftmodule/arm64e-apple-ios.swiftmodule /Applications/Xcode_26.6.app/Contents/Developer/Toolchains/XcodeDefault.xctoolchain/usr/lib/swift/iphoneos/prebuilt-modules/26.5/UniformTypeIdentifiers.swiftmodule/arm64e-apple-ios.swiftmodule /Applications/Xcode_26.6.app/Contents/Developer/Toolchains/XcodeDefault.xctoolchain/usr/lib/swift/iphoneos/prebuilt-modules/26.5/Combine.swiftmodule/arm64e-apple-ios.swiftmodule /Applications/Xcode_26.6.app/Contents/Developer/Toolchains/XcodeDefault.xctoolchain/usr/lib/swift/iphoneos/prebuilt-modules/26.5/UIKit.swiftmodule/arm64e-apple-ios.swiftmodule /Users/runner/Library/Developer/Xcode/DerivedData/App-bftnsirjgxxrogcvaqjekecjqrkn/Build/Intermediates.noindex/ArchiveIntermediates/App/IntermediateBuildFilesPath/SwiftExplicitPrecompiledModules/Capacitor-14SA51AAWED35.swiftmodule /Applications/Xcode_26.6.app/Contents/Developer/Toolchains/XcodeDefault.xctoolchain/usr/lib/swift/iphoneos/prebuilt-modules/26.5/Swift.swiftmodule/arm64e-apple-ios.swiftmodule /Applications/Xcode_26.6.app/Contents/Developer/Toolchains/XcodeDefault.xctoolchain/usr/lib/swift/iphoneos/prebuilt-modules/26.5/XPC.swiftmodule/arm64e-apple-ios.swiftmodule /Applications/Xcode_26.6.app/Contents/Developer/Toolchains/XcodeDefault.xctoolchain/usr/lib/swift/iphoneos/prebuilt-modules/26.5/WebKit.swiftmodule/arm64e-apple-ios.swiftmodule /Applications/Xcode_26.6.app/Contents/Developer/Toolchains/XcodeDefault.xctoolchain/usr/lib/swift/iphoneos/prebuilt-modules/26.5/_DarwinFoundation2.swiftmodule/arm64e-apple-ios.swiftmodule /Applications/Xcode_26.6.app/Contents/Developer/Toolchains/XcodeDefault.xctoolchain/usr/lib/swift/iphoneos/prebuilt-modules/26.5/FileProvider.swiftmodule/arm64e-apple-ios.swiftmodule /Applications/Xcode_26.6.app/Contents/Developer/Toolchains/XcodeDefault.xctoolchain/usr/lib/swift/iphoneos/prebuilt-modules/26.5/_Builtin_float.swiftmodule/arm64e-apple-ios.swiftmodule /Applications/Xcode_26.6.app/Contents/Developer/Toolchains/XcodeDefault.xctoolchain/usr/lib/swift/iphoneos/prebuilt-modules/26.5/Foundation.swiftmodule/arm64e-apple-ios.swiftmodule /Applications/Xcode_26.6.app/Contents/Developer/Toolchains/XcodeDefault.xctoolchain/usr/lib/swift/iphoneos/prebuilt-modules/26.5/Metal.swiftmodule/arm64e-apple-ios.swiftmodule /Applications/Xcode_26.6.app/Contents/Developer/Toolchains/XcodeDefault.xctoolchain/usr/lib/swift/iphoneos/prebuilt-modules/26.5/DeveloperToolsSupport.swiftmodule/arm64e-apple-ios.swiftmodule /Applications/Xcode_26.6.app/Contents/Developer/Toolchains/XcodeDefault.xctoolchain/usr/lib/swift/iphoneos/prebuilt-modules/26.5/Dispatch.swiftmodule/arm64e-apple-ios.swiftmodule /Applications/Xcode_26.6.app/Contents/Developer/Toolchains/XcodeDefault.xctoolchain/usr/lib/swift/iphoneos/prebuilt-modules/26.5/_Concurrency.swiftmodule/arm64e-apple-ios.swiftmodule /Applications/Xcode_26.6.app/Contents/Developer/Toolchains/XcodeDefault.xctoolchain/usr/lib/swift/iphoneos/prebuilt-modules/26.5/Darwin.swiftmodule/arm64e-apple-ios.swiftmodule /Applications/Xcode_26.6.app/Contents/Developer/Toolchains/XcodeDefault.xctoolchain/usr/lib/swift/iphoneos/prebuilt-modules/26.5/QuartzCore.swiftmodule/arm64e-apple-ios.swiftmodule /Applications/Xcode_26.6.app/Contents/Developer/Toolchains/XcodeDefault.xctoolchain/usr/lib/swift/iphoneos/prebuilt-modules/26.5/ObjectiveC.swiftmodule/arm64e-apple-ios.swiftmodule /Applications/Xcode_26.6.app/Contents/Developer/Toolchains/XcodeDefault.xctoolchain/usr/lib/swift/iphoneos/prebuilt-modules/26.5/Accessibility.swiftmodule/arm64e-apple-ios.swiftmodule /Applications/Xcode_26.6.app/Contents/Developer/Toolchains/XcodeDefault.xctoolchain/usr/lib/swift/iphoneos/prebuilt-modules/26.5/CoreTransferable.swiftmodule/arm64e-apple-ios.swiftmodule /Applications/Xcode_26.6.app/Contents/Developer/Toolchains/XcodeDefault.xctoolchain/usr/lib/swift/iphoneos/prebuilt-modules/26.5/OSLog.swiftmodule/arm64e-apple-ios.swiftmodule /Applications/Xcode_26.6.app/Contents/Developer/Toolchains/XcodeDefault.xctoolchain/usr/lib/swift/iphoneos/prebuilt-modules/26.5/SwiftUICore.swiftmodule/arm64e-apple-ios.swiftmodule /Applications/Xcode_26.6.app/Contents/Developer/Toolchains/XcodeDefault.xctoolchain/usr/lib/swift/iphoneos/prebuilt-modules/26.5/System.swiftmodule/arm64e-apple-ios.swiftmodule /Applications/Xcode_26.6.app/Contents/Developer/Toolchains/XcodeDefault.xctoolchain/usr/lib/swift/iphoneos/prebuilt-modules/26.5/CoreText.swiftmodule/arm64e-apple-ios.swiftmodule /Applications/Xcode_26.6.app/Contents/Developer/Toolchains/XcodeDefault.xctoolchain/usr/lib/swift/iphoneos/prebuilt-modules/26.5/_DarwinFoundation3.swiftmodule/arm64e-apple-ios.swiftmodule /Applications/Xcode_26.6.app/Contents/Developer/Toolchains/XcodeDefault.xctoolchain/usr/lib/swift/iphoneos/prebuilt-modules/26.5/_DarwinFoundation1.swiftmodule/arm64e-apple-ios.swiftmodule /Applications/Xcode_26.6.app/Contents/Developer/Toolchains/XcodeDefault.xctoolchain/usr/lib/swift/iphoneos/prebuilt-modules/26.5/Distributed.swiftmodule/arm64e-apple-ios.swiftmodule /Applications/Xcode_26.6.app/Contents/Developer/Toolchains/XcodeDefault.xctoolchain/usr/lib/swift/iphoneos/prebuilt-modules/26.5/Spatial.swiftmodule/arm64e-apple-ios.swiftmodule /Applications/Xcode_26.6.app/Contents/Developer/Toolchains/XcodeDefault.xctoolchain/usr/lib/swift/iphoneos/prebuilt-modules/26.5/Network.swiftmodule/arm64e-apple-ios.swiftmodule /Applications/Xcode_26.6.app/Contents/Developer/Toolchains/XcodeDefault.xctoolchain/usr/lib/swift/iphoneos/prebuilt-modules/26.5/DataDetection.swiftmodule/arm64e-apple-ios.swiftmodule /Applications/Xcode_26.6.app/Contents/Developer/Toolchains/XcodeDefault.xctoolchain/usr/lib/swift/iphoneos/prebuilt-modules/26.5/CoreImage.swiftmodule/arm64e-apple-ios.swiftmodule /Applications/Xcode_26.6.app/Contents/Developer/Toolchains/XcodeDefault.xctoolchain/usr/lib/swift/iphoneos/prebuilt-modules/26.5/CoreFoundation.swiftmodule/arm64e-apple-ios.swiftmodule /Applications/Xcode_26.6.app/Contents/Developer/Toolchains/XcodeDefault.xctoolchain/usr/lib/swift/iphoneos/prebuilt-modules/26.5/CoreGraphics.swiftmodule/arm64e-apple-ios.swiftmodule /Applications/Xcode_26.6.app/Contents/Developer/Toolchains/XcodeDefault.xctoolchain/usr/lib/swift/iphoneos/prebuilt-modules/26.5/CoreVideo.swiftmodule/arm64e-apple-ios.swiftmodule /Applications/Xcode_26.6.app/Contents/Developer/Toolchains/XcodeDefault.xctoolchain/usr/lib/swift/iphoneos/prebuilt-modules/26.5/os.swiftmodule/arm64e-apple-ios.swiftmodule /Applications/Xcode_26.6.app/Contents/Developer/Toolchains/XcodeDefault.xctoolchain/usr/lib/swift/iphoneos/prebuilt-modules/26.5/_StringProcessing.swiftmodule/arm64e-apple-ios.swiftmodule /Applications/Xcode_26.6.app/Contents/Developer/Toolchains/XcodeDefault.xctoolchain/usr/lib/swift/iphoneos/prebuilt-modules/26.5/Symbols.swiftmodule/arm64e-apple-ios.swiftmodule /Users/runner/Library/Developer/Xcode/DerivedData/ModuleCache.noindex/_Builtin_stdbool-77FQHXEDHJJ5LR78OJZFL3ESV.pcm /Users/runner/Library/Developer/Xcode/DerivedData/ModuleCache.noindex/Spatial-4LZYHS7445WDR47UCVNCXV4LK.pcm /Users/runner/Library/Developer/Xcode/DerivedData/ModuleCache.noindex/ObjectiveC-3CV5H2N98APNDCIC5G1BTGC4R.pcm /Users/runner/Library/Developer/Xcode/DerivedData/ModuleCache.noindex/_Builtin_stdint-615ELPXO79BLW33W9285OFC4J.pcm /Users/runner/Library/Developer/Xcode/DerivedData/ModuleCache.noindex/Metal-HCUB9N8XKGZLDTP6IOLKFZP8.pcm /Users/runner/Library/Developer/Xcode/DerivedData/ModuleCache.noindex/_Builtin_stdarg-4LSG676VX6ZX2XHZ6XO9V8K9F.pcm /Users/runner/Library/Developer/Xcode/DerivedData/ModuleCache.noindex/CommonCrypto-17JW9JFUJQ7P2409AFM281G2O.pcm /Users/runner/Library/Developer/Xcode/DerivedData/ModuleCache.noindex/_Builtin_intrinsics-DMARYMBXXGZM0Q38TZZMOQW8D.pcm /Users/runner/Library/Developer/Xcode/DerivedData/ModuleCache.noindex/CFNetwork-1FN5YXNMQBAKI9HNEB7TSXT6J.pcm /Users/runner/Library/Developer/Xcode/DerivedData/ModuleCache.noindex/_DarwinFoundation3-ELTV2I42SPSDMPAUN6R858CGP.pcm /Users/runner/Library/Developer/Xcode/DerivedData/ModuleCache.noindex/UIKit-9PXRQO9029TZGQ4N5I4YN6IVY.pcm /Users/runner/Library/Developer/Xcode/DerivedData/ModuleCache.noindex/WebKit-E3DT07FQEAZ75A43FYNDQBMBR.pcm /Users/runner/Library/Developer/Xcode/DerivedData/ModuleCache.noindex/XPC-4OI848FPRQOOYJFA96XIRFLWJ.pcm /Users/runner/Library/Developer/Xcode/DerivedData/ModuleCache.noindex/Foundation-4SECALFMSRMLBHX5HU0S5AKYC.pcm /Users/runner/Library/Developer/Xcode/DerivedData/ModuleCache.noindex/DataDetection-3JFDP59CLYBUOZPG51OKN8CZ8.pcm /Users/runner/Library/Developer/Xcode/DerivedData/ModuleCache.noindex/SwiftUICore-7CJ5QMFTX3QZ4QAJ0PIGDU3PL.pcm /Users/runner/Library/Developer/Xcode/DerivedData/ModuleCache.noindex/Darwin-65WM8VPK397D97H068127QY5O.pcm /Users/runner/Library/Developer/Xcode/DerivedData/ModuleCache.noindex/OSLog-3LKE53LPWMO6H3RX65KD10VXD.pcm /Users/runner/Library/Developer/Xcode/DerivedData/ModuleCache.noindex/_Builtin_inttypes-24MMY0B1C8U8SGX8SA5DOMH7E.pcm /Users/runner/Library/Developer/Xcode/DerivedData/ModuleCache.noindex/os_workgroup-CE7977O20A383DSAPAP1MHRRB.pcm /Users/runner/Library/Developer/Xcode/DerivedData/ModuleCache.noindex/Dispatch-3DQCX18X5AV2BIOD4WCYNOK4G.pcm /Users/runner/Library/Developer/Xcode/DerivedData/ModuleCache.noindex/OpenGLES-DVROR9QJV8Z7I8PACD8BZ1A4Q.pcm /Users/runner/Library/Developer/Xcode/DerivedData/ModuleCache.noindex/SwiftShims-726JJO2L9PNSQ7U4XETGG7EE9.pcm /Users/runner/Library/Developer/Xcode/DerivedData/ModuleCache.noindex/_Builtin_stddef-EZS4ZNRM8Q2C78X23DUBCD7YH.pcm /Users/runner/Library/Developer/Xcode/DerivedData/ModuleCache.noindex/_SwiftConcurrencyShims-72MI7WHN08305D73FERVYXX8Q.pcm /Users/runner/Library/Developer/Xcode/DerivedData/ModuleCache.noindex/CoreVideo-3KSE89SSHYYL2OO5C1552Z1I5.pcm /Users/runner/Library/Developer/Xcode/DerivedData/ModuleCache.noindex/os_object-D2LOHRIYDFC0AOQ4FJSAJFW40.pcm /Users/runner/Library/Developer/Xcode/DerivedData/ModuleCache.noindex/DeveloperToolsSupport-8NJPN9L3GNG0ZV6Z3A51ZLRAU.pcm /Users/runner/Library/Developer/Xcode/DerivedData/ModuleCache.noindex/ptrauth-E1M8RH4XGX41AS9L3T48B2VC8.pcm /Users/runner/Library/Developer/Xcode/DerivedData/ModuleCache.noindex/CoreText-EKXNGX9U3WB0W213YT81IPTTA.pcm /Users/runner/Library/Developer/Xcode/DerivedData/ModuleCache.noindex/Security-52QF9RH27YX0RP9EB9DW6J6ER.pcm /Users/runner/Library/Developer/Xcode/DerivedData/ModuleCache.noindex/ptrcheck-CPFBHC98T0YO5BMJL4XPQ5DVJ.pcm /Users/runner/Library/Developer/Xcode/DerivedData/ModuleCache.noindex/CoreFoundation-7Z67H59FM1XPURJ1CATKTTWEG.pcm /Users/runner/Library/Developer/Xcode/DerivedData/ModuleCache.noindex/CoreGraphics-E6KVS2MH59D16Y6Z4W5D2915I.pcm /Users/runner/Library/Developer/Xcode/DerivedData/ModuleCache.noindex/QuartzCore-1W4XAS1YQFN77V3MR3MCLUE2C.pcm /Users/runner/Library/Developer/Xcode/DerivedData/ModuleCache.noindex/_DarwinFoundation1-D0HH3AJXTD7OKMTUR2FXWNRVQ.pcm /Users/runner/Library/Developer/Xcode/DerivedData/ModuleCache.noindex/_Builtin_tgmath-58640SAGBG6W1YPPM9JZXQVEU.pcm /Users/runner/Library/Developer/Xcode/DerivedData/ModuleCache.noindex/Symbols-EU19KAZCK6D0C0JUPLFLKQ44.pcm /Users/runner/Library/Developer/Xcode/DerivedData/ModuleCache.noindex/Accessibility-8L79PBU03IZEOH3MTKHZ8UL62.pcm /Users/runner/Library/Developer/Xcode/DerivedData/ModuleCache.noindex/CoreTransferable-3XRVZEHLPIIRBE6PY29E51B33.pcm /Users/runner/Library/Developer/Xcode/DerivedData/ModuleCache.noindex/_DarwinFoundation2-EXJBHLC8V2ZY8CF0BNQD97LYN.pcm /Users/runner/Library/Developer/Xcode/DerivedData/ModuleCache.noindex/UserNotifications-4CI6U0ZJSF5P11DSTZ74WB7AZ.pcm /Users/runner/Library/Developer/Xcode/DerivedData/ModuleCache.noindex/MachO-109XEX11H094BQ4HDI8OAV3Q9.pcm /Users/runner/Library/Developer/Xcode/DerivedData/ModuleCache.noindex/UniformTypeIdentifiers-98UT9EI3UE4T4KR1IVKI9PEEY.pcm /Users/runner/Library/Developer/Xcode/DerivedData/ModuleCache.noindex/ImageIO-8T1BF1U3WSYVC4FGIG8BKZALR.pcm /Users/runner/Library/Developer/Xcode/DerivedData/ModuleCache.noindex/_Builtin_limits-8GAG1SMFSA3JGYHE8DFCLSKBW.pcm /Users/runner/Library/Developer/Xcode/DerivedData/ModuleCache.noindex/IOSurface-A3169492JTUXYFMDUBIK6M1PI.pcm /Users/runner/Library/Developer/Xcode/DerivedData/ModuleCache.noindex/sys_types-PD12HKBGCS7I3OBLUYFEM91I.pcm /Users/runner/Library/Developer/Xcode/DerivedData/ModuleCache.noindex/Network-AH1M9CXUE9NSZDTPO6HUMKPVT.pcm /Users/runner/Library/Developer/Xcode/DerivedData/App-bftnsirjgxxrogcvaqjekecjqrkn/Build/Intermediates.noindex/ArchiveIntermediates/App/IntermediateBuildFilesPath/SwiftExplicitPrecompiledModules/Cordova-A1Y5FVSTBCE1RXQ7OWOB9W810.pcm /Users/runner/Library/Developer/Xcode/DerivedData/ModuleCache.noindex/UIUtilities-DTDJI55PSJU07N62AGXQU6X65.pcm /Users/runner/Library/Developer/Xcode/DerivedData/ModuleCache.noindex/FileProvider-DDJELMV59NVB1DQIBYVTN8HBP.pcm /Users/runner/Library/Developer/Xcode/DerivedData/ModuleCache.noindex/os-BCLGSKCD5L8ZIIKRL1OO8DAB2.pcm /Users/runner/Library/Developer/Xcode/DerivedData/App-bftnsirjgxxrogcvaqjekecjqrkn/Build/Intermediates.noindex/ArchiveIntermediates/App/IntermediateBuildFilesPath/SwiftExplicitPrecompiledModules/Capacitor-MD5BZ824T8XTNDLUB45YVXO4.pcm /Users/runner/Library/Developer/Xcode/DerivedData/ModuleCache.noindex/_Builtin_float-C2XYXATN22CCJKOBJXFM515SB.pcm /Users/runner/Library/Developer/Xcode/DerivedData/ModuleCache.noindex/dnssd-AX9E8QINWOJ0ZAS78Q423EC2O.pcm /Users/runner/Library/Developer/Xcode/DerivedData/ModuleCache.noindex/_AvailabilityInternal-6LVX40WLXKF2N0RR7RLLLI88G.pcm /Users/runner/Library/Developer/Xcode/DerivedData/ModuleCache.noindex/_Builtin_stdatomic-7ICCR1EERZQRTCK8DK4OCZGDS.pcm /Users/runner/Library/Developer/Xcode/DerivedData/ModuleCache.noindex/simd-C8R11QAJSWUI0SDV4H8N1AJPA.pcm /Users/runner/Library/Developer/Xcode/DerivedData/ModuleCache.noindex/CoreImage-A7COKGC4YV5NU0VMEB0ZCECK4.pcm /Users/runner/Library/Developer/Xcode/DerivedData/App-bftnsirjgxxrogcvaqjekecjqrkn/Build/Intermediates.noindex/ArchiveIntermediates/App/IntermediateBuildFilesPath/CapacitorApp.build/Release-iphoneos/AppPlugin.build/Objects-normal/arm64/AppPlugin-dependencies-1.json (in target 'AppPlugin' from project 'CapacitorApp')

SwiftCompile normal arm64 /Users/runner/work/focusher-app/focusher-app/node_modules/@capacitor/app/ios/Sources/AppPlugin/AppPlugin.swift (in target 'AppPlugin' from project 'CapacitorApp')
    cd /Users/runner/work/focusher-app/focusher-app/ios/App/App.xcodeproj
    

SwiftDriverJobDiscovery normal arm64 Compiling AppPlugin.swift (in target 'AppPlugin' from project 'CapacitorApp')

SwiftDriver\ Compilation\ Requirements AppPlugin normal arm64 com.apple.xcode.tools.swift.compiler (in target 'AppPlugin' from project 'CapacitorApp')
    cd /Users/runner/work/focusher-app/focusher-app/ios/App/App.xcodeproj
    builtin-Swift-Compilation-Requirements -- /Applications/Xcode_26.6.app/Contents/Developer/Toolchains/XcodeDefault.xctoolchain/usr/bin/swiftc -module-name AppPlugin -O -whole-module-optimization @/Users/runner/Library/Developer/Xcode/DerivedData/App-bftnsirjgxxrogcvaqjekecjqrkn/Build/Intermediates.noindex/ArchiveIntermediates/App/IntermediateBuildFilesPath/CapacitorApp.build/Release-iphoneos/AppPlugin.build/Objects-normal/arm64/AppPlugin.SwiftFileList -DSWIFT_PACKAGE -DSWIFT_MODULE_RESOURCE_BUNDLE_UNAVAILABLE -DXcode -plugin-path /Applications/Xcode_26.6.app/Contents/Developer/Toolchains/XcodeDefault.xctoolchain/usr/lib/swift/host/plugins/testing -enable-experimental-feature DebugDescriptionMacro -sdk /Applications/Xcode_26.6.app/Contents/Developer/Platforms/iPhoneOS.platform/Developer/SDKs/iPhoneOS26.5.sdk -target arm64-apple-ios15.0 -g -module-cache-path /Users/runner/Library/Developer/Xcode/DerivedData/ModuleCache.noindex -Xfrontend -serialize-debugging-options -suppress-warnings -swift-version 5 -I /Users/runner/Library/Developer/Xcode/DerivedData/App-bftnsirjgxxrogcvaqjekecjqrkn/Build/Intermediates.noindex/ArchiveIntermediates/App/BuildProductsPath/Release-iphoneos -Isystem /Applications/Xcode_26.6.app/Contents/Developer/Platforms/iPhoneOS.platform/Developer/usr/lib -F /Users/runner/Library/Developer/Xcode/DerivedData/App-bftnsirjgxxrogcvaqjekecjqrkn/Build/Intermediates.noindex/ArchiveIntermediates/App/BuildProductsPath/Release-iphoneos -F /Applications/Xcode_26.6.app/Contents/Developer/Platforms/iPhoneOS.platform/Developer/Library/Frameworks -F /Applications/Xcode_26.6.app/Contents/Developer/Platforms/iPhoneOS.platform/Developer/SDKs/iPhoneOS26.5.sdk/Developer/Library/Frameworks -parse-as-library -c -num-threads 3 -Xcc -ivfsstatcache -Xcc /Users/runner/Library/Developer/Xcode/DerivedData/SDKStatCaches.noindex/iphoneos26.5-23F81a-688ef53f1462e2c8f657fdc38a81448fee66e23052a0157c865c76b268046726.sdkstatcache -output-file-map /Users/runner/Library/Developer/Xcode/DerivedData/App-bftnsirjgxxrogcvaqjekecjqrkn/Build/Intermediates.noindex/ArchiveIntermediates/App/IntermediateBuildFilesPath/CapacitorApp.build/Release-iphoneos/AppPlugin.build/Objects-normal/arm64/AppPlugin-OutputFileMap.json -use-frontend-parseable-output -save-temps -no-color-diagnostics -explicit-module-build -module-cache-path /Users/runner/Library/Developer/Xcode/DerivedData/App-bftnsirjgxxrogcvaqjekecjqrkn/Build/Intermediates.noindex/ArchiveIntermediates/App/IntermediateBuildFilesPath/SwiftExplicitPrecompiledModules -clang-scanner-module-cache-path /Users/runner/Library/Developer/Xcode/DerivedData/ModuleCache.noindex -sdk-module-cache-path /Users/runner/Library/Developer/Xcode/DerivedData/ModuleCache.noindex -serialize-diagnostics -emit-dependencies -emit-module -emit-module-path /Users/runner/Library/Developer/Xcode/DerivedData/App-bftnsirjgxxrogcvaqjekecjqrkn/Build/Intermediates.noindex/ArchiveIntermediates/App/IntermediateBuildFilesPath/CapacitorApp.build/Release-iphoneos/AppPlugin.build/Objects-normal/arm64/AppPlugin.swiftmodule -validate-clang-modules-once -clang-build-session-file /Users/runner/Library/Developer/Xcode/DerivedData/ModuleCache.noindex/Session.modulevalidation -package-name app -Xcc -I/Users/runner/Library/Developer/Xcode/DerivedData/App-bftnsirjgxxrogcvaqjekecjqrkn/Build/Intermediates.noindex/ArchiveIntermediates/App/IntermediateBuildFilesPath/CapacitorApp.build/Release-iphoneos/AppPlugin.build/swift-overrides.hmap -emit-const-values -Xfrontend -const-gather-protocols-file -Xfrontend /Users/runner/Library/Developer/Xcode/DerivedData/App-bftnsirjgxxrogcvaqjekecjqrkn/Build/Intermediates.noindex/ArchiveIntermediates/App/IntermediateBuildFilesPath/CapacitorApp.build/Release-iphoneos/AppPlugin.build/Objects-normal/arm64/AppPlugin_const_extract_protocols.json -Xcc -I/Users/runner/Library/Developer/Xcode/DerivedData/App-bftnsirjgxxrogcvaqjekecjqrkn/Build/Intermediates.noindex/ArchiveIntermediates/App/BuildProductsPath/Release-iphoneos/include -Xcc -I/Users/runner/Library/Developer/Xcode/DerivedData/App-bftnsirjgxxrogcvaqjekecjqrkn/Build/Intermediates.noindex/ArchiveIntermediates/App/IntermediateBuildFilesPath/CapacitorApp.build/Release-iphoneos/AppPlugin.build/DerivedSources-normal/arm64 -Xcc -I/Users/runner/Library/Developer/Xcode/DerivedData/App-bftnsirjgxxrogcvaqjekecjqrkn/Build/Intermediates.noindex/ArchiveIntermediates/App/IntermediateBuildFilesPath/CapacitorApp.build/Release-iphoneos/AppPlugin.build/DerivedSources/arm64 -Xcc -I/Users/runner/Library/Developer/Xcode/DerivedData/App-bftnsirjgxxrogcvaqjekecjqrkn/Build/Intermediates.noindex/ArchiveIntermediates/App/IntermediateBuildFilesPath/CapacitorApp.build/Release-iphoneos/AppPlugin.build/DerivedSources -Xcc -DSWIFT_PACKAGE -emit-objc-header -emit-objc-header-path /Users/runner/Library/Developer/Xcode/DerivedData/App-bftnsirjgxxrogcvaqjekecjqrkn/Build/Intermediates.noindex/ArchiveIntermediates/App/IntermediateBuildFilesPath/CapacitorApp.build/Release-iphoneos/AppPlugin.build/Objects-normal/arm64/AppPlugin-Swift.h -working-directory /Users/runner/work/focusher-app/focusher-app/ios/App/App.xcodeproj -no-emit-module-separately-wmo

Ld /Users/runner/Library/Developer/Xcode/DerivedData/App-bftnsirjgxxrogcvaqjekecjqrkn/Build/Intermediates.noindex/ArchiveIntermediates/App/IntermediateBuildFilesPath/UninstalledProducts/iphoneos/StatusBarPlugin.o normal (in target 'StatusBarPlugin' from project 'CapacitorStatusBar')
    cd /Users/runner/work/focusher-app/focusher-app/node_modules/@capacitor/status-bar
    /Applications/Xcode_26.6.app/Contents/Developer/Toolchains/XcodeDefault.xctoolchain/usr/bin/clang -Xlinker -reproducible -target arm64-apple-ios15.0 -r -isysroot /Applications/Xcode_26.6.app/Contents/Developer/Platforms/iPhoneOS.platform/Developer/SDKs/iPhoneOS26.5.sdk -Os -w -F/Users/runner/Library/Developer/Xcode/DerivedData/App-bftnsirjgxxrogcvaqjekecjqrkn/Build/Intermediates.noindex/ArchiveIntermediates/App/IntermediateBuildFilesPath/EagerLinkingTBDs/Release-iphoneos -F/Users/runner/Library/Developer/Xcode/DerivedData/App-bftnsirjgxxrogcvaqjekecjqrkn/Build/Intermediates.noindex/ArchiveIntermediates/App/BuildProductsPath/Release-iphoneos -iframework /Applications/Xcode_26.6.app/Contents/Developer/Platforms/iPhoneOS.platform/Developer/Library/Frameworks -iframework /Applications/Xcode_26.6.app/Contents/Developer/Platforms/iPhoneOS.platform/Developer/SDKs/iPhoneOS26.5.sdk/Developer/Library/Frameworks -filelist /Users/runner/Library/Developer/Xcode/DerivedData/App-bftnsirjgxxrogcvaqjekecjqrkn/Build/Intermediates.noindex/ArchiveIntermediates/App/IntermediateBuildFilesPath/CapacitorStatusBar.build/Release-iphoneos/StatusBarPlugin.build/Objects-normal/arm64/StatusBarPlugin.LinkFileList -nostdlib -Xlinker -object_path_lto -Xlinker /Users/runner/Library/Developer/Xcode/DerivedData/App-bftnsirjgxxrogcvaqjekecjqrkn/Build/Intermediates.noindex/ArchiveIntermediates/App/IntermediateBuildFilesPath/CapacitorStatusBar.build/Release-iphoneos/StatusBarPlugin.build/Objects-normal/arm64/StatusBarPlugin_lto.o -Xlinker -dependency_info -Xlinker /Users/runner/Library/Developer/Xcode/DerivedData/App-bftnsirjgxxrogcvaqjekecjqrkn/Build/Intermediates.noindex/ArchiveIntermediates/App/IntermediateBuildFilesPath/CapacitorStatusBar.build/Release-iphoneos/StatusBarPlugin.build/Objects-normal/arm64/StatusBarPlugin_dependency_info.dat -fobjc-link-runtime -L/Applications/Xcode_26.6.app/Contents/Developer/Toolchains/XcodeDefault.xctoolchain/usr/lib/swift/iphoneos -L/usr/lib/swift -Xlinker -add_ast_path -Xlinker /Users/runner/Library/Developer/Xcode/DerivedData/App-bftnsirjgxxrogcvaqjekecjqrkn/Build/Intermediates.noindex/ArchiveIntermediates/App/IntermediateBuildFilesPath/CapacitorStatusBar.build/Release-iphoneos/StatusBarPlugin.build/Objects-normal/arm64/StatusBarPlugin.swiftmodule @/Users/runner/Library/Developer/Xcode/DerivedData/App-bftnsirjgxxrogcvaqjekecjqrkn/Build/Intermediates.noindex/ArchiveIntermediates/App/IntermediateBuildFilesPath/CapacitorStatusBar.build/Release-iphoneos/StatusBarPlugin.build/Objects-normal/arm64/StatusBarPlugin-linker-args.resp -o /Users/runner/Library/Developer/Xcode/DerivedData/App-bftnsirjgxxrogcvaqjekecjqrkn/Build/Intermediates.noindex/ArchiveIntermediates/App/IntermediateBuildFilesPath/UninstalledProducts/iphoneos/StatusBarPlugin.o

SwiftMergeGeneratedHeaders /Users/runner/Library/Developer/Xcode/DerivedData/App-bftnsirjgxxrogcvaqjekecjqrkn/Build/Intermediates.noindex/ArchiveIntermediates/App/IntermediateBuildFilesPath/GeneratedModuleMaps-iphoneos/AppPlugin-Swift.h /Users/runner/Library/Developer/Xcode/DerivedData/App-bftnsirjgxxrogcvaqjekecjqrkn/Build/Intermediates.noindex/ArchiveIntermediates/App/IntermediateBuildFilesPath/CapacitorApp.build/Release-iphoneos/AppPlugin.build/Objects-normal/arm64/AppPlugin-Swift.h (in target 'AppPlugin' from project 'CapacitorApp')
    cd /Users/runner/work/focusher-app/focusher-app/node_modules/@capacitor/app
    builtin-swiftHeaderTool -arch arm64 /Users/runner/Library/Developer/Xcode/DerivedData/App-bftnsirjgxxrogcvaqjekecjqrkn/Build/Intermediates.noindex/ArchiveIntermediates/App/IntermediateBuildFilesPath/CapacitorApp.build/Release-iphoneos/AppPlugin.build/Objects-normal/arm64/AppPlugin-Swift.h -o /Users/runner/Library/Developer/Xcode/DerivedData/App-bftnsirjgxxrogcvaqjekecjqrkn/Build/Intermediates.noindex/ArchiveIntermediates/App/IntermediateBuildFilesPath/GeneratedModuleMaps-iphoneos/AppPlugin-Swift.h

Copy /Users/runner/Library/Developer/Xcode/DerivedData/App-bftnsirjgxxrogcvaqjekecjqrkn/Build/Intermediates.noindex/ArchiveIntermediates/App/BuildProductsPath/Release-iphoneos/AppPlugin.swiftmodule/arm64-apple-ios.swiftmodule /Users/runner/Library/Developer/Xcode/DerivedData/App-bftnsirjgxxrogcvaqjekecjqrkn/Build/Intermediates.noindex/ArchiveIntermediates/App/IntermediateBuildFilesPath/CapacitorApp.build/Release-iphoneos/AppPlugin.build/Objects-normal/arm64/AppPlugin.swiftmodule (in target 'AppPlugin' from project 'CapacitorApp')
    cd /Users/runner/work/focusher-app/focusher-app/node_modules/@capacitor/app
    builtin-copy -exclude .DS_Store -exclude CVS -exclude .svn -exclude .git -exclude .hg -strip-unsigned-binaries -strip-deterministic -strip-tool /Applications/Xcode_26.6.app/Contents/Developer/Toolchains/XcodeDefault.xctoolchain/usr/bin/strip -resolve-src-symlinks -rename /Users/runner/Library/Developer/Xcode/DerivedData/App-bftnsirjgxxrogcvaqjekecjqrkn/Build/Intermediates.noindex/ArchiveIntermediates/App/IntermediateBuildFilesPath/CapacitorApp.build/Release-iphoneos/AppPlugin.build/Objects-normal/arm64/AppPlugin.swiftmodule /Users/runner/Library/Developer/Xcode/DerivedData/App-bftnsirjgxxrogcvaqjekecjqrkn/Build/Intermediates.noindex/ArchiveIntermediates/App/BuildProductsPath/Release-iphoneos/AppPlugin.swiftmodule/arm64-apple-ios.swiftmodule

Copy /Users/runner/Library/Developer/Xcode/DerivedData/App-bftnsirjgxxrogcvaqjekecjqrkn/Build/Intermediates.noindex/ArchiveIntermediates/App/BuildProductsPath/Release-iphoneos/AppPlugin.swiftmodule/arm64-apple-ios.swiftdoc /Users/runner/Library/Developer/Xcode/DerivedData/App-bftnsirjgxxrogcvaqjekecjqrkn/Build/Intermediates.noindex/ArchiveIntermediates/App/IntermediateBuildFilesPath/CapacitorApp.build/Release-iphoneos/AppPlugin.build/Objects-normal/arm64/AppPlugin.swiftdoc (in target 'AppPlugin' from project 'CapacitorApp')
    cd /Users/runner/work/focusher-app/focusher-app/node_modules/@capacitor/app
    builtin-copy -exclude .DS_Store -exclude CVS -exclude .svn -exclude .git -exclude .hg -strip-unsigned-binaries -strip-deterministic -strip-tool /Applications/Xcode_26.6.app/Contents/Developer/Toolchains/XcodeDefault.xctoolchain/usr/bin/strip -resolve-src-symlinks -rename /Users/runner/Library/Developer/Xcode/DerivedData/App-bftnsirjgxxrogcvaqjekecjqrkn/Build/Intermediates.noindex/ArchiveIntermediates/App/IntermediateBuildFilesPath/CapacitorApp.build/Release-iphoneos/AppPlugin.build/Objects-normal/arm64/AppPlugin.swiftdoc /Users/runner/Library/Developer/Xcode/DerivedData/App-bftnsirjgxxrogcvaqjekecjqrkn/Build/Intermediates.noindex/ArchiveIntermediates/App/BuildProductsPath/Release-iphoneos/AppPlugin.swiftmodule/arm64-apple-ios.swiftdoc

Copy /Users/runner/Library/Developer/Xcode/DerivedData/App-bftnsirjgxxrogcvaqjekecjqrkn/Build/Intermediates.noindex/ArchiveIntermediates/App/BuildProductsPath/Release-iphoneos/AppPlugin.swiftmodule/arm64-apple-ios.abi.json /Users/runner/Library/Developer/Xcode/DerivedData/App-bftnsirjgxxrogcvaqjekecjqrkn/Build/Intermediates.noindex/ArchiveIntermediates/App/IntermediateBuildFilesPath/CapacitorApp.build/Release-iphoneos/AppPlugin.build/Objects-normal/arm64/AppPlugin.abi.json (in target 'AppPlugin' from project 'CapacitorApp')
    cd /Users/runner/work/focusher-app/focusher-app/node_modules/@capacitor/app
    builtin-copy -exclude .DS_Store -exclude CVS -exclude .svn -exclude .git -exclude .hg -strip-unsigned-binaries -strip-deterministic -strip-tool /Applications/Xcode_26.6.app/Contents/Developer/Toolchains/XcodeDefault.xctoolchain/usr/bin/strip -resolve-src-symlinks -rename /Users/runner/Library/Developer/Xcode/DerivedData/App-bftnsirjgxxrogcvaqjekecjqrkn/Build/Intermediates.noindex/ArchiveIntermediates/App/IntermediateBuildFilesPath/CapacitorApp.build/Release-iphoneos/AppPlugin.build/Objects-normal/arm64/AppPlugin.abi.json /Users/runner/Library/Developer/Xcode/DerivedData/App-bftnsirjgxxrogcvaqjekecjqrkn/Build/Intermediates.noindex/ArchiveIntermediates/App/BuildProductsPath/Release-iphoneos/AppPlugin.swiftmodule/arm64-apple-ios.abi.json

ExtractAppIntentsMetadata (in target 'StatusBarPlugin' from project 'CapacitorStatusBar')
    cd /Users/runner/work/focusher-app/focusher-app/node_modules/@capacitor/status-bar
    /Applications/Xcode_26.6.app/Contents/Developer/Toolchains/XcodeDefault.xctoolchain/usr/bin/appintentsmetadataprocessor --toolchain-dir /var/run/com.apple.security.cryptexd/mnt/com.apple.MobileAsset.MetalToolchain-v17.6.109.0.Or93n4/Metal.xctoolchain --module-name StatusBarPlugin --sdk-root /Applications/Xcode_26.6.app/Contents/Developer/Platforms/iPhoneOS.platform/Developer/SDKs/iPhoneOS26.5.sdk --xcode-version 17F113 --platform-family iOS --deployment-target 15.0 --bundle-identifier status-bar.StatusBarPlugin --output /Users/runner/Library/Developer/Xcode/DerivedData/App-bftnsirjgxxrogcvaqjekecjqrkn/Build/Intermediates.noindex/ArchiveIntermediates/App/IntermediateBuildFilesPath/UninstalledProducts/iphoneos/StatusBarPlugin.appintents --target-triple arm64-apple-ios15.0 --binary-file /Users/runner/Library/Developer/Xcode/DerivedData/App-bftnsirjgxxrogcvaqjekecjqrkn/Build/Intermediates.noindex/ArchiveIntermediates/App/IntermediateBuildFilesPath/UninstalledProducts/iphoneos/StatusBarPlugin.o --dependency-file /Users/runner/Library/Developer/Xcode/DerivedData/App-bftnsirjgxxrogcvaqjekecjqrkn/Build/Intermediates.noindex/ArchiveIntermediates/App/IntermediateBuildFilesPath/CapacitorStatusBar.build/Release-iphoneos/StatusBarPlugin.build/Objects-normal/arm64/StatusBarPlugin_dependency_info.dat --stringsdata-file /Users/runner/Library/Developer/Xcode/DerivedData/App-bftnsirjgxxrogcvaqjekecjqrkn/Build/Intermediates.noindex/ArchiveIntermediates/App/IntermediateBuildFilesPath/CapacitorStatusBar.build/Release-iphoneos/StatusBarPlugin.build/Objects-normal/arm64/ExtractedAppShortcutsMetadata.stringsdata --source-file-list /Users/runner/Library/Developer/Xcode/DerivedData/App-bftnsirjgxxrogcvaqjekecjqrkn/Build/Intermediates.noindex/ArchiveIntermediates/App/IntermediateBuildFilesPath/CapacitorStatusBar.build/Release-iphoneos/StatusBarPlugin.build/Objects-normal/arm64/StatusBarPlugin.SwiftFileList --metadata-file-list /Users/runner/Library/Developer/Xcode/DerivedData/App-bftnsirjgxxrogcvaqjekecjqrkn/Build/Intermediates.noindex/ArchiveIntermediates/App/IntermediateBuildFilesPath/CapacitorStatusBar.build/Release-iphoneos/StatusBarPlugin.build/StatusBarPlugin.DependencyMetadataFileList --static-metadata-file-list /Users/runner/Library/Developer/Xcode/DerivedData/App-bftnsirjgxxrogcvaqjekecjqrkn/Build/Intermediates.noindex/ArchiveIntermediates/App/IntermediateBuildFilesPath/CapacitorStatusBar.build/Release-iphoneos/StatusBarPlugin.build/StatusBarPlugin.DependencyStaticMetadataFileList --swift-const-vals-list /Users/runner/Library/Developer/Xcode/DerivedData/App-bftnsirjgxxrogcvaqjekecjqrkn/Build/Intermediates.noindex/ArchiveIntermediates/App/IntermediateBuildFilesPath/CapacitorStatusBar.build/Release-iphoneos/StatusBarPlugin.build/Objects-normal/arm64/StatusBarPlugin.SwiftConstValuesFileList --force --compile-time-extraction --deployment-aware-processing --validate-assistant-intents --no-app-shortcuts-localization
2026-10-06 21:42:23.605 appintentsmetadataprocessor[2880:12896] Starting appintentsmetadataprocessor export
2026-10-06 21:42:23.656 appintentsmetadataprocessor[2880:12896] Extracted no relevant App Intents symbols, skipping writing output

Ld /Users/runner/Library/Developer/Xcode/DerivedData/App-bftnsirjgxxrogcvaqjekecjqrkn/Build/Intermediates.noindex/ArchiveIntermediates/App/IntermediateBuildFilesPath/UninstalledProducts/iphoneos/SplashScreenPlugin.o normal (in target 'SplashScreenPlugin' from project 'CapacitorSplashScreen')
    cd /Users/runner/work/focusher-app/focusher-app/node_modules/@capacitor/splash-screen
    /Applications/Xcode_26.6.app/Contents/Developer/Toolchains/XcodeDefault.xctoolchain/usr/bin/clang -Xlinker -reproducible -target arm64-apple-ios15.0 -r -isysroot /Applications/Xcode_26.6.app/Contents/Developer/Platforms/iPhoneOS.platform/Developer/SDKs/iPhoneOS26.5.sdk -Os -w -F/Users/runner/Library/Developer/Xcode/DerivedData/App-bftnsirjgxxrogcvaqjekecjqrkn/Build/Intermediates.noindex/ArchiveIntermediates/App/IntermediateBuildFilesPath/EagerLinkingTBDs/Release-iphoneos -F/Users/runner/Library/Developer/Xcode/DerivedData/App-bftnsirjgxxrogcvaqjekecjqrkn/Build/Intermediates.noindex/ArchiveIntermediates/App/BuildProductsPath/Release-iphoneos -iframework /Applications/Xcode_26.6.app/Contents/Developer/Platforms/iPhoneOS.platform/Developer/Library/Frameworks -iframework /Applications/Xcode_26.6.app/Contents/Developer/Platforms/iPhoneOS.platform/Developer/SDKs/iPhoneOS26.5.sdk/Developer/Library/Frameworks -filelist /Users/runner/Library/Developer/Xcode/DerivedData/App-bftnsirjgxxrogcvaqjekecjqrkn/Build/Intermediates.noindex/ArchiveIntermediates/App/IntermediateBuildFilesPath/CapacitorSplashScreen.build/Release-iphoneos/SplashScreenPlugin.build/Objects-normal/arm64/SplashScreenPlugin.LinkFileList -nostdlib -Xlinker -object_path_lto -Xlinker /Users/runner/Library/Developer/Xcode/DerivedData/App-bftnsirjgxxrogcvaqjekecjqrkn/Build/Intermediates.noindex/ArchiveIntermediates/App/IntermediateBuildFilesPath/CapacitorSplashScreen.build/Release-iphoneos/SplashScreenPlugin.build/Objects-normal/arm64/SplashScreenPlugin_lto.o -Xlinker -dependency_info -Xlinker /Users/runner/Library/Developer/Xcode/DerivedData/App-bftnsirjgxxrogcvaqjekecjqrkn/Build/Intermediates.noindex/ArchiveIntermediates/App/IntermediateBuildFilesPath/CapacitorSplashScreen.build/Release-iphoneos/SplashScreenPlugin.build/Objects-normal/arm64/SplashScreenPlugin_dependency_info.dat -fobjc-link-runtime -L/Applications/Xcode_26.6.app/Contents/Developer/Toolchains/XcodeDefault.xctoolchain/usr/lib/swift/iphoneos -L/usr/lib/swift -Xlinker -add_ast_path -Xlinker /Users/runner/Library/Developer/Xcode/DerivedData/App-bftnsirjgxxrogcvaqjekecjqrkn/Build/Intermediates.noindex/ArchiveIntermediates/App/IntermediateBuildFilesPath/CapacitorSplashScreen.build/Release-iphoneos/SplashScreenPlugin.build/Objects-normal/arm64/SplashScreenPlugin.swiftmodule @/Users/runner/Library/Developer/Xcode/DerivedData/App-bftnsirjgxxrogcvaqjekecjqrkn/Build/Intermediates.noindex/ArchiveIntermediates/App/IntermediateBuildFilesPath/CapacitorSplashScreen.build/Release-iphoneos/SplashScreenPlugin.build/Objects-normal/arm64/SplashScreenPlugin-linker-args.resp -o /Users/runner/Library/Developer/Xcode/DerivedData/App-bftnsirjgxxrogcvaqjekecjqrkn/Build/Intermediates.noindex/ArchiveIntermediates/App/IntermediateBuildFilesPath/UninstalledProducts/iphoneos/SplashScreenPlugin.o

ExtractAppIntentsMetadata (in target 'SplashScreenPlugin' from project 'CapacitorSplashScreen')
    cd /Users/runner/work/focusher-app/focusher-app/node_modules/@capacitor/splash-screen
    /Applications/Xcode_26.6.app/Contents/Developer/Toolchains/XcodeDefault.xctoolchain/usr/bin/appintentsmetadataprocessor --toolchain-dir /var/run/com.apple.security.cryptexd/mnt/com.apple.MobileAsset.MetalToolchain-v17.6.109.0.Or93n4/Metal.xctoolchain --module-name SplashScreenPlugin --sdk-root /Applications/Xcode_26.6.app/Contents/Developer/Platforms/iPhoneOS.platform/Developer/SDKs/iPhoneOS26.5.sdk --xcode-version 17F113 --platform-family iOS --deployment-target 15.0 --bundle-identifier splash-screen.SplashScreenPlugin --output /Users/runner/Library/Developer/Xcode/DerivedData/App-bftnsirjgxxrogcvaqjekecjqrkn/Build/Intermediates.noindex/ArchiveIntermediates/App/IntermediateBuildFilesPath/UninstalledProducts/iphoneos/SplashScreenPlugin.appintents --target-triple arm64-apple-ios15.0 --binary-file /Users/runner/Library/Developer/Xcode/DerivedData/App-bftnsirjgxxrogcvaqjekecjqrkn/Build/Intermediates.noindex/ArchiveIntermediates/App/IntermediateBuildFilesPath/UninstalledProducts/iphoneos/SplashScreenPlugin.o --dependency-file /Users/runner/Library/Developer/Xcode/DerivedData/App-bftnsirjgxxrogcvaqjekecjqrkn/Build/Intermediates.noindex/ArchiveIntermediates/App/IntermediateBuildFilesPath/CapacitorSplashScreen.build/Release-iphoneos/SplashScreenPlugin.build/Objects-normal/arm64/SplashScreenPlugin_dependency_info.dat --stringsdata-file /Users/runner/Library/Developer/Xcode/DerivedData/App-bftnsirjgxxrogcvaqjekecjqrkn/Build/Intermediates.noindex/ArchiveIntermediates/App/IntermediateBuildFilesPath/CapacitorSplashScreen.build/Release-iphoneos/SplashScreenPlugin.build/Objects-normal/arm64/ExtractedAppShortcutsMetadata.stringsdata --source-file-list /Users/runner/Library/Developer/Xcode/DerivedData/App-bftnsirjgxxrogcvaqjekecjqrkn/Build/Intermediates.noindex/ArchiveIntermediates/App/IntermediateBuildFilesPath/CapacitorSplashScreen.build/Release-iphoneos/SplashScreenPlugin.build/Objects-normal/arm64/SplashScreenPlugin.SwiftFileList --metadata-file-list /Users/runner/Library/Developer/Xcode/DerivedData/App-bftnsirjgxxrogcvaqjekecjqrkn/Build/Intermediates.noindex/ArchiveIntermediates/App/IntermediateBuildFilesPath/CapacitorSplashScreen.build/Release-iphoneos/SplashScreenPlugin.build/SplashScreenPlugin.DependencyMetadataFileList --static-metadata-file-list /Users/runner/Library/Developer/Xcode/DerivedData/App-bftnsirjgxxrogcvaqjekecjqrkn/Build/Intermediates.noindex/ArchiveIntermediates/App/IntermediateBuildFilesPath/CapacitorSplashScreen.build/Release-iphoneos/SplashScreenPlugin.build/SplashScreenPlugin.DependencyStaticMetadataFileList --swift-const-vals-list /Users/runner/Library/Developer/Xcode/DerivedData/App-bftnsirjgxxrogcvaqjekecjqrkn/Build/Intermediates.noindex/ArchiveIntermediates/App/IntermediateBuildFilesPath/CapacitorSplashScreen.build/Release-iphoneos/SplashScreenPlugin.build/Objects-normal/arm64/SplashScreenPlugin.SwiftConstValuesFileList --force --compile-time-extraction --deployment-aware-processing --validate-assistant-intents --no-app-shortcuts-localization
2026-10-06 21:42:23.719 appintentsmetadataprocessor[2884:12911] Starting appintentsmetadataprocessor export
2026-10-06 21:42:23.731 appintentsmetadataprocessor[2884:12911] Extracted no relevant App Intents symbols, skipping writing output

SetOwnerAndGroup runner:staff /Users/runner/Library/Developer/Xcode/DerivedData/App-bftnsirjgxxrogcvaqjekecjqrkn/Build/Intermediates.noindex/ArchiveIntermediates/App/IntermediateBuildFilesPath/UninstalledProducts/iphoneos/StatusBarPlugin.o (in target 'StatusBarPlugin' from project 'CapacitorStatusBar')
    cd /Users/runner/work/focusher-app/focusher-app/node_modules/@capacitor/status-bar
    /usr/sbin/chown -RH runner:staff /Users/runner/Library/Developer/Xcode/DerivedData/App-bftnsirjgxxrogcvaqjekecjqrkn/Build/Intermediates.noindex/ArchiveIntermediates/App/IntermediateBuildFilesPath/UninstalledProducts/iphoneos/StatusBarPlugin.o

SetMode u+w,go-w,a+rX /Users/runner/Library/Developer/Xcode/DerivedData/App-bftnsirjgxxrogcvaqjekecjqrkn/Build/Intermediates.noindex/ArchiveIntermediates/App/IntermediateBuildFilesPath/UninstalledProducts/iphoneos/StatusBarPlugin.o (in target 'StatusBarPlugin' from project 'CapacitorStatusBar')
    cd /Users/runner/work/focusher-app/focusher-app/node_modules/@capacitor/status-bar
    /bin/chmod -RH u+w,go-w,a+rX /Users/runner/Library/Developer/Xcode/DerivedData/App-bftnsirjgxxrogcvaqjekecjqrkn/Build/Intermediates.noindex/ArchiveIntermediates/App/IntermediateBuildFilesPath/UninstalledProducts/iphoneos/StatusBarPlugin.o

RegisterExecutionPolicyException /Users/runner/Library/Developer/Xcode/DerivedData/App-bftnsirjgxxrogcvaqjekecjqrkn/Build/Intermediates.noindex/ArchiveIntermediates/App/IntermediateBuildFilesPath/UninstalledProducts/iphoneos/StatusBarPlugin.o (in target 'StatusBarPlugin' from project 'CapacitorStatusBar')
    cd /Users/runner/work/focusher-app/focusher-app/node_modules/@capacitor/status-bar
    builtin-RegisterExecutionPolicyException /Users/runner/Library/Developer/Xcode/DerivedData/App-bftnsirjgxxrogcvaqjekecjqrkn/Build/Intermediates.noindex/ArchiveIntermediates/App/IntermediateBuildFilesPath/UninstalledProducts/iphoneos/StatusBarPlugin.o

SetOwnerAndGroup runner:staff /Users/runner/Library/Developer/Xcode/DerivedData/App-bftnsirjgxxrogcvaqjekecjqrkn/Build/Intermediates.noindex/ArchiveIntermediates/App/IntermediateBuildFilesPath/UninstalledProducts/iphoneos/SplashScreenPlugin.o (in target 'SplashScreenPlugin' from project 'CapacitorSplashScreen')
    cd /Users/runner/work/focusher-app/focusher-app/node_modules/@capacitor/splash-screen
    /usr/sbin/chown -RH runner:staff /Users/runner/Library/Developer/Xcode/DerivedData/App-bftnsirjgxxrogcvaqjekecjqrkn/Build/Intermediates.noindex/ArchiveIntermediates/App/IntermediateBuildFilesPath/UninstalledProducts/iphoneos/SplashScreenPlugin.o

SetMode u+w,go-w,a+rX /Users/runner/Library/Developer/Xcode/DerivedData/App-bftnsirjgxxrogcvaqjekecjqrkn/Build/Intermediates.noindex/ArchiveIntermediates/App/IntermediateBuildFilesPath/UninstalledProducts/iphoneos/SplashScreenPlugin.o (in target 'SplashScreenPlugin' from project 'CapacitorSplashScreen')
    cd /Users/runner/work/focusher-app/focusher-app/node_modules/@capacitor/splash-screen
    /bin/chmod -RH u+w,go-w,a+rX /Users/runner/Library/Developer/Xcode/DerivedData/App-bftnsirjgxxrogcvaqjekecjqrkn/Build/Intermediates.noindex/ArchiveIntermediates/App/IntermediateBuildFilesPath/UninstalledProducts/iphoneos/SplashScreenPlugin.o

Ld /Users/runner/Library/Developer/Xcode/DerivedData/App-bftnsirjgxxrogcvaqjekecjqrkn/Build/Intermediates.noindex/ArchiveIntermediates/App/IntermediateBuildFilesPath/UninstalledProducts/iphoneos/AppPlugin.o normal (in target 'AppPlugin' from project 'CapacitorApp')
    cd /Users/runner/work/focusher-app/focusher-app/node_modules/@capacitor/app
    /Applications/Xcode_26.6.app/Contents/Developer/Toolchains/XcodeDefault.xctoolchain/usr/bin/clang -Xlinker -reproducible -target arm64-apple-ios15.0 -r -isysroot /Applications/Xcode_26.6.app/Contents/Developer/Platforms/iPhoneOS.platform/Developer/SDKs/iPhoneOS26.5.sdk -Os -w -F/Users/runner/Library/Developer/Xcode/DerivedData/App-bftnsirjgxxrogcvaqjekecjqrkn/Build/Intermediates.noindex/ArchiveIntermediates/App/IntermediateBuildFilesPath/EagerLinkingTBDs/Release-iphoneos -F/Users/runner/Library/Developer/Xcode/DerivedData/App-bftnsirjgxxrogcvaqjekecjqrkn/Build/Intermediates.noindex/ArchiveIntermediates/App/BuildProductsPath/Release-iphoneos -iframework /Applications/Xcode_26.6.app/Contents/Developer/Platforms/iPhoneOS.platform/Developer/Library/Frameworks -iframework /Applications/Xcode_26.6.app/Contents/Developer/Platforms/iPhoneOS.platform/Developer/SDKs/iPhoneOS26.5.sdk/Developer/Library/Frameworks -filelist /Users/runner/Library/Developer/Xcode/DerivedData/App-bftnsirjgxxrogcvaqjekecjqrkn/Build/Intermediates.noindex/ArchiveIntermediates/App/IntermediateBuildFilesPath/CapacitorApp.build/Release-iphoneos/AppPlugin.build/Objects-normal/arm64/AppPlugin.LinkFileList -nostdlib -Xlinker -object_path_lto -Xlinker /Users/runner/Library/Developer/Xcode/DerivedData/App-bftnsirjgxxrogcvaqjekecjqrkn/Build/Intermediates.noindex/ArchiveIntermediates/App/IntermediateBuildFilesPath/CapacitorApp.build/Release-iphoneos/AppPlugin.build/Objects-normal/arm64/AppPlugin_lto.o -Xlinker -dependency_info -Xlinker /Users/runner/Library/Developer/Xcode/DerivedData/App-bftnsirjgxxrogcvaqjekecjqrkn/Build/Intermediates.noindex/ArchiveIntermediates/App/IntermediateBuildFilesPath/CapacitorApp.build/Release-iphoneos/AppPlugin.build/Objects-normal/arm64/AppPlugin_dependency_info.dat -fobjc-link-runtime -L/Applications/Xcode_26.6.app/Contents/Developer/Toolchains/XcodeDefault.xctoolchain/usr/lib/swift/iphoneos -L/usr/lib/swift -Xlinker -add_ast_path -Xlinker /Users/runner/Library/Developer/Xcode/DerivedData/App-bftnsirjgxxrogcvaqjekecjqrkn/Build/Intermediates.noindex/ArchiveIntermediates/App/IntermediateBuildFilesPath/CapacitorApp.build/Release-iphoneos/AppPlugin.build/Objects-normal/arm64/AppPlugin.swiftmodule @/Users/runner/Library/Developer/Xcode/DerivedData/App-bftnsirjgxxrogcvaqjekecjqrkn/Build/Intermediates.noindex/ArchiveIntermediates/App/IntermediateBuildFilesPath/CapacitorApp.build/Release-iphoneos/AppPlugin.build/Objects-normal/arm64/AppPlugin-linker-args.resp -o /Users/runner/Library/Developer/Xcode/DerivedData/App-bftnsirjgxxrogcvaqjekecjqrkn/Build/Intermediates.noindex/ArchiveIntermediates/App/IntermediateBuildFilesPath/UninstalledProducts/iphoneos/AppPlugin.o

RegisterExecutionPolicyException /Users/runner/Library/Developer/Xcode/DerivedData/App-bftnsirjgxxrogcvaqjekecjqrkn/Build/Intermediates.noindex/ArchiveIntermediates/App/IntermediateBuildFilesPath/UninstalledProducts/iphoneos/SplashScreenPlugin.o (in target 'SplashScreenPlugin' from project 'CapacitorSplashScreen')
    cd /Users/runner/work/focusher-app/focusher-app/node_modules/@capacitor/splash-screen
    builtin-RegisterExecutionPolicyException /Users/runner/Library/Developer/Xcode/DerivedData/App-bftnsirjgxxrogcvaqjekecjqrkn/Build/Intermediates.noindex/ArchiveIntermediates/App/IntermediateBuildFilesPath/UninstalledProducts/iphoneos/SplashScreenPlugin.o

ExtractAppIntentsMetadata (in target 'AppPlugin' from project 'CapacitorApp')
    cd /Users/runner/work/focusher-app/focusher-app/node_modules/@capacitor/app
    /Applications/Xcode_26.6.app/Contents/Developer/Toolchains/XcodeDefault.xctoolchain/usr/bin/appintentsmetadataprocessor --toolchain-dir /var/run/com.apple.security.cryptexd/mnt/com.apple.MobileAsset.MetalToolchain-v17.6.109.0.Or93n4/Metal.xctoolchain --module-name AppPlugin --sdk-root /Applications/Xcode_26.6.app/Contents/Developer/Platforms/iPhoneOS.platform/Developer/SDKs/iPhoneOS26.5.sdk --xcode-version 17F113 --platform-family iOS --deployment-target 15.0 --bundle-identifier app.AppPlugin --output /Users/runner/Library/Developer/Xcode/DerivedData/App-bftnsirjgxxrogcvaqjekecjqrkn/Build/Intermediates.noindex/ArchiveIntermediates/App/IntermediateBuildFilesPath/UninstalledProducts/iphoneos/AppPlugin.appintents --target-triple arm64-apple-ios15.0 --binary-file /Users/runner/Library/Developer/Xcode/DerivedData/App-bftnsirjgxxrogcvaqjekecjqrkn/Build/Intermediates.noindex/ArchiveIntermediates/App/IntermediateBuildFilesPath/UninstalledProducts/iphoneos/AppPlugin.o --dependency-file /Users/runner/Library/Developer/Xcode/DerivedData/App-bftnsirjgxxrogcvaqjekecjqrkn/Build/Intermediates.noindex/ArchiveIntermediates/App/IntermediateBuildFilesPath/CapacitorApp.build/Release-iphoneos/AppPlugin.build/Objects-normal/arm64/AppPlugin_dependency_info.dat --stringsdata-file /Users/runner/Library/Developer/Xcode/DerivedData/App-bftnsirjgxxrogcvaqjekecjqrkn/Build/Intermediates.noindex/ArchiveIntermediates/App/IntermediateBuildFilesPath/CapacitorApp.build/Release-iphoneos/AppPlugin.build/Objects-normal/arm64/ExtractedAppShortcutsMetadata.stringsdata --source-file-list /Users/runner/Library/Developer/Xcode/DerivedData/App-bftnsirjgxxrogcvaqjekecjqrkn/Build/Intermediates.noindex/ArchiveIntermediates/App/IntermediateBuildFilesPath/CapacitorApp.build/Release-iphoneos/AppPlugin.build/Objects-normal/arm64/AppPlugin.SwiftFileList --metadata-file-list /Users/runner/Library/Developer/Xcode/DerivedData/App-bftnsirjgxxrogcvaqjekecjqrkn/Build/Intermediates.noindex/ArchiveIntermediates/App/IntermediateBuildFilesPath/CapacitorApp.build/Release-iphoneos/AppPlugin.build/AppPlugin.DependencyMetadataFileList --static-metadata-file-list /Users/runner/Library/Developer/Xcode/DerivedData/App-bftnsirjgxxrogcvaqjekecjqrkn/Build/Intermediates.noindex/ArchiveIntermediates/App/IntermediateBuildFilesPath/CapacitorApp.build/Release-iphoneos/AppPlugin.build/AppPlugin.DependencyStaticMetadataFileList --swift-const-vals-list /Users/runner/Library/Developer/Xcode/DerivedData/App-bftnsirjgxxrogcvaqjekecjqrkn/Build/Intermediates.noindex/ArchiveIntermediates/App/IntermediateBuildFilesPath/CapacitorApp.build/Release-iphoneos/AppPlugin.build/Objects-normal/arm64/AppPlugin.SwiftConstValuesFileList --force --compile-time-extraction --deployment-aware-processing --validate-assistant-intents --no-app-shortcuts-localization
2026-10-06 21:42:23.837 appintentsmetadataprocessor[2891:12927] Starting appintentsmetadataprocessor export
2026-10-06 21:42:23.846 appintentsmetadataprocessor[2891:12927] Extracted no relevant App Intents symbols, skipping writing output

SetOwnerAndGroup runner:staff /Users/runner/Library/Developer/Xcode/DerivedData/App-bftnsirjgxxrogcvaqjekecjqrkn/Build/Intermediates.noindex/ArchiveIntermediates/App/IntermediateBuildFilesPath/UninstalledProducts/iphoneos/AppPlugin.o (in target 'AppPlugin' from project 'CapacitorApp')
    cd /Users/runner/work/focusher-app/focusher-app/node_modules/@capacitor/app
    /usr/sbin/chown -RH runner:staff /Users/runner/Library/Developer/Xcode/DerivedData/App-bftnsirjgxxrogcvaqjekecjqrkn/Build/Intermediates.noindex/ArchiveIntermediates/App/IntermediateBuildFilesPath/UninstalledProducts/iphoneos/AppPlugin.o

SetMode u+w,go-w,a+rX /Users/runner/Library/Developer/Xcode/DerivedData/App-bftnsirjgxxrogcvaqjekecjqrkn/Build/Intermediates.noindex/ArchiveIntermediates/App/IntermediateBuildFilesPath/UninstalledProducts/iphoneos/AppPlugin.o (in target 'AppPlugin' from project 'CapacitorApp')
    cd /Users/runner/work/focusher-app/focusher-app/node_modules/@capacitor/app
    /bin/chmod -RH u+w,go-w,a+rX /Users/runner/Library/Developer/Xcode/DerivedData/App-bftnsirjgxxrogcvaqjekecjqrkn/Build/Intermediates.noindex/ArchiveIntermediates/App/IntermediateBuildFilesPath/UninstalledProducts/iphoneos/AppPlugin.o

RegisterExecutionPolicyException /Users/runner/Library/Developer/Xcode/DerivedData/App-bftnsirjgxxrogcvaqjekecjqrkn/Build/Intermediates.noindex/ArchiveIntermediates/App/IntermediateBuildFilesPath/UninstalledProducts/iphoneos/AppPlugin.o (in target 'AppPlugin' from project 'CapacitorApp')
    cd /Users/runner/work/focusher-app/focusher-app/node_modules/@capacitor/app
    builtin-RegisterExecutionPolicyException /Users/runner/Library/Developer/Xcode/DerivedData/App-bftnsirjgxxrogcvaqjekecjqrkn/Build/Intermediates.noindex/ArchiveIntermediates/App/IntermediateBuildFilesPath/UninstalledProducts/iphoneos/AppPlugin.o

SwiftDriverJobDiscovery normal arm64 Compiling LocalNotificationsHandler.swift, LocalNotificationsPlugin.swift (in target 'LocalNotificationsPlugin' from project 'CapacitorLocalNotifications')

SwiftDriver\ Compilation\ Requirements LocalNotificationsPlugin normal arm64 com.apple.xcode.tools.swift.compiler (in target 'LocalNotificationsPlugin' from project 'CapacitorLocalNotifications')
    cd /Users/runner/work/focusher-app/focusher-app/ios/App/App.xcodeproj
    builtin-Swift-Compilation-Requirements -- /Applications/Xcode_26.6.app/Contents/Developer/Toolchains/XcodeDefault.xctoolchain/usr/bin/swiftc -module-name LocalNotificationsPlugin -O -whole-module-optimization @/Users/runner/Library/Developer/Xcode/DerivedData/App-bftnsirjgxxrogcvaqjekecjqrkn/Build/Intermediates.noindex/ArchiveIntermediates/App/IntermediateBuildFilesPath/CapacitorLocalNotifications.build/Release-iphoneos/LocalNotificationsPlugin.build/Objects-normal/arm64/LocalNotificationsPlugin.SwiftFileList -DSWIFT_PACKAGE -DSWIFT_MODULE_RESOURCE_BUNDLE_UNAVAILABLE -DXcode -plugin-path /Applications/Xcode_26.6.app/Contents/Developer/Toolchains/XcodeDefault.xctoolchain/usr/lib/swift/host/plugins/testing -enable-experimental-feature DebugDescriptionMacro -sdk /Applications/Xcode_26.6.app/Contents/Developer/Platforms/iPhoneOS.platform/Developer/SDKs/iPhoneOS26.5.sdk -target arm64-apple-ios15.0 -g -module-cache-path /Users/runner/Library/Developer/Xcode/DerivedData/ModuleCache.noindex -Xfrontend -serialize-debugging-options -suppress-warnings -swift-version 5 -I /Users/runner/Library/Developer/Xcode/DerivedData/App-bftnsirjgxxrogcvaqjekecjqrkn/Build/Intermediates.noindex/ArchiveIntermediates/App/BuildProductsPath/Release-iphoneos -Isystem /Applications/Xcode_26.6.app/Contents/Developer/Platforms/iPhoneOS.platform/Developer/usr/lib -F /Users/runner/Library/Developer/Xcode/DerivedData/App-bftnsirjgxxrogcvaqjekecjqrkn/Build/Intermediates.noindex/ArchiveIntermediates/App/BuildProductsPath/Release-iphoneos -F /Applications/Xcode_26.6.app/Contents/Developer/Platforms/iPhoneOS.platform/Developer/Library/Frameworks -F /Applications/Xcode_26.6.app/Contents/Developer/Platforms/iPhoneOS.platform/Developer/SDKs/iPhoneOS26.5.sdk/Developer/Library/Frameworks -c -num-threads 3 -Xcc -ivfsstatcache -Xcc /Users/runner/Library/Developer/Xcode/DerivedData/SDKStatCaches.noindex/iphoneos26.5-23F81a-688ef53f1462e2c8f657fdc38a81448fee66e23052a0157c865c76b268046726.sdkstatcache -output-file-map /Users/runner/Library/Developer/Xcode/DerivedData/App-bftnsirjgxxrogcvaqjekecjqrkn/Build/Intermediates.noindex/ArchiveIntermediates/App/IntermediateBuildFilesPath/CapacitorLocalNotifications.build/Release-iphoneos/LocalNotificationsPlugin.build/Objects-normal/arm64/LocalNotificationsPlugin-OutputFileMap.json -use-frontend-parseable-output -save-temps -no-color-diagnostics -explicit-module-build -module-cache-path /Users/runner/Library/Developer/Xcode/DerivedData/App-bftnsirjgxxrogcvaqjekecjqrkn/Build/Intermediates.noindex/ArchiveIntermediates/App/IntermediateBuildFilesPath/SwiftExplicitPrecompiledModules -clang-scanner-module-cache-path /Users/runner/Library/Developer/Xcode/DerivedData/ModuleCache.noindex -sdk-module-cache-path /Users/runner/Library/Developer/Xcode/DerivedData/ModuleCache.noindex -serialize-diagnostics -emit-dependencies -emit-module -emit-module-path /Users/runner/Library/Developer/Xcode/DerivedData/App-bftnsirjgxxrogcvaqjekecjqrkn/Build/Intermediates.noindex/ArchiveIntermediates/App/IntermediateBuildFilesPath/CapacitorLocalNotifications.build/Release-iphoneos/LocalNotificationsPlugin.build/Objects-normal/arm64/LocalNotificationsPlugin.swiftmodule -validate-clang-modules-once -clang-build-session-file /Users/runner/Library/Developer/Xcode/DerivedData/ModuleCache.noindex/Session.modulevalidation -package-name local_notifications -Xcc -I/Users/runner/Library/Developer/Xcode/DerivedData/App-bftnsirjgxxrogcvaqjekecjqrkn/Build/Intermediates.noindex/ArchiveIntermediates/App/IntermediateBuildFilesPath/CapacitorLocalNotifications.build/Release-iphoneos/LocalNotificationsPlugin.build/swift-overrides.hmap -emit-const-values -Xfrontend -const-gather-protocols-file -Xfrontend /Users/runner/Library/Developer/Xcode/DerivedData/App-bftnsirjgxxrogcvaqjekecjqrkn/Build/Intermediates.noindex/ArchiveIntermediates/App/IntermediateBuildFilesPath/CapacitorLocalNotifications.build/Release-iphoneos/LocalNotificationsPlugin.build/Objects-normal/arm64/LocalNotificationsPlugin_const_extract_protocols.json -Xcc -I/Users/runner/Library/Developer/Xcode/DerivedData/App-bftnsirjgxxrogcvaqjekecjqrkn/Build/Intermediates.noindex/ArchiveIntermediates/App/BuildProductsPath/Release-iphoneos/include -Xcc -I/Users/runner/Library/Developer/Xcode/DerivedData/App-bftnsirjgxxrogcvaqjekecjqrkn/Build/Intermediates.noindex/ArchiveIntermediates/App/IntermediateBuildFilesPath/CapacitorLocalNotifications.build/Release-iphoneos/LocalNotificationsPlugin.build/DerivedSources-normal/arm64 -Xcc -I/Users/runner/Library/Developer/Xcode/DerivedData/App-bftnsirjgxxrogcvaqjekecjqrkn/Build/Intermediates.noindex/ArchiveIntermediates/App/IntermediateBuildFilesPath/CapacitorLocalNotifications.build/Release-iphoneos/LocalNotificationsPlugin.build/DerivedSources/arm64 -Xcc -I/Users/runner/Library/Developer/Xcode/DerivedData/App-bftnsirjgxxrogcvaqjekecjqrkn/Build/Intermediates.noindex/ArchiveIntermediates/App/IntermediateBuildFilesPath/CapacitorLocalNotifications.build/Release-iphoneos/LocalNotificationsPlugin.build/DerivedSources -Xcc -DSWIFT_PACKAGE -emit-objc-header -emit-objc-header-path /Users/runner/Library/Developer/Xcode/DerivedData/App-bftnsirjgxxrogcvaqjekecjqrkn/Build/Intermediates.noindex/ArchiveIntermediates/App/IntermediateBuildFilesPath/CapacitorLocalNotifications.build/Release-iphoneos/LocalNotificationsPlugin.build/Objects-normal/arm64/LocalNotificationsPlugin-Swift.h -working-directory /Users/runner/work/focusher-app/focusher-app/ios/App/App.xcodeproj -no-emit-module-separately-wmo

SwiftMergeGeneratedHeaders /Users/runner/Library/Developer/Xcode/DerivedData/App-bftnsirjgxxrogcvaqjekecjqrkn/Build/Intermediates.noindex/ArchiveIntermediates/App/IntermediateBuildFilesPath/GeneratedModuleMaps-iphoneos/LocalNotificationsPlugin-Swift.h /Users/runner/Library/Developer/Xcode/DerivedData/App-bftnsirjgxxrogcvaqjekecjqrkn/Build/Intermediates.noindex/ArchiveIntermediates/App/IntermediateBuildFilesPath/CapacitorLocalNotifications.build/Release-iphoneos/LocalNotificationsPlugin.build/Objects-normal/arm64/LocalNotificationsPlugin-Swift.h (in target 'LocalNotificationsPlugin' from project 'CapacitorLocalNotifications')
    cd /Users/runner/work/focusher-app/focusher-app/node_modules/@capacitor/local-notifications
    builtin-swiftHeaderTool -arch arm64 /Users/runner/Library/Developer/Xcode/DerivedData/App-bftnsirjgxxrogcvaqjekecjqrkn/Build/Intermediates.noindex/ArchiveIntermediates/App/IntermediateBuildFilesPath/CapacitorLocalNotifications.build/Release-iphoneos/LocalNotificationsPlugin.build/Objects-normal/arm64/LocalNotificationsPlugin-Swift.h -o /Users/runner/Library/Developer/Xcode/DerivedData/App-bftnsirjgxxrogcvaqjekecjqrkn/Build/Intermediates.noindex/ArchiveIntermediates/App/IntermediateBuildFilesPath/GeneratedModuleMaps-iphoneos/LocalNotificationsPlugin-Swift.h

Copy /Users/runner/Library/Developer/Xcode/DerivedData/App-bftnsirjgxxrogcvaqjekecjqrkn/Build/Intermediates.noindex/ArchiveIntermediates/App/BuildProductsPath/Release-iphoneos/LocalNotificationsPlugin.swiftmodule/arm64-apple-ios.swiftmodule /Users/runner/Library/Developer/Xcode/DerivedData/App-bftnsirjgxxrogcvaqjekecjqrkn/Build/Intermediates.noindex/ArchiveIntermediates/App/IntermediateBuildFilesPath/CapacitorLocalNotifications.build/Release-iphoneos/LocalNotificationsPlugin.build/Objects-normal/arm64/LocalNotificationsPlugin.swiftmodule (in target 'LocalNotificationsPlugin' from project 'CapacitorLocalNotifications')
    cd /Users/runner/work/focusher-app/focusher-app/node_modules/@capacitor/local-notifications
    builtin-copy -exclude .DS_Store -exclude CVS -exclude .svn -exclude .git -exclude .hg -strip-unsigned-binaries -strip-deterministic -strip-tool /Applications/Xcode_26.6.app/Contents/Developer/Toolchains/XcodeDefault.xctoolchain/usr/bin/strip -resolve-src-symlinks -rename /Users/runner/Library/Developer/Xcode/DerivedData/App-bftnsirjgxxrogcvaqjekecjqrkn/Build/Intermediates.noindex/ArchiveIntermediates/App/IntermediateBuildFilesPath/CapacitorLocalNotifications.build/Release-iphoneos/LocalNotificationsPlugin.build/Objects-normal/arm64/LocalNotificationsPlugin.swiftmodule /Users/runner/Library/Developer/Xcode/DerivedData/App-bftnsirjgxxrogcvaqjekecjqrkn/Build/Intermediates.noindex/ArchiveIntermediates/App/BuildProductsPath/Release-iphoneos/LocalNotificationsPlugin.swiftmodule/arm64-apple-ios.swiftmodule

Copy /Users/runner/Library/Developer/Xcode/DerivedData/App-bftnsirjgxxrogcvaqjekecjqrkn/Build/Intermediates.noindex/ArchiveIntermediates/App/BuildProductsPath/Release-iphoneos/LocalNotificationsPlugin.swiftmodule/arm64-apple-ios.swiftdoc /Users/runner/Library/Developer/Xcode/DerivedData/App-bftnsirjgxxrogcvaqjekecjqrkn/Build/Intermediates.noindex/ArchiveIntermediates/App/IntermediateBuildFilesPath/CapacitorLocalNotifications.build/Release-iphoneos/LocalNotificationsPlugin.build/Objects-normal/arm64/LocalNotificationsPlugin.swiftdoc (in target 'LocalNotificationsPlugin' from project 'CapacitorLocalNotifications')
    cd /Users/runner/work/focusher-app/focusher-app/node_modules/@capacitor/local-notifications
    builtin-copy -exclude .DS_Store -exclude CVS -exclude .svn -exclude .git -exclude .hg -strip-unsigned-binaries -strip-deterministic -strip-tool /Applications/Xcode_26.6.app/Contents/Developer/Toolchains/XcodeDefault.xctoolchain/usr/bin/strip -resolve-src-symlinks -rename /Users/runner/Library/Developer/Xcode/DerivedData/App-bftnsirjgxxrogcvaqjekecjqrkn/Build/Intermediates.noindex/ArchiveIntermediates/App/IntermediateBuildFilesPath/CapacitorLocalNotifications.build/Release-iphoneos/LocalNotificationsPlugin.build/Objects-normal/arm64/LocalNotificationsPlugin.swiftdoc /Users/runner/Library/Developer/Xcode/DerivedData/App-bftnsirjgxxrogcvaqjekecjqrkn/Build/Intermediates.noindex/ArchiveIntermediates/App/BuildProductsPath/Release-iphoneos/LocalNotificationsPlugin.swiftmodule/arm64-apple-ios.swiftdoc

Copy /Users/runner/Library/Developer/Xcode/DerivedData/App-bftnsirjgxxrogcvaqjekecjqrkn/Build/Intermediates.noindex/ArchiveIntermediates/App/BuildProductsPath/Release-iphoneos/LocalNotificationsPlugin.swiftmodule/arm64-apple-ios.abi.json /Users/runner/Library/Developer/Xcode/DerivedData/App-bftnsirjgxxrogcvaqjekecjqrkn/Build/Intermediates.noindex/ArchiveIntermediates/App/IntermediateBuildFilesPath/CapacitorLocalNotifications.build/Release-iphoneos/LocalNotificationsPlugin.build/Objects-normal/arm64/LocalNotificationsPlugin.abi.json (in target 'LocalNotificationsPlugin' from project 'CapacitorLocalNotifications')
    cd /Users/runner/work/focusher-app/focusher-app/node_modules/@capacitor/local-notifications
    builtin-copy -exclude .DS_Store -exclude CVS -exclude .svn -exclude .git -exclude .hg -strip-unsigned-binaries -strip-deterministic -strip-tool /Applications/Xcode_26.6.app/Contents/Developer/Toolchains/XcodeDefault.xctoolchain/usr/bin/strip -resolve-src-symlinks -rename /Users/runner/Library/Developer/Xcode/DerivedData/App-bftnsirjgxxrogcvaqjekecjqrkn/Build/Intermediates.noindex/ArchiveIntermediates/App/IntermediateBuildFilesPath/CapacitorLocalNotifications.build/Release-iphoneos/LocalNotificationsPlugin.build/Objects-normal/arm64/LocalNotificationsPlugin.abi.json /Users/runner/Library/Developer/Xcode/DerivedData/App-bftnsirjgxxrogcvaqjekecjqrkn/Build/Intermediates.noindex/ArchiveIntermediates/App/BuildProductsPath/Release-iphoneos/LocalNotificationsPlugin.swiftmodule/arm64-apple-ios.abi.json

Ld /Users/runner/Library/Developer/Xcode/DerivedData/App-bftnsirjgxxrogcvaqjekecjqrkn/Build/Intermediates.noindex/ArchiveIntermediates/App/IntermediateBuildFilesPath/UninstalledProducts/iphoneos/LocalNotificationsPlugin.o normal (in target 'LocalNotificationsPlugin' from project 'CapacitorLocalNotifications')
    cd /Users/runner/work/focusher-app/focusher-app/node_modules/@capacitor/local-notifications
    /Applications/Xcode_26.6.app/Contents/Developer/Toolchains/XcodeDefault.xctoolchain/usr/bin/clang -Xlinker -reproducible -target arm64-apple-ios15.0 -r -isysroot /Applications/Xcode_26.6.app/Contents/Developer/Platforms/iPhoneOS.platform/Developer/SDKs/iPhoneOS26.5.sdk -Os -w -F/Users/runner/Library/Developer/Xcode/DerivedData/App-bftnsirjgxxrogcvaqjekecjqrkn/Build/Intermediates.noindex/ArchiveIntermediates/App/IntermediateBuildFilesPath/EagerLinkingTBDs/Release-iphoneos -F/Users/runner/Library/Developer/Xcode/DerivedData/App-bftnsirjgxxrogcvaqjekecjqrkn/Build/Intermediates.noindex/ArchiveIntermediates/App/BuildProductsPath/Release-iphoneos -iframework /Applications/Xcode_26.6.app/Contents/Developer/Platforms/iPhoneOS.platform/Developer/Library/Frameworks -iframework /Applications/Xcode_26.6.app/Contents/Developer/Platforms/iPhoneOS.platform/Developer/SDKs/iPhoneOS26.5.sdk/Developer/Library/Frameworks -filelist /Users/runner/Library/Developer/Xcode/DerivedData/App-bftnsirjgxxrogcvaqjekecjqrkn/Build/Intermediates.noindex/ArchiveIntermediates/App/IntermediateBuildFilesPath/CapacitorLocalNotifications.build/Release-iphoneos/LocalNotificationsPlugin.build/Objects-normal/arm64/LocalNotificationsPlugin.LinkFileList -nostdlib -Xlinker -object_path_lto -Xlinker /Users/runner/Library/Developer/Xcode/DerivedData/App-bftnsirjgxxrogcvaqjekecjqrkn/Build/Intermediates.noindex/ArchiveIntermediates/App/IntermediateBuildFilesPath/CapacitorLocalNotifications.build/Release-iphoneos/LocalNotificationsPlugin.build/Objects-normal/arm64/LocalNotificationsPlugin_lto.o -Xlinker -dependency_info -Xlinker /Users/runner/Library/Developer/Xcode/DerivedData/App-bftnsirjgxxrogcvaqjekecjqrkn/Build/Intermediates.noindex/ArchiveIntermediates/App/IntermediateBuildFilesPath/CapacitorLocalNotifications.build/Release-iphoneos/LocalNotificationsPlugin.build/Objects-normal/arm64/LocalNotificationsPlugin_dependency_info.dat -fobjc-link-runtime -L/Applications/Xcode_26.6.app/Contents/Developer/Toolchains/XcodeDefault.xctoolchain/usr/lib/swift/iphoneos -L/usr/lib/swift -Xlinker -add_ast_path -Xlinker /Users/runner/Library/Developer/Xcode/DerivedData/App-bftnsirjgxxrogcvaqjekecjqrkn/Build/Intermediates.noindex/ArchiveIntermediates/App/IntermediateBuildFilesPath/CapacitorLocalNotifications.build/Release-iphoneos/LocalNotificationsPlugin.build/Objects-normal/arm64/LocalNotificationsPlugin.swiftmodule @/Users/runner/Library/Developer/Xcode/DerivedData/App-bftnsirjgxxrogcvaqjekecjqrkn/Build/Intermediates.noindex/ArchiveIntermediates/App/IntermediateBuildFilesPath/CapacitorLocalNotifications.build/Release-iphoneos/LocalNotificationsPlugin.build/Objects-normal/arm64/LocalNotificationsPlugin-linker-args.resp -o /Users/runner/Library/Developer/Xcode/DerivedData/App-bftnsirjgxxrogcvaqjekecjqrkn/Build/Intermediates.noindex/ArchiveIntermediates/App/IntermediateBuildFilesPath/UninstalledProducts/iphoneos/LocalNotificationsPlugin.o

ExtractAppIntentsMetadata (in target 'LocalNotificationsPlugin' from project 'CapacitorLocalNotifications')
    cd /Users/runner/work/focusher-app/focusher-app/node_modules/@capacitor/local-notifications
    /Applications/Xcode_26.6.app/Contents/Developer/Toolchains/XcodeDefault.xctoolchain/usr/bin/appintentsmetadataprocessor --toolchain-dir /var/run/com.apple.security.cryptexd/mnt/com.apple.MobileAsset.MetalToolchain-v17.6.109.0.Or93n4/Metal.xctoolchain --module-name LocalNotificationsPlugin --sdk-root /Applications/Xcode_26.6.app/Contents/Developer/Platforms/iPhoneOS.platform/Developer/SDKs/iPhoneOS26.5.sdk --xcode-version 17F113 --platform-family iOS --deployment-target 15.0 --bundle-identifier local-notifications.LocalNotificationsPlugin --output /Users/runner/Library/Developer/Xcode/DerivedData/App-bftnsirjgxxrogcvaqjekecjqrkn/Build/Intermediates.noindex/ArchiveIntermediates/App/IntermediateBuildFilesPath/UninstalledProducts/iphoneos/LocalNotificationsPlugin.appintents --target-triple arm64-apple-ios15.0 --binary-file /Users/runner/Library/Developer/Xcode/DerivedData/App-bftnsirjgxxrogcvaqjekecjqrkn/Build/Intermediates.noindex/ArchiveIntermediates/App/IntermediateBuildFilesPath/UninstalledProducts/iphoneos/LocalNotificationsPlugin.o --dependency-file /Users/runner/Library/Developer/Xcode/DerivedData/App-bftnsirjgxxrogcvaqjekecjqrkn/Build/Intermediates.noindex/ArchiveIntermediates/App/IntermediateBuildFilesPath/CapacitorLocalNotifications.build/Release-iphoneos/LocalNotificationsPlugin.build/Objects-normal/arm64/LocalNotificationsPlugin_dependency_info.dat --stringsdata-file /Users/runner/Library/Developer/Xcode/DerivedData/App-bftnsirjgxxrogcvaqjekecjqrkn/Build/Intermediates.noindex/ArchiveIntermediates/App/IntermediateBuildFilesPath/CapacitorLocalNotifications.build/Release-iphoneos/LocalNotificationsPlugin.build/Objects-normal/arm64/ExtractedAppShortcutsMetadata.stringsdata --source-file-list /Users/runner/Library/Developer/Xcode/DerivedData/App-bftnsirjgxxrogcvaqjekecjqrkn/Build/Intermediates.noindex/ArchiveIntermediates/App/IntermediateBuildFilesPath/CapacitorLocalNotifications.build/Release-iphoneos/LocalNotificationsPlugin.build/Objects-normal/arm64/LocalNotificationsPlugin.SwiftFileList --metadata-file-list /Users/runner/Library/Developer/Xcode/DerivedData/App-bftnsirjgxxrogcvaqjekecjqrkn/Build/Intermediates.noindex/ArchiveIntermediates/App/IntermediateBuildFilesPath/CapacitorLocalNotifications.build/Release-iphoneos/LocalNotificationsPlugin.build/LocalNotificationsPlugin.DependencyMetadataFileList --static-metadata-file-list /Users/runner/Library/Developer/Xcode/DerivedData/App-bftnsirjgxxrogcvaqjekecjqrkn/Build/Intermediates.noindex/ArchiveIntermediates/App/IntermediateBuildFilesPath/CapacitorLocalNotifications.build/Release-iphoneos/LocalNotificationsPlugin.build/LocalNotificationsPlugin.DependencyStaticMetadataFileList --swift-const-vals-list /Users/runner/Library/Developer/Xcode/DerivedData/App-bftnsirjgxxrogcvaqjekecjqrkn/Build/Intermediates.noindex/ArchiveIntermediates/App/IntermediateBuildFilesPath/CapacitorLocalNotifications.build/Release-iphoneos/LocalNotificationsPlugin.build/Objects-normal/arm64/LocalNotificationsPlugin.SwiftConstValuesFileList --force --compile-time-extraction --deployment-aware-processing --validate-assistant-intents --no-app-shortcuts-localization
2026-10-06 21:42:26.035 appintentsmetadataprocessor[2919:13049] Starting appintentsmetadataprocessor export
2026-10-06 21:42:26.044 appintentsmetadataprocessor[2919:13049] Extracted no relevant App Intents symbols, skipping writing output

SetOwnerAndGroup runner:staff /Users/runner/Library/Developer/Xcode/DerivedData/App-bftnsirjgxxrogcvaqjekecjqrkn/Build/Intermediates.noindex/ArchiveIntermediates/App/IntermediateBuildFilesPath/UninstalledProducts/iphoneos/LocalNotificationsPlugin.o (in target 'LocalNotificationsPlugin' from project 'CapacitorLocalNotifications')
    cd /Users/runner/work/focusher-app/focusher-app/node_modules/@capacitor/local-notifications
    /usr/sbin/chown -RH runner:staff /Users/runner/Library/Developer/Xcode/DerivedData/App-bftnsirjgxxrogcvaqjekecjqrkn/Build/Intermediates.noindex/ArchiveIntermediates/App/IntermediateBuildFilesPath/UninstalledProducts/iphoneos/LocalNotificationsPlugin.o

SetMode u+w,go-w,a+rX /Users/runner/Library/Developer/Xcode/DerivedData/App-bftnsirjgxxrogcvaqjekecjqrkn/Build/Intermediates.noindex/ArchiveIntermediates/App/IntermediateBuildFilesPath/UninstalledProducts/iphoneos/LocalNotificationsPlugin.o (in target 'LocalNotificationsPlugin' from project 'CapacitorLocalNotifications')
    cd /Users/runner/work/focusher-app/focusher-app/node_modules/@capacitor/local-notifications
    /bin/chmod -RH u+w,go-w,a+rX /Users/runner/Library/Developer/Xcode/DerivedData/App-bftnsirjgxxrogcvaqjekecjqrkn/Build/Intermediates.noindex/ArchiveIntermediates/App/IntermediateBuildFilesPath/UninstalledProducts/iphoneos/LocalNotificationsPlugin.o

RegisterExecutionPolicyException /Users/runner/Library/Developer/Xcode/DerivedData/App-bftnsirjgxxrogcvaqjekecjqrkn/Build/Intermediates.noindex/ArchiveIntermediates/App/IntermediateBuildFilesPath/UninstalledProducts/iphoneos/LocalNotificationsPlugin.o (in target 'LocalNotificationsPlugin' from project 'CapacitorLocalNotifications')
    cd /Users/runner/work/focusher-app/focusher-app/node_modules/@capacitor/local-notifications
    builtin-RegisterExecutionPolicyException /Users/runner/Library/Developer/Xcode/DerivedData/App-bftnsirjgxxrogcvaqjekecjqrkn/Build/Intermediates.noindex/ArchiveIntermediates/App/IntermediateBuildFilesPath/UninstalledProducts/iphoneos/LocalNotificationsPlugin.o

SwiftDriverJobDiscovery normal arm64 Compiling resource_bundle_accessor.swift, AdTracker.swift, AdsAPI.swift, AdEvent.swift, AdEventStore.swift, AdRewardEvents.swift, AdEventsRequest.swift, AdHTTPRequestPath.swift, PostAdEventsOperation.swift, StoredAdEvent.swift, StoredAdEventSerializer.swift, AdReward.swift, EntitlementReward.swift, GetRewardVerificationStatusOperation.swift, RewardVerificationStatusCallback.swift, RewardVerificationStatusResponse.swift, Outcome.swift, Poller.swift, RewardVerification.swift, RewardVerificationPollStatus.swift, RewardVerificationResult.swift, RewardVerificationToken.swift, RewardedAdTrackingMetadata.swift, VirtualCurrencyReward.swift, ASIdManagerProxy.swift, AttributionData.swift, AttributionFetcher.swift, AttributionNetwork.swift, AttributionPoster.swift, AttributionTypeFactory.swift, TrackingManagerProxy.swift, Authentication.swift, CacheStatus.swift, Checksum.swift, DeviceCache.swift, DirectoryHelper.swift, FileRepository.swift, InMemoryCachedObject.swift, KeyedDeferredValueStore.swift, LargeItemCacheType.swift, URLWithValidation.swift, CheckpointEvent.swift, CheckpointWorkflowResolver.swift, Checkpoints.swift, ResolvedCheckpointWorkflow.swift, PeriodType+Extensions.swift, PurchaseOwnershipType+Extensions.swift, Store+Extensions.swift, CustomerCenterConfigData.swift, CustomerCenterPresentationMode.swift, CustomerCenterEvent.swift, EventsRequest+CustomerCenter.swift, DeepLinkParser.swift, DiagnosticsEvent.swift, DiagnosticsFileHandler.swift, DiagnosticsTracker.swift, FileHandler.swift, DiagnosticsEventsRequest.swift, DiagnosticsHTTPRequestPath.swift, DiagnosticsPostOperation.swift, DiagnosticsSynchronizer.swift, EmptyFile.swift, Assertions.swift, BackendError.swift, BackendErrorCode.swift, DescribableError.swift, ErrorCode+Conformances.swift, ErrorDetails.swift, ErrorUtils.swift, PurchasesError.swift, SKError+Extensions.swift, StoreKitError+Extensions.swift, StoreKitErrorHelper.swift, EventsManager.swift, FeatureEvent.swift, FeatureEventStore.swift, FeatureEventHTTPRequestPath.swift, FeatureEventsRequest+CheckpointEvent.swift, FeatureEventsRequest+WorkflowEvent.swift, FeatureEventsRequest.swift, PostFeatureEventsOperation.swift, StoredFeatureEvent.swift, StoredFeatureEventSerializer.swift, EventsHTTPRequestPath.swift, Array+Extensions.swift, AsyncExtensions.swift, Data+Extensions.swift, Date+Extensions.swift, Decoder+Extensions.swift, Dictionary+Extensions.swift, DispatchTimeInterval+Extensions.swift, Error+Extensions.swift, Integer+Extensions.swift, Locale+Extensions.swift, NSNumber+JSON.swift, OperationQueue+Extensions.swift, Operators+Extensions.swift, Optional+Extensions.swift, Result+Extensions.swift, Set+Extensions.swift, String+Extensions.swift, TimeInterval+Extensions.swift, UIApplication+RCExtensions.swift, UserDefaults+Extensions.swift, ErrorCode.swift, CustomerInfo+ActiveDates.swift, CustomerInfo+NonSubscriptions.swift, CustomerInfo.swift, CustomerInfoManager.swift, Identity.swift, IdentityManager.swift, ProductPaidPrice.swift, SubscriptionInfo.swift, ASN1Container.swift, ASN1ObjectIdentifier.swift, AppleReceipt.swift, InAppPurchase.swift, ASN1ContainerBuilder.swift, ASN1ObjectIdentifierBuilder.swift, AppleReceiptBuilder.swift, InAppPurchaseBuilder.swift, ArraySlice_UInt8+Extensions.swift, Codable+Extensions.swift, DateFormatter+Extensions.swift, UInt8+Extensions.swift, FileReader.swift, LoggerType.swift, ProcessInfo+Extensions.swift, ReceiptParserLogger.swift, ReceiptStrings.swift, LocalReceiptFetcher.swift, PurchasesReceiptParser.swift, ReceiptParsingError.swift, AnyDecodable+DimensionValue.swift, CustomerInfoDimensionProvider.swift, DeviceDimensionProvider.swift, Dictionary+DimensionValue.swift, DimensionProvider.swift, DimensionResolver.swift, LocalRulesEvaluator.swift, RulesEngineLoggerBridge.swift, StoreDimensionProvider.swift, SubscriberAttributesDimensionProvider.swift, SubscriberDimensionsProvider.swift, LogIntent.swift, Logger.swift, AdsStrings.swift, AnalyticsStrings.swift, AttributionStrings.swift, AuthenticationStrings.swift, BackendErrorStrings.swift, CacheStrings.swift, CheckpointsStrings.swift, CodableStrings.swift, ConfigureStrings.swift, CustomerInfoStrings.swift, DiagnosticsStrings.swift, ETagStrings.swift, EligibilityStrings.swift, EventsManagerStrings.swift, ExternalPurchaseStrings.swift, FileRepositoryStrings.swift, HostedCheckoutStrings.swift, IdentityStrings.swift, LocalRulesStrings.swift, ManageSubscriptionsStrings.swift, NetworkStrings.swift, OfferingStrings.swift, OfflineEntitlementsStrings.swift, PaywallsStrings.swift, PurchaseStrings.swift, RemoteConfigStrings.swift, SigningStrings.swift, StoreKitStrings.swift, Strings.swift, TransactionMetadataStrings.swift, VirtualCurrencyStrings.swift, WebRedemptionStrings.swift, Box.swift, AnyCodingKey.swift, AnyDecodable.swift, AnyEncodable.swift, DefaultDecodable.swift, EnsureNonEmptyCollectionDecodable.swift, IgnoreHashable.swift, NonEmptyStringDecodable.swift, RawDataContainer.swift, Atomic.swift, DeferredTask.swift, Lock.swift, OperationDispatcher.swift, Purchases+async.swift, Purchases+nonasync.swift, SynchronizedLargeItemCache.swift, SynchronizedUserDefaults.swift, CustomVariableKeyValidator.swift, DangerousSettings.swift, Clock.swift, DateExtensions.swift, DateProvider.swift, ISODurationFormatter.swift, ISOPeriodFormatter.swift, TimingUtil.swift, Deprecations.swift, Either.swift, JWT.swift, PreferredLocalesProvider.swift, MacDevice.swift, MapAppStoreDetector.swift, Obsoletions.swift, PlatformInfo.swift, PriceFormatterProvider.swift, RateLimiter.swift, SandboxEnvironmentDetector.swift, StoreKitVersion.swift, SystemInfo.swift, APISourceFailover.swift, Audience.swift, AudiencesConfigProvider.swift, Backend.swift, BackendConfiguration.swift, BackendLanes.swift, CacheFetchPolicy.swift, CallbackCache.swift, CallbackCacheStatus.swift, CustomerCenterConfigCallback.swift, CustomerInfoCallback.swift, ExternalPurchaseTokenCallback.swift, HostedCheckoutCallback.swift, IAMCallbacks.swift, IsPurchaseAllowedByRestoreBehaviorCallback.swift, LogInCallback.swift, OfferingsCallback.swift, ProductEntitlementMappingCallback.swift, RemoteConfigCallback.swift, VirtualCurrenciesCallback.swift, WebBillingProductsCallback.swift, WebOfferingProductsCallback.swift, CheckpointRules.swift, CheckpointsConfigProvider.swift, ConnectionErrorReason.swift, CustomerAPI.swift, CustomerCenterConfigAPI.swift, ExternalPurchaseTokenAPI.swift, GenerationGuardedCache.swift, DNSChecker.swift, ETagManager.swift, ErrorResponse.swift, HTTPClient.swift, HTTPRequest.swift, HTTPRequestBody.swift, HTTPRequestPath.swift, HTTPRequestTimeoutManager.swift, HTTPResponse.swift, HTTPResponseBody.swift, HTTPStatusCode.swift, NetworkError.swift, NetworkTimeout.swift, RedirectLoggerTaskDelegate.swift, SimpleNetworkServiceType.swift, TokenManager.swift, URLMessage+Description.swift, IdentityAPI.swift, InternalAPI.swift, OfferingsAPI.swift, OfflineEntitlementsAPI.swift, GetCustomerCenterConfigOperation.swift, GetCustomerInfoOperation.swift, GetIntroEligibilityOperation.swift, GetOfferingsOperation.swift, GetProductEntitlementMappingOperation.swift, GetRemoteConfigFallbackOperation.swift, GetRemoteConfigOperation.swift, GetVirtualCurrenciesOperation.swift, GetWebBillingProductsOperation.swift, GetWebOfferingProductsOperation.swift, CustomerInfoResponseHandler.swift, HealthOperation.swift, HealthReportAvailabilityOperation.swift, HealthReportOperation.swift, LogInOperation.swift, NetworkOperation.swift, PostAdServicesTokenOperation.swift, PostAttributionDataOperation.swift, PostExternalPurchaseTokenOperation.swift, PostHostedCheckoutOperation.swift, PostIsPurchaseAllowedByRestoreBehaviorOperation.swift, PostOfferForSigningOperation.swift, PostReceiptDataOperation.swift, PostRedeemWebPurchaseOperation.swift, PostSubscriberAttributesOperation.swift, SpendVirtualCurrenciesOperation.swift, TokenOperations.swift, RCContainer+Compression.swift, RCContainer+Element.swift, RCContainer+Parser.swift, RCContainer.swift, RedeemWebPurchaseAPI.swift, RemoteConfigAPI.swift, RemoteConfigBlobDownloader.swift, RemoteConfigBlobFetcher.swift, RemoteConfigBlobRefHelpers.swift, RemoteConfigBlobStore.swift, RemoteConfigDiskCache.swift, RemoteConfigFetchContext.swift, RemoteConfigManager.swift, RemoteConfigSignatureContextProvider.swift, RemoteConfigSourceProvider.swift, RemoteConfigTopic.swift, RequestLane.swift, CustomerCenterConfigResponse.swift, CustomerInfoResponse.swift, ExternalPurchaseTokenResponse.swift, GetIntroEligibilityResponse.swift, HealthReportAvailabilityResponse.swift, HealthReportResponse.swift, HostedCheckoutResponse.swift, IAMResponses.swift, IsPurchaseAllowedByRestoreBehaviorResponse.swift, OfferingsResponse.swift, PostOfferResponse.swift, ProductEntitlementMappingResponse.swift, RemoteConfiguration.swift, PaywallComponentsData.swift, UIConfig.swift, VirtualCurrenciesResponse.swift, WebBillingProductsResponse.swift, WebOfferingProductsResponse.swift, WorkflowBranch.swift, WorkflowTriggerAction.swift, WorkflowsResponse.swift, SDKSettings.swift, SDKSettingsConfigProvider.swift, SourceHealthChecker.swift, TokenAPI.swift, UiConfigProvider.swift, VirtualCurrenciesAPI.swift, WebBillingAPI.swift, WebBillingHTTPRequestPath.swift, WeightedSourceSelector.swift, WorkflowsConfigProvider.swift, CustomerInfo+OfflineEntitlements.swift, OfflineCustomerInfoCreator.swift, OfflineEntitlementsManager.swift, ProductEntitlementMapping.swift, ProductEntitlementMappingFetcher.swift, PurchasedProductsFetcher.swift, PurchasedSK2Product.swift, Background.swift, Border.swift, ComponentOverrides.swift, Dimension.swift, PaywallComponentBase.swift, PaywallComponentLocalization.swift, PaywallComponentPropertyTypes.swift, StateDeclaration.swift, StateUpdate.swift, PaywallButtonComponent.swift, PaywallCarouselComponent.swift, PaywallCountdownComponent.swift, PaywallHeaderComponent.swift, PaywallIconComponent.swift, PaywallImageComponent.swift, PaywallPackageComponent.swift, PaywallPurchaseButtonComponent.swift, PaywallStackComponent.swift, PaywallStickyFooterComponent.swift, PaywallTabsComponent.swift, PaywallTextComponent.swift, PaywallTimelineComponent.swift, PaywallV2CacheWarming.swift, PaywallVideoComponent.swift, PaywallWebViewComponent.swift, PaywallAnimation.swift, PaywallTransition.swift, CustomPaywallEvent.swift, CustomPaywallImpressionParams.swift, EventsRequest+CustomPaywallImpression.swift, EventsRequest+Paywall.swift, PaywallEvent.swift, WorkflowEvent.swift, ExitOffer.swift, Locale+Comparison.swift, PaywallCacheWarming.swift, PaywallColor.swift, PaywallData+Localization.swift, PaywallData.swift, PaywallFontManagerType.swift, PaywallSource.swift, PaywallViewMode.swift, SubscriptionHistoryTracker.swift, WebBundleEventBus.swift, WebBundleURLBatcher.swift, WebViewDataStoreIdentifierStore.swift, BranchResolver.swift, CachingProductsManager.swift, CachingTrialOrIntroPriceEligibilityChecker.swift, Configuration.swift, EntitlementInfo.swift, EntitlementInfos.swift, ExternalPurchaseCustomLinkType.swift, ExternalPurchaseFlow.swift, ExternalPurchaseLinkResult.swift, ExternalPurchaseManager.swift, ExternalPurchaseNotice.swift, ExternalPurchaseTokenType.swift, StoreKitExternalPurchaseCustomLink.swift, HostedCheckoutManager.swift, HostedCheckoutSession.swift, InstallmentsInfo.swift, InstallmentsInfoFactory.swift, IntroEligibility.swift, IntroEligibilityCalculator.swift, NonSubscriptionTransaction.swift, Offering.swift, Offerings.swift, OfferingsFactory.swift, OfferingsManager.swift, Package.swift, PackageType.swift, ProductRequestData+Initialization.swift, ProductRequestData.swift, ProductsManager.swift, ProductsManagerFactory.swift, ProductsManagerType.swift, ProductsRequestFactory.swift, PurchaseOwnershipType.swift, Attribution.swift, ConfiguredStoreEnvironment.swift, LocalTransactionMetadata.swift, LocalTransactionMetadataStore.swift, PurchaseParams.swift, Purchases.swift, PurchasesAreCompletedBy.swift, PurchasesConfiguredNotifier.swift, PurchasesDelegate.swift, PurchasesOrchestrator.swift, PurchasesType.swift, TransactionMetadataSyncHelper.swift, TransactionNotifications.swift, TransactionPoster.swift, ReceiptFetcher.swift, ReceiptRefreshPolicy.swift, SimulatedStoreProduct.swift, SimulatedStoreProductsManager.swift, SimulatedStorePurchaseHandler.swift, SimulatedStorePurchaseUI.swift, SimulatedStoreTransaction.swift, SimulatedStoreTransactionFetcher.swift, WebBillingProduct+SimulatedStoreProduct.swift, PaymentQueueWrapper.swift, ProductsFetcherSK1.swift, StoreKit1Wrapper.swift, StoreKitRequestFetcher.swift, StoreKit2ObserverModePurchaseDetector.swift, CompoundProductIdentifier.swift, CompoundProductIdentifierResolver.swift, ProductsFetcherSK2.swift, SK2AppTransaction.swift, SK2BeginRefundRequestHelper.swift, StoreKit2ConfirmInOptions.swift, StoreKit2ProductPurchaser.swift, StoreKit2PromotionalOfferPurchaseOptions.swift, StoreKit2PurchaseIntentListener.swift, StoreKit2Receipt.swift, StoreKit2StorefrontListener.swift, StoreKit2TransactionFetcher.swift, StoreKit2TransactionListener.swift, WinBackEligibilityAdapters.swift, WinBackOfferEligibilityCalculator.swift, WinBackOfferEligibilityCalculatorType.swift, BillingPlanType.swift, EncodedAppleReceipt.swift, ProductType.swift, PromotionalOffer.swift, RevocationReason.swift, SK1StoreProduct.swift, SK1StoreProductDiscount.swift, SK1StoreTransaction.swift, SK1Storefront.swift, SK2StoreProduct.swift, SK2StoreProductDiscount.swift, SK2StoreTransaction.swift, SK2Storefront.swift, StoreEnvironment.swift, StoreKitWorkarounds.swift, StoreProduct.swift, StoreProductDiscount.swift, StoreTransaction.swift, Storefront.swift, StorefrontProvider.swift, SubscriptionPeriod.swift, TestStoreProduct.swift, TestStoreProductDiscount.swift, TestStoreTransaction.swift, TransactionReason.swift, WinBackOffer.swift, TransactionsFactory.swift, TransactionsManager.swift, TrialOrIntroPriceEligibilityChecker.swift, WorkflowManager.swift, CaseOperators.swift, CustomOperators.swift, EntriesOperators.swift, LetOperator.swift, RegexOperators.swift, RootVarOperator.swift, SemverOperator.swift, SliceOperator.swift, SortByOperator.swift, SplitOperator.swift, EvaluationError.swift, Evaluator.swift, ObjectValue.swift, AccessorOperators.swift, ArithmeticOperators.swift, ComparisonOperators.swift, EqualityOperators.swift, IterationOperators.swift, LogicOperators.swift, MinMaxOperators.swift, MiscOperators.swift, Operators.swift, StringArrayOperators.swift, RulesEngine.swift, RulesEngineEvaluate.swift, RulesEngineLogger.swift, Scope.swift, Value+JSON.swift, Value.swift, FakeSigning.swift, HTTPRequest+Signing.swift, HTTPRequestBody+Signing.swift, Keychain.swift, Signing+ResponseVerification.swift, Signing.swift, VerificationResult.swift, AttributionDataMigrator.swift, AttributionKey.swift, ReservedSubscriberAttributes.swift, SubscriberAttribute.swift, SubscriberAttributesManager+Appstack.swift, SubscriberAttributesManager.swift, BeginRefundRequestHelper.swift, DebugContentViews.swift, DebugView.swift, DebugViewController.swift, DebugViewModel.swift, DebugViewSheetPresentation.swift, ProductStatus+Icon.swift, SDKHealthCheckStatus+Icon.swift, SDKHealthStatus+Icon.swift, FrameworkDisambiguation.swift, HealthReport+Validate.swift, ManageSubscriptionsHelper.swift, PaymentAuthorizationProvider.swift, PaywallExtensions.swift, PurchasesDiagnostics.swift, SDKHealthError+CustomNSError.swift, SDKHealthManager.swift, StoreMessageType.swift, StoreMessagesHelper.swift, SwiftVersionCheck.swift, VirtualCurrencies.swift, VirtualCurrency.swift, VirtualCurrencyManager.swift, URL+WebPurchaseRedemption.swift, WebPurchaseRedemption.swift, WebPurchaseRedemptionHelper.swift, WebPurchaseRedemptionResult.swift (in target 'RevenueCat' from project 'RevenueCat')

SwiftDriver\ Compilation\ Requirements RevenueCat normal arm64 com.apple.xcode.tools.swift.compiler (in target 'RevenueCat' from project 'RevenueCat')
    cd /Users/runner/work/focusher-app/focusher-app/ios/App/App.xcodeproj
    builtin-Swift-Compilation-Requirements -- /Applications/Xcode_26.6.app/Contents/Developer/Toolchains/XcodeDefault.xctoolchain/usr/bin/swiftc -module-name RevenueCat -O -whole-module-optimization @/Users/runner/Library/Developer/Xcode/DerivedData/App-bftnsirjgxxrogcvaqjekecjqrkn/Build/Intermediates.noindex/ArchiveIntermediates/App/IntermediateBuildFilesPath/RevenueCat.build/Release-iphoneos/RevenueCat.build/Objects-normal/arm64/RevenueCat.SwiftFileList -DSWIFT_PACKAGE -DSWIFT_MODULE_RESOURCE_BUNDLE_AVAILABLE -DXcode -plugin-path /Applications/Xcode_26.6.app/Contents/Developer/Toolchains/XcodeDefault.xctoolchain/usr/lib/swift/host/plugins/testing -enable-experimental-feature DebugDescriptionMacro -sdk /Applications/Xcode_26.6.app/Contents/Developer/Platforms/iPhoneOS.platform/Developer/SDKs/iPhoneOS26.5.sdk -target arm64-apple-ios13.0 -g -module-cache-path /Users/runner/Library/Developer/Xcode/DerivedData/ModuleCache.noindex -Xfrontend -serialize-debugging-options -suppress-warnings -swift-version 5 -I /Users/runner/Library/Developer/Xcode/DerivedData/App-bftnsirjgxxrogcvaqjekecjqrkn/Build/Intermediates.noindex/ArchiveIntermediates/App/BuildProductsPath/Release-iphoneos -Isystem /Applications/Xcode_26.6.app/Contents/Developer/Platforms/iPhoneOS.platform/Developer/usr/lib -F /Users/runner/Library/Developer/Xcode/DerivedData/App-bftnsirjgxxrogcvaqjekecjqrkn/Build/Intermediates.noindex/ArchiveIntermediates/App/BuildProductsPath/Release-iphoneos -F /Applications/Xcode_26.6.app/Contents/Developer/Platforms/iPhoneOS.platform/Developer/Library/Frameworks -F /Applications/Xcode_26.6.app/Contents/Developer/Platforms/iPhoneOS.platform/Developer/SDKs/iPhoneOS26.5.sdk/Developer/Library/Frameworks -emit-localized-strings -emit-localized-strings-path /Users/runner/Library/Developer/Xcode/DerivedData/App-bftnsirjgxxrogcvaqjekecjqrkn/Build/Intermediates.noindex/ArchiveIntermediates/App/IntermediateBuildFilesPath/RevenueCat.build/Release-iphoneos/RevenueCat.build/Objects-normal/arm64 -c -num-threads 3 -Xcc -ivfsstatcache -Xcc /Users/runner/Library/Developer/Xcode/DerivedData/SDKStatCaches.noindex/iphoneos26.5-23F81a-688ef53f1462e2c8f657fdc38a81448fee66e23052a0157c865c76b268046726.sdkstatcache -output-file-map /Users/runner/Library/Developer/Xcode/DerivedData/App-bftnsirjgxxrogcvaqjekecjqrkn/Build/Intermediates.noindex/ArchiveIntermediates/App/IntermediateBuildFilesPath/RevenueCat.build/Release-iphoneos/RevenueCat.build/Objects-normal/arm64/RevenueCat-OutputFileMap.json -use-frontend-parseable-output -save-temps -no-color-diagnostics -explicit-module-build -module-cache-path /Users/runner/Library/Developer/Xcode/DerivedData/App-bftnsirjgxxrogcvaqjekecjqrkn/Build/Intermediates.noindex/ArchiveIntermediates/App/IntermediateBuildFilesPath/SwiftExplicitPrecompiledModules -clang-scanner-module-cache-path /Users/runner/Library/Developer/Xcode/DerivedData/ModuleCache.noindex -sdk-module-cache-path /Users/runner/Library/Developer/Xcode/DerivedData/ModuleCache.noindex -serialize-diagnostics -emit-dependencies -emit-module -emit-module-path /Users/runner/Library/Developer/Xcode/DerivedData/App-bftnsirjgxxrogcvaqjekecjqrkn/Build/Intermediates.noindex/ArchiveIntermediates/App/IntermediateBuildFilesPath/RevenueCat.build/Release-iphoneos/RevenueCat.build/Objects-normal/arm64/RevenueCat.swiftmodule -validate-clang-modules-once -clang-build-session-file /Users/runner/Library/Developer/Xcode/DerivedData/ModuleCache.noindex/Session.modulevalidation -package-name purchases_ios_spm -Xcc -I/Users/runner/Library/Developer/Xcode/DerivedData/App-bftnsirjgxxrogcvaqjekecjqrkn/Build/Intermediates.noindex/ArchiveIntermediates/App/IntermediateBuildFilesPath/RevenueCat.build/Release-iphoneos/RevenueCat.build/swift-overrides.hmap -emit-const-values -Xfrontend -const-gather-protocols-file -Xfrontend /Users/runner/Library/Developer/Xcode/DerivedData/App-bftnsirjgxxrogcvaqjekecjqrkn/Build/Intermediates.noindex/ArchiveIntermediates/App/IntermediateBuildFilesPath/RevenueCat.build/Release-iphoneos/RevenueCat.build/Objects-normal/arm64/RevenueCat_const_extract_protocols.json -Xcc -I/Users/runner/Library/Developer/Xcode/DerivedData/App-bftnsirjgxxrogcvaqjekecjqrkn/Build/Intermediates.noindex/ArchiveIntermediates/App/BuildProductsPath/Release-iphoneos/include -Xcc -I/Users/runner/Library/Developer/Xcode/DerivedData/App-bftnsirjgxxrogcvaqjekecjqrkn/Build/Intermediates.noindex/ArchiveIntermediates/App/IntermediateBuildFilesPath/RevenueCat.build/Release-iphoneos/RevenueCat.build/DerivedSources-normal/arm64 -Xcc -I/Users/runner/Library/Developer/Xcode/DerivedData/App-bftnsirjgxxrogcvaqjekecjqrkn/Build/Intermediates.noindex/ArchiveIntermediates/App/IntermediateBuildFilesPath/RevenueCat.build/Release-iphoneos/RevenueCat.build/DerivedSources/arm64 -Xcc -I/Users/runner/Library/Developer/Xcode/DerivedData/App-bftnsirjgxxrogcvaqjekecjqrkn/Build/Intermediates.noindex/ArchiveIntermediates/App/IntermediateBuildFilesPath/RevenueCat.build/Release-iphoneos/RevenueCat.build/DerivedSources -Xcc -DSWIFT_PACKAGE -emit-objc-header -emit-objc-header-path /Users/runner/Library/Developer/Xcode/DerivedData/App-bftnsirjgxxrogcvaqjekecjqrkn/Build/Intermediates.noindex/ArchiveIntermediates/App/IntermediateBuildFilesPath/RevenueCat.build/Release-iphoneos/RevenueCat.build/Objects-normal/arm64/RevenueCat-Swift.h -working-directory /Users/runner/work/focusher-app/focusher-app/ios/App/App.xcodeproj -no-emit-module-separately-wmo

SwiftMergeGeneratedHeaders /Users/runner/Library/Developer/Xcode/DerivedData/App-bftnsirjgxxrogcvaqjekecjqrkn/Build/Intermediates.noindex/ArchiveIntermediates/App/IntermediateBuildFilesPath/GeneratedModuleMaps-iphoneos/RevenueCat-Swift.h /Users/runner/Library/Developer/Xcode/DerivedData/App-bftnsirjgxxrogcvaqjekecjqrkn/Build/Intermediates.noindex/ArchiveIntermediates/App/IntermediateBuildFilesPath/RevenueCat.build/Release-iphoneos/RevenueCat.build/Objects-normal/arm64/RevenueCat-Swift.h (in target 'RevenueCat' from project 'RevenueCat')
    cd /Users/runner/Library/Developer/Xcode/DerivedData/App-bftnsirjgxxrogcvaqjekecjqrkn/SourcePackages/checkouts/purchases-ios-spm
    builtin-swiftHeaderTool -arch arm64 /Users/runner/Library/Developer/Xcode/DerivedData/App-bftnsirjgxxrogcvaqjekecjqrkn/Build/Intermediates.noindex/ArchiveIntermediates/App/IntermediateBuildFilesPath/RevenueCat.build/Release-iphoneos/RevenueCat.build/Objects-normal/arm64/RevenueCat-Swift.h -o /Users/runner/Library/Developer/Xcode/DerivedData/App-bftnsirjgxxrogcvaqjekecjqrkn/Build/Intermediates.noindex/ArchiveIntermediates/App/IntermediateBuildFilesPath/GeneratedModuleMaps-iphoneos/RevenueCat-Swift.h

Copy /Users/runner/Library/Developer/Xcode/DerivedData/App-bftnsirjgxxrogcvaqjekecjqrkn/Build/Intermediates.noindex/ArchiveIntermediates/App/BuildProductsPath/Release-iphoneos/RevenueCat.swiftmodule/arm64-apple-ios.swiftdoc /Users/runner/Library/Developer/Xcode/DerivedData/App-bftnsirjgxxrogcvaqjekecjqrkn/Build/Intermediates.noindex/ArchiveIntermediates/App/IntermediateBuildFilesPath/RevenueCat.build/Release-iphoneos/RevenueCat.build/Objects-normal/arm64/RevenueCat.swiftdoc (in target 'RevenueCat' from project 'RevenueCat')
    cd /Users/runner/Library/Developer/Xcode/DerivedData/App-bftnsirjgxxrogcvaqjekecjqrkn/SourcePackages/checkouts/purchases-ios-spm
    builtin-copy -exclude .DS_Store -exclude CVS -exclude .svn -exclude .git -exclude .hg -strip-unsigned-binaries -strip-deterministic -strip-tool /Applications/Xcode_26.6.app/Contents/Developer/Toolchains/XcodeDefault.xctoolchain/usr/bin/strip -resolve-src-symlinks -rename /Users/runner/Library/Developer/Xcode/DerivedData/App-bftnsirjgxxrogcvaqjekecjqrkn/Build/Intermediates.noindex/ArchiveIntermediates/App/IntermediateBuildFilesPath/RevenueCat.build/Release-iphoneos/RevenueCat.build/Objects-normal/arm64/RevenueCat.swiftdoc /Users/runner/Library/Developer/Xcode/DerivedData/App-bftnsirjgxxrogcvaqjekecjqrkn/Build/Intermediates.noindex/ArchiveIntermediates/App/BuildProductsPath/Release-iphoneos/RevenueCat.swiftmodule/arm64-apple-ios.swiftdoc

Copy /Users/runner/Library/Developer/Xcode/DerivedData/App-bftnsirjgxxrogcvaqjekecjqrkn/Build/Intermediates.noindex/ArchiveIntermediates/App/BuildProductsPath/Release-iphoneos/RevenueCat.swiftmodule/arm64-apple-ios.swiftmodule /Users/runner/Library/Developer/Xcode/DerivedData/App-bftnsirjgxxrogcvaqjekecjqrkn/Build/Intermediates.noindex/ArchiveIntermediates/App/IntermediateBuildFilesPath/RevenueCat.build/Release-iphoneos/RevenueCat.build/Objects-normal/arm64/RevenueCat.swiftmodule (in target 'RevenueCat' from project 'RevenueCat')
    cd /Users/runner/Library/Developer/Xcode/DerivedData/App-bftnsirjgxxrogcvaqjekecjqrkn/SourcePackages/checkouts/purchases-ios-spm
    builtin-copy -exclude .DS_Store -exclude CVS -exclude .svn -exclude .git -exclude .hg -strip-unsigned-binaries -strip-deterministic -strip-tool /Applications/Xcode_26.6.app/Contents/Developer/Toolchains/XcodeDefault.xctoolchain/usr/bin/strip -resolve-src-symlinks -rename /Users/runner/Library/Developer/Xcode/DerivedData/App-bftnsirjgxxrogcvaqjekecjqrkn/Build/Intermediates.noindex/ArchiveIntermediates/App/IntermediateBuildFilesPath/RevenueCat.build/Release-iphoneos/RevenueCat.build/Objects-normal/arm64/RevenueCat.swiftmodule /Users/runner/Library/Developer/Xcode/DerivedData/App-bftnsirjgxxrogcvaqjekecjqrkn/Build/Intermediates.noindex/ArchiveIntermediates/App/BuildProductsPath/Release-iphoneos/RevenueCat.swiftmodule/arm64-apple-ios.swiftmodule

Copy /Users/runner/Library/Developer/Xcode/DerivedData/App-bftnsirjgxxrogcvaqjekecjqrkn/Build/Intermediates.noindex/ArchiveIntermediates/App/BuildProductsPath/Release-iphoneos/RevenueCat.swiftmodule/arm64-apple-ios.abi.json /Users/runner/Library/Developer/Xcode/DerivedData/App-bftnsirjgxxrogcvaqjekecjqrkn/Build/Intermediates.noindex/ArchiveIntermediates/App/IntermediateBuildFilesPath/RevenueCat.build/Release-iphoneos/RevenueCat.build/Objects-normal/arm64/RevenueCat.abi.json (in target 'RevenueCat' from project 'RevenueCat')
    cd /Users/runner/Library/Developer/Xcode/DerivedData/App-bftnsirjgxxrogcvaqjekecjqrkn/SourcePackages/checkouts/purchases-ios-spm
    builtin-copy -exclude .DS_Store -exclude CVS -exclude .svn -exclude .git -exclude .hg -strip-unsigned-binaries -strip-deterministic -strip-tool /Applications/Xcode_26.6.app/Contents/Developer/Toolchains/XcodeDefault.xctoolchain/usr/bin/strip -resolve-src-symlinks -rename /Users/runner/Library/Developer/Xcode/DerivedData/App-bftnsirjgxxrogcvaqjekecjqrkn/Build/Intermediates.noindex/ArchiveIntermediates/App/IntermediateBuildFilesPath/RevenueCat.build/Release-iphoneos/RevenueCat.build/Objects-normal/arm64/RevenueCat.abi.json /Users/runner/Library/Developer/Xcode/DerivedData/App-bftnsirjgxxrogcvaqjekecjqrkn/Build/Intermediates.noindex/ArchiveIntermediates/App/BuildProductsPath/Release-iphoneos/RevenueCat.swiftmodule/arm64-apple-ios.abi.json

Ld /Users/runner/Library/Developer/Xcode/DerivedData/App-bftnsirjgxxrogcvaqjekecjqrkn/Build/Intermediates.noindex/ArchiveIntermediates/App/IntermediateBuildFilesPath/UninstalledProducts/iphoneos/RevenueCat.o normal (in target 'RevenueCat' from project 'RevenueCat')
    cd /Users/runner/Library/Developer/Xcode/DerivedData/App-bftnsirjgxxrogcvaqjekecjqrkn/SourcePackages/checkouts/purchases-ios-spm
    /Applications/Xcode_26.6.app/Contents/Developer/Toolchains/XcodeDefault.xctoolchain/usr/bin/clang -Xlinker -reproducible -target arm64-apple-ios13.0 -r -isysroot /Applications/Xcode_26.6.app/Contents/Developer/Platforms/iPhoneOS.platform/Developer/SDKs/iPhoneOS26.5.sdk -Os -w -F/Users/runner/Library/Developer/Xcode/DerivedData/App-bftnsirjgxxrogcvaqjekecjqrkn/Build/Intermediates.noindex/ArchiveIntermediates/App/IntermediateBuildFilesPath/EagerLinkingTBDs/Release-iphoneos -F/Users/runner/Library/Developer/Xcode/DerivedData/App-bftnsirjgxxrogcvaqjekecjqrkn/Build/Intermediates.noindex/ArchiveIntermediates/App/BuildProductsPath/Release-iphoneos -iframework /Applications/Xcode_26.6.app/Contents/Developer/Platforms/iPhoneOS.platform/Developer/Library/Frameworks -iframework /Applications/Xcode_26.6.app/Contents/Developer/Platforms/iPhoneOS.platform/Developer/SDKs/iPhoneOS26.5.sdk/Developer/Library/Frameworks -filelist /Users/runner/Library/Developer/Xcode/DerivedData/App-bftnsirjgxxrogcvaqjekecjqrkn/Build/Intermediates.noindex/ArchiveIntermediates/App/IntermediateBuildFilesPath/RevenueCat.build/Release-iphoneos/RevenueCat.build/Objects-normal/arm64/RevenueCat.LinkFileList -nostdlib -Xlinker -object_path_lto -Xlinker /Users/runner/Library/Developer/Xcode/DerivedData/App-bftnsirjgxxrogcvaqjekecjqrkn/Build/Intermediates.noindex/ArchiveIntermediates/App/IntermediateBuildFilesPath/RevenueCat.build/Release-iphoneos/RevenueCat.build/Objects-normal/arm64/RevenueCat_lto.o -Xlinker -dependency_info -Xlinker /Users/runner/Library/Developer/Xcode/DerivedData/App-bftnsirjgxxrogcvaqjekecjqrkn/Build/Intermediates.noindex/ArchiveIntermediates/App/IntermediateBuildFilesPath/RevenueCat.build/Release-iphoneos/RevenueCat.build/Objects-normal/arm64/RevenueCat_dependency_info.dat -fobjc-link-runtime -L/Applications/Xcode_26.6.app/Contents/Developer/Toolchains/XcodeDefault.xctoolchain/usr/lib/swift/iphoneos -L/usr/lib/swift -Xlinker -add_ast_path -Xlinker /Users/runner/Library/Developer/Xcode/DerivedData/App-bftnsirjgxxrogcvaqjekecjqrkn/Build/Intermediates.noindex/ArchiveIntermediates/App/IntermediateBuildFilesPath/RevenueCat.build/Release-iphoneos/RevenueCat.build/Objects-normal/arm64/RevenueCat.swiftmodule @/Users/runner/Library/Developer/Xcode/DerivedData/App-bftnsirjgxxrogcvaqjekecjqrkn/Build/Intermediates.noindex/ArchiveIntermediates/App/IntermediateBuildFilesPath/RevenueCat.build/Release-iphoneos/RevenueCat.build/Objects-normal/arm64/RevenueCat-linker-args.resp -o /Users/runner/Library/Developer/Xcode/DerivedData/App-bftnsirjgxxrogcvaqjekecjqrkn/Build/Intermediates.noindex/ArchiveIntermediates/App/IntermediateBuildFilesPath/UninstalledProducts/iphoneos/RevenueCat.o

SwiftDriver PurchasesHybridCommon normal arm64 com.apple.xcode.tools.swift.compiler (in target 'PurchasesHybridCommon' from project 'PurchasesHybridCommon')
    cd /Users/runner/work/focusher-app/focusher-app/ios/App/App.xcodeproj
    builtin-SwiftDriver -- /Applications/Xcode_26.6.app/Contents/Developer/Toolchains/XcodeDefault.xctoolchain/usr/bin/swiftc -module-name PurchasesHybridCommon -O -whole-module-optimization @/Users/runner/Library/Developer/Xcode/DerivedData/App-bftnsirjgxxrogcvaqjekecjqrkn/Build/Intermediates.noindex/ArchiveIntermediates/App/IntermediateBuildFilesPath/PurchasesHybridCommon.build/Release-iphoneos/PurchasesHybridCommon.build/Objects-normal/arm64/PurchasesHybridCommon.SwiftFileList -DSWIFT_PACKAGE -DSWIFT_MODULE_RESOURCE_BUNDLE_UNAVAILABLE -DXcode -plugin-path /Applications/Xcode_26.6.app/Contents/Developer/Toolchains/XcodeDefault.xctoolchain/usr/lib/swift/host/plugins/testing -enable-experimental-feature DebugDescriptionMacro -sdk /Applications/Xcode_26.6.app/Contents/Developer/Platforms/iPhoneOS.platform/Developer/SDKs/iPhoneOS26.5.sdk -target arm64-apple-ios13.0 -g -module-cache-path /Users/runner/Library/Developer/Xcode/DerivedData/ModuleCache.noindex -Xfrontend -serialize-debugging-options -suppress-warnings -swift-version 5 -I /Users/runner/Library/Developer/Xcode/DerivedData/App-bftnsirjgxxrogcvaqjekecjqrkn/Build/Intermediates.noindex/ArchiveIntermediates/App/BuildProductsPath/Release-iphoneos -Isystem /Applications/Xcode_26.6.app/Contents/Developer/Platforms/iPhoneOS.platform/Developer/usr/lib -F /Users/runner/Library/Developer/Xcode/DerivedData/App-bftnsirjgxxrogcvaqjekecjqrkn/Build/Intermediates.noindex/ArchiveIntermediates/App/BuildProductsPath/Release-iphoneos/PackageFrameworks -F /Users/runner/Library/Developer/Xcode/DerivedData/App-bftnsirjgxxrogcvaqjekecjqrkn/Build/Intermediates.noindex/ArchiveIntermediates/App/BuildProductsPath/Release-iphoneos -F /Applications/Xcode_26.6.app/Contents/Developer/Platforms/iPhoneOS.platform/Developer/Library/Frameworks -F /Applications/Xcode_26.6.app/Contents/Developer/Platforms/iPhoneOS.platform/Developer/SDKs/iPhoneOS26.5.sdk/Developer/Library/Frameworks -c -num-threads 3 -Xcc -ivfsstatcache -Xcc /Users/runner/Library/Developer/Xcode/DerivedData/SDKStatCaches.noindex/iphoneos26.5-23F81a-688ef53f1462e2c8f657fdc38a81448fee66e23052a0157c865c76b268046726.sdkstatcache -output-file-map /Users/runner/Library/Developer/Xcode/DerivedData/App-bftnsirjgxxrogcvaqjekecjqrkn/Build/Intermediates.noindex/ArchiveIntermediates/App/IntermediateBuildFilesPath/PurchasesHybridCommon.build/Release-iphoneos/PurchasesHybridCommon.build/Objects-normal/arm64/PurchasesHybridCommon-OutputFileMap.json -use-frontend-parseable-output -save-temps -no-color-diagnostics -explicit-module-build -module-cache-path /Users/runner/Library/Developer/Xcode/DerivedData/App-bftnsirjgxxrogcvaqjekecjqrkn/Build/Intermediates.noindex/ArchiveIntermediates/App/IntermediateBuildFilesPath/SwiftExplicitPrecompiledModules -clang-scanner-module-cache-path /Users/runner/Library/Developer/Xcode/DerivedData/ModuleCache.noindex -sdk-module-cache-path /Users/runner/Library/Developer/Xcode/DerivedData/ModuleCache.noindex -serialize-diagnostics -emit-dependencies -emit-module -emit-module-path /Users/runner/Library/Developer/Xcode/DerivedData/App-bftnsirjgxxrogcvaqjekecjqrkn/Build/Intermediates.noindex/ArchiveIntermediates/App/IntermediateBuildFilesPath/PurchasesHybridCommon.build/Release-iphoneos/PurchasesHybridCommon.build/Objects-normal/arm64/PurchasesHybridCommon.swiftmodule -validate-clang-modules-once -clang-build-session-file /Users/runner/Library/Developer/Xcode/DerivedData/ModuleCache.noindex/Session.modulevalidation -package-name purchases_hybrid_common -Xcc -I/Users/runner/Library/Developer/Xcode/DerivedData/App-bftnsirjgxxrogcvaqjekecjqrkn/Build/Intermediates.noindex/ArchiveIntermediates/App/IntermediateBuildFilesPath/PurchasesHybridCommon.build/Release-iphoneos/PurchasesHybridCommon.build/swift-overrides.hmap -emit-const-values -Xfrontend -const-gather-protocols-file -Xfrontend /Users/runner/Library/Developer/Xcode/DerivedData/App-bftnsirjgxxrogcvaqjekecjqrkn/Build/Intermediates.noindex/ArchiveIntermediates/App/IntermediateBuildFilesPath/PurchasesHybridCommon.build/Release-iphoneos/PurchasesHybridCommon.build/Objects-normal/arm64/PurchasesHybridCommon_const_extract_protocols.json -Xcc -I/Users/runner/Library/Developer/Xcode/DerivedData/App-bftnsirjgxxrogcvaqjekecjqrkn/Build/Intermediates.noindex/ArchiveIntermediates/App/BuildProductsPath/Release-iphoneos/include -Xcc -I/Users/runner/Library/Developer/Xcode/DerivedData/App-bftnsirjgxxrogcvaqjekecjqrkn/Build/Intermediates.noindex/ArchiveIntermediates/App/IntermediateBuildFilesPath/PurchasesHybridCommon.build/Release-iphoneos/PurchasesHybridCommon.build/DerivedSources-normal/arm64 -Xcc -I/Users/runner/Library/Developer/Xcode/DerivedData/App-bftnsirjgxxrogcvaqjekecjqrkn/Build/Intermediates.noindex/ArchiveIntermediates/App/IntermediateBuildFilesPath/PurchasesHybridCommon.build/Release-iphoneos/PurchasesHybridCommon.build/DerivedSources/arm64 -Xcc -I/Users/runner/Library/Developer/Xcode/DerivedData/App-bftnsirjgxxrogcvaqjekecjqrkn/Build/Intermediates.noindex/ArchiveIntermediates/App/IntermediateBuildFilesPath/PurchasesHybridCommon.build/Release-iphoneos/PurchasesHybridCommon.build/DerivedSources -Xcc -DSWIFT_PACKAGE -emit-objc-header -emit-objc-header-path /Users/runner/Library/Developer/Xcode/DerivedData/App-bftnsirjgxxrogcvaqjekecjqrkn/Build/Intermediates.noindex/ArchiveIntermediates/App/IntermediateBuildFilesPath/PurchasesHybridCommon.build/Release-iphoneos/PurchasesHybridCommon.build/Objects-normal/arm64/PurchasesHybridCommon-Swift.h -working-directory /Users/runner/work/focusher-app/focusher-app/ios/App/App.xcodeproj -no-emit-module-separately-wmo

ExtractAppIntentsMetadata (in target 'RevenueCat' from project 'RevenueCat')
    cd /Users/runner/Library/Developer/Xcode/DerivedData/App-bftnsirjgxxrogcvaqjekecjqrkn/SourcePackages/checkouts/purchases-ios-spm
    /Applications/Xcode_26.6.app/Contents/Developer/Toolchains/XcodeDefault.xctoolchain/usr/bin/appintentsmetadataprocessor --toolchain-dir /var/run/com.apple.security.cryptexd/mnt/com.apple.MobileAsset.MetalToolchain-v17.6.109.0.Or93n4/Metal.xctoolchain --module-name RevenueCat --sdk-root /Applications/Xcode_26.6.app/Contents/Developer/Platforms/iPhoneOS.platform/Developer/SDKs/iPhoneOS26.5.sdk --xcode-version 17F113 --platform-family iOS --deployment-target 13.0 --bundle-identifier purchases-ios-spm.RevenueCat --output /Users/runner/Library/Developer/Xcode/DerivedData/App-bftnsirjgxxrogcvaqjekecjqrkn/Build/Intermediates.noindex/ArchiveIntermediates/App/IntermediateBuildFilesPath/UninstalledProducts/iphoneos/RevenueCat.appintents --target-triple arm64-apple-ios13.0 --binary-file /Users/runner/Library/Developer/Xcode/DerivedData/App-bftnsirjgxxrogcvaqjekecjqrkn/Build/Intermediates.noindex/ArchiveIntermediates/App/IntermediateBuildFilesPath/UninstalledProducts/iphoneos/RevenueCat.o --dependency-file /Users/runner/Library/Developer/Xcode/DerivedData/App-bftnsirjgxxrogcvaqjekecjqrkn/Build/Intermediates.noindex/ArchiveIntermediates/App/IntermediateBuildFilesPath/RevenueCat.build/Release-iphoneos/RevenueCat.build/Objects-normal/arm64/RevenueCat_dependency_info.dat --stringsdata-file /Users/runner/Library/Developer/Xcode/DerivedData/App-bftnsirjgxxrogcvaqjekecjqrkn/Build/Intermediates.noindex/ArchiveIntermediates/App/IntermediateBuildFilesPath/RevenueCat.build/Release-iphoneos/RevenueCat.build/Objects-normal/arm64/ExtractedAppShortcutsMetadata.stringsdata --source-file-list /Users/runner/Library/Developer/Xcode/DerivedData/App-bftnsirjgxxrogcvaqjekecjqrkn/Build/Intermediates.noindex/ArchiveIntermediates/App/IntermediateBuildFilesPath/RevenueCat.build/Release-iphoneos/RevenueCat.build/Objects-normal/arm64/RevenueCat.SwiftFileList --metadata-file-list /Users/runner/Library/Developer/Xcode/DerivedData/App-bftnsirjgxxrogcvaqjekecjqrkn/Build/Intermediates.noindex/ArchiveIntermediates/App/IntermediateBuildFilesPath/RevenueCat.build/Release-iphoneos/RevenueCat.build/RevenueCat.DependencyMetadataFileList --static-metadata-file-list /Users/runner/Library/Developer/Xcode/DerivedData/App-bftnsirjgxxrogcvaqjekecjqrkn/Build/Intermediates.noindex/ArchiveIntermediates/App/IntermediateBuildFilesPath/RevenueCat.build/Release-iphoneos/RevenueCat.build/RevenueCat.DependencyStaticMetadataFileList --swift-const-vals-list /Users/runner/Library/Developer/Xcode/DerivedData/App-bftnsirjgxxrogcvaqjekecjqrkn/Build/Intermediates.noindex/ArchiveIntermediates/App/IntermediateBuildFilesPath/RevenueCat.build/Release-iphoneos/RevenueCat.build/Objects-normal/arm64/RevenueCat.SwiftConstValuesFileList --force --compile-time-extraction --deployment-aware-processing --validate-assistant-intents --no-app-shortcuts-localization
2026-10-06 21:44:29.574 appintentsmetadataprocessor[6588:23145] Starting appintentsmetadataprocessor export
2026-10-06 21:44:29.609 appintentsmetadataprocessor[6588:23145] Extracted no relevant App Intents symbols, skipping writing output

SetOwnerAndGroup runner:staff /Users/runner/Library/Developer/Xcode/DerivedData/App-bftnsirjgxxrogcvaqjekecjqrkn/Build/Intermediates.noindex/ArchiveIntermediates/App/IntermediateBuildFilesPath/UninstalledProducts/iphoneos/RevenueCat.o (in target 'RevenueCat' from project 'RevenueCat')
    cd /Users/runner/Library/Developer/Xcode/DerivedData/App-bftnsirjgxxrogcvaqjekecjqrkn/SourcePackages/checkouts/purchases-ios-spm
    /usr/sbin/chown -RH runner:staff /Users/runner/Library/Developer/Xcode/DerivedData/App-bftnsirjgxxrogcvaqjekecjqrkn/Build/Intermediates.noindex/ArchiveIntermediates/App/IntermediateBuildFilesPath/UninstalledProducts/iphoneos/RevenueCat.o

SetMode u+w,go-w,a+rX /Users/runner/Library/Developer/Xcode/DerivedData/App-bftnsirjgxxrogcvaqjekecjqrkn/Build/Intermediates.noindex/ArchiveIntermediates/App/IntermediateBuildFilesPath/UninstalledProducts/iphoneos/RevenueCat.o (in target 'RevenueCat' from project 'RevenueCat')
    cd /Users/runner/Library/Developer/Xcode/DerivedData/App-bftnsirjgxxrogcvaqjekecjqrkn/SourcePackages/checkouts/purchases-ios-spm
    /bin/chmod -RH u+w,go-w,a+rX /Users/runner/Library/Developer/Xcode/DerivedData/App-bftnsirjgxxrogcvaqjekecjqrkn/Build/Intermediates.noindex/ArchiveIntermediates/App/IntermediateBuildFilesPath/UninstalledProducts/iphoneos/RevenueCat.o

RegisterExecutionPolicyException /Users/runner/Library/Developer/Xcode/DerivedData/App-bftnsirjgxxrogcvaqjekecjqrkn/Build/Intermediates.noindex/ArchiveIntermediates/App/IntermediateBuildFilesPath/UninstalledProducts/iphoneos/RevenueCat.o (in target 'RevenueCat' from project 'RevenueCat')
    cd /Users/runner/Library/Developer/Xcode/DerivedData/App-bftnsirjgxxrogcvaqjekecjqrkn/SourcePackages/checkouts/purchases-ios-spm
    builtin-RegisterExecutionPolicyException /Users/runner/Library/Developer/Xcode/DerivedData/App-bftnsirjgxxrogcvaqjekecjqrkn/Build/Intermediates.noindex/ArchiveIntermediates/App/IntermediateBuildFilesPath/UninstalledProducts/iphoneos/RevenueCat.o

SwiftCompile normal arm64 Compiling\ AdReward+HybridAdditions.swift,\ CommonFunctionality.swift,\ CommonPurchaseParams.swift,\ Constants.swift,\ CustomerInfo+HybridAdditions.swift,\ EntitlementInfo+HybridAdditions.swift,\ EntitlementInfos+HybridAdditions.swift,\ EntitlementVerificationMode+HybridAdditions.swift,\ Enums+HybridAdditions.swift,\ ErrorContainer.swift,\ FatalErrorUtil.swift,\ IOSAPIAvailabilityChecker.swift,\ IntroEligibility+HybridExtensions.swift,\ NSDate+HybridAdditions.swift,\ NonSubscriptionTransaction+HybridAdditions.swift,\ Offering+HybridAdditions.swift,\ Offerings+HybridAdditions.swift,\ Package+HybridAdditions.swift,\ PromotionalOffer+HybridAdditions.swift,\ PurchaseParamsBuilder+HybridExtensions.swift,\ Purchases+HybridAdditions.swift,\ PurchasesAreCompletedBy+HybridAdditions.swift,\ RefundRequestStatus+HybridAdditions.swift,\ RewardVerificationResult+HybridAdditions.swift,\ RewardVerificationToken+HybridAdditions.swift,\ StoreKitVersion+HybridAdditions.swift,\ StoreProduct+HybridAdditions.swift,\ StoreProductDiscount+HybridAdditions.swift,\ StoreTransaction+HybridAdditions.swift,\ SubscriptionInfo+HybridAdditions.swift,\ VirtualCurrencies+HybridAdditions.swift,\ VirtualCurrency+HybridAdditions.swift,\ WinBackOffer+HybridAdditions.swift /Users/runner/Library/Developer/Xcode/DerivedData/App-bftnsirjgxxrogcvaqjekecjqrkn/SourcePackages/checkouts/purchases-hybrid-common/ios/PurchasesHybridCommon/PurchasesHybridCommon/AdReward+HybridAdditions.swift /Users/runner/Library/Developer/Xcode/DerivedData/App-bftnsirjgxxrogcvaqjekecjqrkn/SourcePackages/checkouts/purchases-hybrid-common/ios/PurchasesHybridCommon/PurchasesHybridCommon/CommonFunctionality.swift /Users/runner/Library/Developer/Xcode/DerivedData/App-bftnsirjgxxrogcvaqjekecjqrkn/SourcePackages/checkouts/purchases-hybrid-common/ios/PurchasesHybridCommon/PurchasesHybridCommon/CommonPurchaseParams.swift /Users/runner/Library/Developer/Xcode/DerivedData/App-bftnsirjgxxrogcvaqjekecjqrkn/SourcePackages/checkouts/purchases-hybrid-common/ios/PurchasesHybridCommon/PurchasesHybridCommon/Constants.swift /Users/runner/Library/Developer/Xcode/DerivedData/App-bftnsirjgxxrogcvaqjekecjqrkn/SourcePackages/checkouts/purchases-hybrid-common/ios/PurchasesHybridCommon/PurchasesHybridCommon/CustomerInfo+HybridAdditions.swift /Users/runner/Library/Developer/Xcode/DerivedData/App-bftnsirjgxxrogcvaqjekecjqrkn/SourcePackages/checkouts/purchases-hybrid-common/ios/PurchasesHybridCommon/PurchasesHybridCommon/EntitlementInfo+HybridAdditions.swift /Users/runner/Library/Developer/Xcode/DerivedData/App-bftnsirjgxxrogcvaqjekecjqrkn/SourcePackages/checkouts/purchases-hybrid-common/ios/PurchasesHybridCommon/PurchasesHybridCommon/EntitlementInfos+HybridAdditions.swift /Users/runner/Library/Developer/Xcode/DerivedData/App-bftnsirjgxxrogcvaqjekecjqrkn/SourcePackages/checkouts/purchases-hybrid-common/ios/PurchasesHybridCommon/PurchasesHybridCommon/EntitlementVerificationMode+HybridAdditions.swift /Users/runner/Library/Developer/Xcode/DerivedData/App-bftnsirjgxxrogcvaqjekecjqrkn/SourcePackages/checkouts/purchases-hybrid-common/ios/PurchasesHybridCommon/PurchasesHybridCommon/Enums+HybridAdditions.swift /Users/runner/Library/Developer/Xcode/DerivedData/App-bftnsirjgxxrogcvaqjekecjqrkn/SourcePackages/checkouts/purchases-hybrid-common/ios/PurchasesHybridCommon/PurchasesHybridCommon/ErrorContainer.swift /Users/runner/Library/Developer/Xcode/DerivedData/App-bftnsirjgxxrogcvaqjekecjqrkn/SourcePackages/checkouts/purchases-hybrid-common/ios/PurchasesHybridCommon/PurchasesHybridCommon/FatalErrorUtil.swift /Users/runner/Library/Developer/Xcode/DerivedData/App-bftnsirjgxxrogcvaqjekecjqrkn/SourcePackages/checkouts/purchases-hybrid-common/ios/PurchasesHybridCommon/PurchasesHybridCommon/IOSAPIAvailabilityChecker.swift /Users/runner/Library/Developer/Xcode/DerivedData/App-bftnsirjgxxrogcvaqjekecjqrkn/SourcePackages/checkouts/purchases-hybrid-common/ios/PurchasesHybridCommon/PurchasesHybridCommon/IntroEligibility+HybridExtensions.swift /Users/runner/Library/Developer/Xcode/DerivedData/App-bftnsirjgxxrogcvaqjekecjqrkn/SourcePackages/checkouts/purchases-hybrid-common/ios/PurchasesHybridCommon/PurchasesHybridCommon/NSDate+HybridAdditions.swift /Users/runner/Library/Developer/Xcode/DerivedData/App-bftnsirjgxxrogcvaqjekecjqrkn/SourcePackages/checkouts/purchases-hybrid-common/ios/PurchasesHybridCommon/PurchasesHybridCommon/NonSubscriptionTransaction+HybridAdditions.swift /Users/runner/Library/Developer/Xcode/DerivedData/App-bftnsirjgxxrogcvaqjekecjqrkn/SourcePackages/checkouts/purchases-hybrid-common/ios/PurchasesHybridCommon/PurchasesHybridCommon/Offering+HybridAdditions.swift /Users/runner/Library/Developer/Xcode/DerivedData/App-bftnsirjgxxrogcvaqjekecjqrkn/SourcePackages/checkouts/purchases-hybrid-common/ios/PurchasesHybridCommon/PurchasesHybridCommon/Offerings+HybridAdditions.swift /Users/runner/Library/Developer/Xcode/DerivedData/App-bftnsirjgxxrogcvaqjekecjqrkn/SourcePackages/checkouts/purchases-hybrid-common/ios/PurchasesHybridCommon/PurchasesHybridCommon/Package+HybridAdditions.swift /Users/runner/Library/Developer/Xcode/DerivedData/App-bftnsirjgxxrogcvaqjekecjqrkn/SourcePackages/checkouts/purchases-hybrid-common/ios/PurchasesHybridCommon/PurchasesHybridCommon/PromotionalOffer+HybridAdditions.swift /Users/runner/Library/Developer/Xcode/DerivedData/App-bftnsirjgxxrogcvaqjekecjqrkn/SourcePackages/checkouts/purchases-hybrid-common/ios/PurchasesHybridCommon/PurchasesHybridCommon/PurchaseParamsBuilder+HybridExtensions.swift /Users/runner/Library/Developer/Xcode/DerivedData/App-bftnsirjgxxrogcvaqjekecjqrkn/SourcePackages/checkouts/purchases-hybrid-common/ios/PurchasesHybridCommon/PurchasesHybridCommon/Purchases+HybridAdditions.swift /Users/runner/Library/Developer/Xcode/DerivedData/App-bftnsirjgxxrogcvaqjekecjqrkn/SourcePackages/checkouts/purchases-hybrid-common/ios/PurchasesHybridCommon/PurchasesHybridCommon/PurchasesAreCompletedBy+HybridAdditions.swift /Users/runner/Library/Developer/Xcode/DerivedData/App-bftnsirjgxxrogcvaqjekecjqrkn/SourcePackages/checkouts/purchases-hybrid-common/ios/PurchasesHybridCommon/PurchasesHybridCommon/RefundRequestStatus+HybridAdditions.swift /Users/runner/Library/Developer/Xcode/DerivedData/App-bftnsirjgxxrogcvaqjekecjqrkn/SourcePackages/checkouts/purchases-hybrid-common/ios/PurchasesHybridCommon/PurchasesHybridCommon/RewardVerificationResult+HybridAdditions.swift /Users/runner/Library/Developer/Xcode/DerivedData/App-bftnsirjgxxrogcvaqjekecjqrkn/SourcePackages/checkouts/purchases-hybrid-common/ios/PurchasesHybridCommon/PurchasesHybridCommon/RewardVerificationToken+HybridAdditions.swift /Users/runner/Library/Developer/Xcode/DerivedData/App-bftnsirjgxxrogcvaqjekecjqrkn/SourcePackages/checkouts/purchases-hybrid-common/ios/PurchasesHybridCommon/PurchasesHybridCommon/StoreKitVersion+HybridAdditions.swift /Users/runner/Library/Developer/Xcode/DerivedData/App-bftnsirjgxxrogcvaqjekecjqrkn/SourcePackages/checkouts/purchases-hybrid-common/ios/PurchasesHybridCommon/PurchasesHybridCommon/StoreProduct+HybridAdditions.swift /Users/runner/Library/Developer/Xcode/DerivedData/App-bftnsirjgxxrogcvaqjekecjqrkn/SourcePackages/checkouts/purchases-hybrid-common/ios/PurchasesHybridCommon/PurchasesHybridCommon/StoreProductDiscount+HybridAdditions.swift /Users/runner/Library/Developer/Xcode/DerivedData/App-bftnsirjgxxrogcvaqjekecjqrkn/SourcePackages/checkouts/purchases-hybrid-common/ios/PurchasesHybridCommon/PurchasesHybridCommon/StoreTransaction+HybridAdditions.swift /Users/runner/Library/Developer/Xcode/DerivedData/App-bftnsirjgxxrogcvaqjekecjqrkn/SourcePackages/checkouts/purchases-hybrid-common/ios/PurchasesHybridCommon/PurchasesHybridCommon/SubscriptionInfo+HybridAdditions.swift /Users/runner/Library/Developer/Xcode/DerivedData/App-bftnsirjgxxrogcvaqjekecjqrkn/SourcePackages/checkouts/purchases-hybrid-common/ios/PurchasesHybridCommon/PurchasesHybridCommon/VirtualCurrencies+HybridAdditions.swift /Users/runner/Library/Developer/Xcode/DerivedData/App-bftnsirjgxxrogcvaqjekecjqrkn/SourcePackages/checkouts/purchases-hybrid-common/ios/PurchasesHybridCommon/PurchasesHybridCommon/VirtualCurrency+HybridAdditions.swift /Users/runner/Library/Developer/Xcode/DerivedData/App-bftnsirjgxxrogcvaqjekecjqrkn/SourcePackages/checkouts/purchases-hybrid-common/ios/PurchasesHybridCommon/PurchasesHybridCommon/WinBackOffer+HybridAdditions.swift /Applications/Xcode_26.6.app/Contents/Developer/Toolchains/XcodeDefault.xctoolchain/usr/lib/swift/iphoneos/prebuilt-modules/26.5/XPC.swiftmodule/arm64e-apple-ios.swiftmodule /Applications/Xcode_26.6.app/Contents/Developer/Toolchains/XcodeDefault.xctoolchain/usr/lib/swift/iphoneos/prebuilt-modules/26.5/QuartzCore.swiftmodule/arm64e-apple-ios.swiftmodule /Applications/Xcode_26.6.app/Contents/Developer/Toolchains/XcodeDefault.xctoolchain/usr/lib/swift/iphoneos/prebuilt-modules/26.5/Distributed.swiftmodule/arm64e-apple-ios.swiftmodule /Applications/Xcode_26.6.app/Contents/Developer/Toolchains/XcodeDefault.xctoolchain/usr/lib/swift/iphoneos/prebuilt-modules/26.5/ObjectiveC.swiftmodule/arm64e-apple-ios.swiftmodule /Applications/Xcode_26.6.app/Contents/Developer/Toolchains/XcodeDefault.xctoolchain/usr/lib/swift/iphoneos/prebuilt-modules/26.5/SwiftUICore.swiftmodule/arm64e-apple-ios.swiftmodule /Applications/Xcode_26.6.app/Contents/Developer/Toolchains/XcodeDefault.xctoolchain/usr/lib/swift/iphoneos/prebuilt-modules/26.5/UniformTypeIdentifiers.swiftmodule/arm64e-apple-ios.swiftmodule /Applications/Xcode_26.6.app/Contents/Developer/Toolchains/XcodeDefault.xctoolchain/usr/lib/swift/iphoneos/prebuilt-modules/26.5/Spatial.swiftmodule/arm64e-apple-ios.swiftmodule /Applications/Xcode_26.6.app/Contents/Developer/Toolchains/XcodeDefault.xctoolchain/usr/lib/swift/iphoneos/prebuilt-modules/26.5/System.swiftmodule/arm64e-apple-ios.swiftmodule /Applications/Xcode_26.6.app/Contents/Developer/Toolchains/XcodeDefault.xctoolchain/usr/lib/swift/iphoneos/prebuilt-modules/26.5/CoreFoundation.swiftmodule/arm64e-apple-ios.swiftmodule /Applications/Xcode_26.6.app/Contents/Developer/Toolchains/XcodeDefault.xctoolchain/usr/lib/swift/iphoneos/prebuilt-modules/26.5/_DarwinFoundation2.swiftmodule/arm64e-apple-ios.swiftmodule /Applications/Xcode_26.6.app/Contents/Developer/Toolchains/XcodeDefault.xctoolchain/usr/lib/swift/iphoneos/prebuilt-modules/26.5/_Builtin_float.swiftmodule/arm64e-apple-ios.swiftmodule /Applications/Xcode_26.6.app/Contents/Developer/Toolchains/XcodeDefault.xctoolchain/usr/lib/swift/iphoneos/prebuilt-modules/26.5/FileProvider.swiftmodule/arm64e-apple-ios.swiftmodule /Applications/Xcode_26.6.app/Contents/Developer/Toolchains/XcodeDefault.xctoolchain/usr/lib/swift/iphoneos/prebuilt-modules/26.5/_StoreKit_SwiftUI.swiftmodule/arm64e-apple-ios.swiftmodule /Applications/Xcode_26.6.app/Contents/Developer/Toolchains/XcodeDefault.xctoolchain/usr/lib/swift/iphoneos/prebuilt-modules/26.5/LocalAuthentication.swiftmodule/arm64e-apple-ios.swiftmodule /Applications/Xcode_26.6.app/Contents/Developer/Toolchains/XcodeDefault.xctoolchain/usr/lib/swift/iphoneos/prebuilt-modules/26.5/Foundation.swiftmodule/arm64e-apple-ios.swiftmodule /Applications/Xcode_26.6.app/Contents/Developer/Toolchains/XcodeDefault.xctoolchain/usr/lib/swift/iphoneos/prebuilt-modules/26.5/OSLog.swiftmodule/arm64e-apple-ios.swiftmodule /Applications/Xcode_26.6.app/Contents/Developer/Toolchains/XcodeDefault.xctoolchain/usr/lib/swift/iphoneos/prebuilt-modules/26.5/StoreKit.swiftmodule/arm64e-apple-ios.swiftmodule /Applications/Xcode_26.6.app/Contents/Developer/Toolchains/XcodeDefault.xctoolchain/usr/lib/swift/iphoneos/prebuilt-modules/26.5/DataDetection.swiftmodule/arm64e-apple-ios.swiftmodule /Users/runner/Library/Developer/Xcode/DerivedData/App-bftnsirjgxxrogcvaqjekecjqrkn/Build/Intermediates.noindex/ArchiveIntermediates/App/BuildProductsPath/Release-iphoneos/RevenueCat.swiftmodule/arm64-apple-ios.swiftmodule /Applications/Xcode_26.6.app/Contents/Developer/Toolchains/XcodeDefault.xctoolchain/usr/lib/swift/iphoneos/prebuilt-modules/26.5/Darwin.swiftmodule/arm64e-apple-ios.swiftmodule /Applications/Xcode_26.6.app/Contents/Developer/Toolchains/XcodeDefault.xctoolchain/usr/lib/swift/iphoneos/prebuilt-modules/26.5/CoreImage.swiftmodule/arm64e-apple-ios.swiftmodule /Applications/Xcode_26.6.app/Contents/Developer/Toolchains/XcodeDefault.xctoolchain/usr/lib/swift/iphoneos/prebuilt-modules/26.5/CoreGraphics.swiftmodule/arm64e-apple-ios.swiftmodule /Applications/Xcode_26.6.app/Contents/Developer/Toolchains/XcodeDefault.xctoolchain/usr/lib/swift/iphoneos/prebuilt-modules/26.5/CoreData.swiftmodule/arm64e-apple-ios.swiftmodule /Applications/Xcode_26.6.app/Contents/Developer/Toolchains/XcodeDefault.xctoolchain/usr/lib/swift/iphoneos/prebuilt-modules/26.5/Swift.swiftmodule/arm64e-apple-ios.swiftmodule /Applications/Xcode_26.6.app/Contents/Developer/Toolchains/XcodeDefault.xctoolchain/usr/lib/swift/iphoneos/prebuilt-modules/26.5/Dispatch.swiftmodule/arm64e-apple-ios.swiftmodule /Applications/Xcode_26.6.app/Contents/Developer/Toolchains/XcodeDefault.xctoolchain/usr/lib/swift/iphoneos/prebuilt-modules/26.5/Network.swiftmodule/arm64e-apple-ios.swiftmodule /Applications/Xcode_26.6.app/Contents/Developer/Toolchains/XcodeDefault.xctoolchain/usr/lib/swift/iphoneos/prebuilt-modules/26.5/_StringProcessing.swiftmodule/arm64e-apple-ios.swiftmodule /Applications/Xcode_26.6.app/Contents/Developer/Toolchains/XcodeDefault.xctoolchain/usr/lib/swift/iphoneos/prebuilt-modules/26.5/Combine.swiftmodule/arm64e-apple-ios.swiftmodule /Applications/Xcode_26.6.app/Contents/Developer/Toolchains/XcodeDefault.xctoolchain/usr/lib/swift/iphoneos/prebuilt-modules/26.5/UIKit.swiftmodule/arm64e-apple-ios.swiftmodule /Applications/Xcode_26.6.app/Contents/Developer/Toolchains/XcodeDefault.xctoolchain/usr/lib/swift/iphoneos/prebuilt-modules/26.5/CoreText.swiftmodule/arm64e-apple-ios.swiftmodule /Applications/Xcode_26.6.app/Contents/Developer/Toolchains/XcodeDefault.xctoolchain/usr/lib/swift/iphoneos/prebuilt-modules/26.5/_Concurrency.swiftmodule/arm64e-apple-ios.swiftmodule /Applications/Xcode_26.6.app/Contents/Developer/Toolchains/XcodeDefault.xctoolchain/usr/lib/swift/iphoneos/prebuilt-modules/26.5/DeveloperToolsSupport.swiftmodule/arm64e-apple-ios.swiftmodule /Applications/Xcode_26.6.app/Contents/Developer/Toolchains/XcodeDefault.xctoolchain/usr/lib/swift/iphoneos/prebuilt-modules/26.5/ExtensionFoundation.swiftmodule/arm64e-apple-ios.swiftmodule /Applications/Xcode_26.6.app/Contents/Developer/Toolchains/XcodeDefault.xctoolchain/usr/lib/swift/iphoneos/prebuilt-modules/26.5/CoreTransferable.swiftmodule/arm64e-apple-ios.swiftmodule /Applications/Xcode_26.6.app/Contents/Developer/Toolchains/XcodeDefault.xctoolchain/usr/lib/swift/iphoneos/prebuilt-modules/26.5/os.swiftmodule/arm64e-apple-ios.swiftmodule /Applications/Xcode_26.6.app/Contents/Developer/Toolchains/XcodeDefault.xctoolchain/usr/lib/swift/iphoneos/prebuilt-modules/26.5/CryptoKit.swiftmodule/arm64e-apple-ios.swiftmodule /Applications/Xcode_26.6.app/Contents/Developer/Toolchains/XcodeDefault.xctoolchain/usr/lib/swift/iphoneos/prebuilt-modules/26.5/Symbols.swiftmodule/arm64e-apple-ios.swiftmodule /Applications/Xcode_26.6.app/Contents/Developer/Toolchains/XcodeDefault.xctoolchain/usr/lib/swift/iphoneos/prebuilt-modules/26.5/CoreVideo.swiftmodule/arm64e-apple-ios.swiftmodule /Applications/Xcode_26.6.app/Contents/Developer/Toolchains/XcodeDefault.xctoolchain/usr/lib/swift/iphoneos/prebuilt-modules/26.5/SwiftUI.swiftmodule/arm64e-apple-ios.swiftmodule /Applications/Xcode_26.6.app/Contents/Developer/Toolchains/XcodeDefault.xctoolchain/usr/lib/swift/iphoneos/prebuilt-modules/26.5/simd.swiftmodule/arm64e-apple-ios.swiftmodule /Applications/Xcode_26.6.app/Contents/Developer/Toolchains/XcodeDefault.xctoolchain/usr/lib/swift/iphoneos/prebuilt-modules/26.5/_DarwinFoundation1.swiftmodule/arm64e-apple-ios.swiftmodule /Applications/Xcode_26.6.app/Contents/Developer/Toolchains/XcodeDefault.xctoolchain/usr/lib/swift/iphoneos/prebuilt-modules/26.5/BackgroundAssets.swiftmodule/arm64e-apple-ios.swiftmodule /Applications/Xcode_26.6.app/Contents/Developer/Toolchains/XcodeDefault.xctoolchain/usr/lib/swift/iphoneos/prebuilt-modules/26.5/LightweightCodeRequirements.swiftmodule/arm64e-apple-ios.swiftmodule /Applications/Xcode_26.6.app/Contents/Developer/Toolchains/XcodeDefault.xctoolchain/usr/lib/swift/iphoneos/prebuilt-modules/26.5/Accessibility.swiftmodule/arm64e-apple-ios.swiftmodule /Applications/Xcode_26.6.app/Contents/Developer/Toolchains/XcodeDefault.xctoolchain/usr/lib/swift/iphoneos/prebuilt-modules/26.5/_DarwinFoundation3.swiftmodule/arm64e-apple-ios.swiftmodule /Applications/Xcode_26.6.app/Contents/Developer/Toolchains/XcodeDefault.xctoolchain/usr/lib/swift/iphoneos/prebuilt-modules/26.5/Metal.swiftmodule/arm64e-apple-ios.swiftmodule /Applications/Xcode_26.6.app/Contents/Developer/Toolchains/XcodeDefault.xctoolchain/usr/lib/swift/iphoneos/prebuilt-modules/26.5/Compression.swiftmodule/arm64e-apple-ios.swiftmodule /Applications/Xcode_26.6.app/Contents/Developer/Toolchains/XcodeDefault.xctoolchain/usr/lib/swift/iphoneos/prebuilt-modules/26.5/Observation.swiftmodule/arm64e-apple-ios.swiftmodule /Users/runner/Library/Developer/Xcode/DerivedData/ModuleCache.noindex/FileProvider-DDJELMV59NVB1DQIBYVTN8HBP.pcm /Users/runner/Library/Developer/Xcode/DerivedData/ModuleCache.noindex/Compression-DKNRHHLYU6YIRFWTDEWQN7SP3.pcm /Users/runner/Library/Developer/Xcode/DerivedData/ModuleCache.noindex/_Builtin_stddef-EZS4ZNRM8Q2C78X23DUBCD7YH.pcm /Users/runner/Library/Developer/Xcode/DerivedData/ModuleCache.noindex/OpenGLES-DVROR9QJV8Z7I8PACD8BZ1A4Q.pcm /Users/runner/Library/Developer/Xcode/DerivedData/ModuleCache.noindex/dnssd-AX9E8QINWOJ0ZAS78Q423EC2O.pcm /Users/runner/Library/Developer/Xcode/DerivedData/ModuleCache.noindex/LocalAuthentication-3JIRAVL8RA3AHAA9D8NPSK2G8.pcm /Users/runner/Library/Developer/Xcode/DerivedData/ModuleCache.noindex/Dispatch-3DQCX18X5AV2BIOD4WCYNOK4G.pcm /Users/runner/Library/Developer/Xcode/DerivedData/ModuleCache.noindex/StoreKit-UPLPK7E91S2S96X7LU9CH43W.pcm /Users/runner/Library/Developer/Xcode/DerivedData/ModuleCache.noindex/ptrauth-E1M8RH4XGX41AS9L3T48B2VC8.pcm /Users/runner/Library/Developer/Xcode/DerivedData/ModuleCache.noindex/DataDetection-3JFDP59CLYBUOZPG51OKN8CZ8.pcm /Users/runner/Library/Developer/Xcode/DerivedData/ModuleCache.noindex/Accessibility-8L79PBU03IZEOH3MTKHZ8UL62.pcm /Users/runner/Library/Developer/Xcode/DerivedData/ModuleCache.noindex/_DarwinFoundation3-ELTV2I42SPSDMPAUN6R858CGP.pcm /Users/runner/Library/Developer/Xcode/DerivedData/ModuleCache.noindex/Foundation-4SECALFMSRMLBHX5HU0S5AKYC.pcm /Users/runner/Library/Developer/Xcode/DerivedData/ModuleCache.noindex/CoreGraphics-E6KVS2MH59D16Y6Z4W5D2915I.pcm /Users/runner/Library/Developer/Xcode/DerivedData/ModuleCache.noindex/ImageIO-8T1BF1U3WSYVC4FGIG8BKZALR.pcm /Users/runner/Library/Developer/Xcode/DerivedData/ModuleCache.noindex/os_workgroup-CE7977O20A383DSAPAP1MHRRB.pcm /Users/runner/Library/Developer/Xcode/DerivedData/ModuleCache.noindex/_Builtin_inttypes-24MMY0B1C8U8SGX8SA5DOMH7E.pcm /Users/runner/Library/Developer/Xcode/DerivedData/ModuleCache.noindex/UIKit-9PXRQO9029TZGQ4N5I4YN6IVY.pcm /Users/runner/Library/Developer/Xcode/DerivedData/ModuleCache.noindex/UniformTypeIdentifiers-98UT9EI3UE4T4KR1IVKI9PEEY.pcm /Users/runner/Library/Developer/Xcode/DerivedData/ModuleCache.noindex/sys_types-PD12HKBGCS7I3OBLUYFEM91I.pcm /Users/runner/Library/Developer/Xcode/DerivedData/ModuleCache.noindex/OSLog-3LKE53LPWMO6H3RX65KD10VXD.pcm /Users/runner/Library/Developer/Xcode/DerivedData/ModuleCache.noindex/DeveloperToolsSupport-8NJPN9L3GNG0ZV6Z3A51ZLRAU.pcm /Users/runner/Library/Developer/Xcode/DerivedData/ModuleCache.noindex/_DarwinFoundation1-D0HH3AJXTD7OKMTUR2FXWNRVQ.pcm /Users/runner/Library/Developer/Xcode/DerivedData/ModuleCache.noindex/zlib-19JISEHXETSGLZOL5KKMF51LM.pcm /Users/runner/Library/Developer/Xcode/DerivedData/ModuleCache.noindex/_Builtin_limits-8GAG1SMFSA3JGYHE8DFCLSKBW.pcm /Users/runner/Library/Developer/Xcode/DerivedData/ModuleCache.noindex/Network-AH1M9CXUE9NSZDTPO6HUMKPVT.pcm /Users/runner/Library/Developer/Xcode/DerivedData/ModuleCache.noindex/_DarwinFoundation2-EXJBHLC8V2ZY8CF0BNQD97LYN.pcm /Users/runner/Library/Developer/Xcode/DerivedData/ModuleCache.noindex/CoreFoundation-7Z67H59FM1XPURJ1CATKTTWEG.pcm /Users/runner/Library/Developer/Xcode/DerivedData/ModuleCache.noindex/_SwiftConcurrencyShims-72MI7WHN08305D73FERVYXX8Q.pcm /Users/runner/Library/Developer/Xcode/DerivedData/ModuleCache.noindex/ObjectiveC-3CV5H2N98APNDCIC5G1BTGC4R.pcm /Users/runner/Library/Developer/Xcode/DerivedData/ModuleCache.noindex/_Builtin_stdbool-77FQHXEDHJJ5LR78OJZFL3ESV.pcm /Users/runner/Library/Developer/Xcode/DerivedData/ModuleCache.noindex/CoreImage-A7COKGC4YV5NU0VMEB0ZCECK4.pcm /Users/runner/Library/Developer/Xcode/DerivedData/ModuleCache.noindex/MachO-109XEX11H094BQ4HDI8OAV3Q9.pcm /Users/runner/Library/Developer/Xcode/DerivedData/ModuleCache.noindex/_AvailabilityInternal-6LVX40WLXKF2N0RR7RLLLI88G.pcm /Users/runner/Library/Developer/Xcode/DerivedData/ModuleCache.noindex/Metal-HCUB9N8XKGZLDTP6IOLKFZP8.pcm /Users/runner/Library/Developer/Xcode/DerivedData/ModuleCache.noindex/SwiftShims-726JJO2L9PNSQ7U4XETGG7EE9.pcm /Users/runner/Library/Developer/Xcode/DerivedData/ModuleCache.noindex/Symbols-EU19KAZCK6D0C0JUPLFLKQ44.pcm /Users/runner/Library/Developer/Xcode/DerivedData/ModuleCache.noindex/QuartzCore-1W4XAS1YQFN77V3MR3MCLUE2C.pcm /Users/runner/Library/Developer/Xcode/DerivedData/ModuleCache.noindex/CFNetwork-1FN5YXNMQBAKI9HNEB7TSXT6J.pcm /Users/runner/Library/Developer/Xcode/DerivedData/ModuleCache.noindex/_Builtin_tgmath-58640SAGBG6W1YPPM9JZXQVEU.pcm /Users/runner/Library/Developer/Xcode/DerivedData/ModuleCache.noindex/_Builtin_stdarg-4LSG676VX6ZX2XHZ6XO9V8K9F.pcm /Users/runner/Library/Developer/Xcode/DerivedData/ModuleCache.noindex/ExtensionFoundation-2V99P3LN6RFX320YFP9IV2LGZ.pcm /Users/runner/Library/Developer/Xcode/DerivedData/ModuleCache.noindex/UserNotifications-4CI6U0ZJSF5P11DSTZ74WB7AZ.pcm /Users/runner/Library/Developer/Xcode/DerivedData/ModuleCache.noindex/_Builtin_stdatomic-7ICCR1EERZQRTCK8DK4OCZGDS.pcm /Users/runner/Library/Developer/Xcode/DerivedData/ModuleCache.noindex/Darwin-65WM8VPK397D97H068127QY5O.pcm /Users/runner/Library/Developer/Xcode/DerivedData/ModuleCache.noindex/Security-52QF9RH27YX0RP9EB9DW6J6ER.pcm /Users/runner/Library/Developer/Xcode/DerivedData/ModuleCache.noindex/IOSurface-A3169492JTUXYFMDUBIK6M1PI.pcm /Users/runner/Library/Developer/Xcode/DerivedData/ModuleCache.noindex/_Builtin_intrinsics-DMARYMBXXGZM0Q38TZZMOQW8D.pcm /Users/runner/Library/Developer/Xcode/DerivedData/ModuleCache.noindex/_Builtin_float-C2XYXATN22CCJKOBJXFM515SB.pcm /Users/runner/Library/Developer/Xcode/DerivedData/ModuleCache.noindex/os_object-D2LOHRIYDFC0AOQ4FJSAJFW40.pcm /Users/runner/Library/Developer/Xcode/DerivedData/ModuleCache.noindex/SwiftUICore-7CJ5QMFTX3QZ4QAJ0PIGDU3PL.pcm /Users/runner/Library/Developer/Xcode/DerivedData/ModuleCache.noindex/CommonCrypto-17JW9JFUJQ7P2409AFM281G2O.pcm /Users/runner/Library/Developer/Xcode/DerivedData/ModuleCache.noindex/XPC-4OI848FPRQOOYJFA96XIRFLWJ.pcm /Users/runner/Library/Developer/Xcode/DerivedData/ModuleCache.noindex/CoreText-EKXNGX9U3WB0W213YT81IPTTA.pcm /Users/runner/Library/Developer/Xcode/DerivedData/ModuleCache.noindex/AdServices-3FA3F6520O5V7NGKDUYTX8MBK.pcm /Users/runner/Library/Developer/Xcode/DerivedData/ModuleCache.noindex/Spatial-4LZYHS7445WDR47UCVNCXV4LK.pcm /Users/runner/Library/Developer/Xcode/DerivedData/ModuleCache.noindex/_StoreKit_SwiftUI-AHSGRRGYPRADHSMQY01YCI7OM.pcm /Users/runner/Library/Developer/Xcode/DerivedData/ModuleCache.noindex/CoreTransferable-3XRVZEHLPIIRBE6PY29E51B33.pcm /Users/runner/Library/Developer/Xcode/DerivedData/ModuleCache.noindex/ptrcheck-CPFBHC98T0YO5BMJL4XPQ5DVJ.pcm /Users/runner/Library/Developer/Xcode/DerivedData/ModuleCache.noindex/os-BCLGSKCD5L8ZIIKRL1OO8DAB2.pcm /Users/runner/Library/Developer/Xcode/DerivedData/ModuleCache.noindex/SwiftUI-4M5B9ISCW58AI6CWKCQOTL5CU.pcm /Users/runner/Library/Developer/Xcode/DerivedData/ModuleCache.noindex/CoreData-D0JU7BHN38FQHONFTSEI7FWS9.pcm /Users/runner/Library/Developer/Xcode/DerivedData/ModuleCache.noindex/BackgroundAssets-3Y1VS374LU4IALWQVBFRUTZM7.pcm /Users/runner/Library/Developer/Xcode/DerivedData/ModuleCache.noindex/_Builtin_stdint-615ELPXO79BLW33W9285OFC4J.pcm /Users/runner/Library/Developer/Xcode/DerivedData/ModuleCache.noindex/UIUtilities-DTDJI55PSJU07N62AGXQU6X65.pcm /Users/runner/Library/Developer/Xcode/DerivedData/ModuleCache.noindex/CoreVideo-3KSE89SSHYYL2OO5C1552Z1I5.pcm /Users/runner/Library/Developer/Xcode/DerivedData/ModuleCache.noindex/simd-C8R11QAJSWUI0SDV4H8N1AJPA.pcm /Users/runner/Library/Developer/Xcode/DerivedData/App-bftnsirjgxxrogcvaqjekecjqrkn/Build/Intermediates.noindex/ArchiveIntermediates/App/IntermediateBuildFilesPath/PurchasesHybridCommon.build/Release-iphoneos/PurchasesHybridCommon.build/Objects-normal/arm64/PurchasesHybridCommon-dependencies-1.json (in target 'PurchasesHybridCommon' from project 'PurchasesHybridCommon')

CompileSwift normal arm64 (in target 'PurchasesHybridCommon' from project 'PurchasesHybridCommon')
    cd /Users/runner/work/focusher-app/focusher-app/ios/App/App.xcodeproj
    

SwiftDriver\ Compilation PurchasesHybridCommon normal arm64 com.apple.xcode.tools.swift.compiler (in target 'PurchasesHybridCommon' from project 'PurchasesHybridCommon')
    cd /Users/runner/work/focusher-app/focusher-app/ios/App/App.xcodeproj
    builtin-Swift-Compilation -- /Applications/Xcode_26.6.app/Contents/Developer/Toolchains/XcodeDefault.xctoolchain/usr/bin/swiftc -module-name PurchasesHybridCommon -O -whole-module-optimization @/Users/runner/Library/Developer/Xcode/DerivedData/App-bftnsirjgxxrogcvaqjekecjqrkn/Build/Intermediates.noindex/ArchiveIntermediates/App/IntermediateBuildFilesPath/PurchasesHybridCommon.build/Release-iphoneos/PurchasesHybridCommon.build/Objects-normal/arm64/PurchasesHybridCommon.SwiftFileList -DSWIFT_PACKAGE -DSWIFT_MODULE_RESOURCE_BUNDLE_UNAVAILABLE -DXcode -plugin-path /Applications/Xcode_26.6.app/Contents/Developer/Toolchains/XcodeDefault.xctoolchain/usr/lib/swift/host/plugins/testing -enable-experimental-feature DebugDescriptionMacro -sdk /Applications/Xcode_26.6.app/Contents/Developer/Platforms/iPhoneOS.platform/Developer/SDKs/iPhoneOS26.5.sdk -target arm64-apple-ios13.0 -g -module-cache-path /Users/runner/Library/Developer/Xcode/DerivedData/ModuleCache.noindex -Xfrontend -serialize-debugging-options -suppress-warnings -swift-version 5 -I /Users/runner/Library/Developer/Xcode/DerivedData/App-bftnsirjgxxrogcvaqjekecjqrkn/Build/Intermediates.noindex/ArchiveIntermediates/App/BuildProductsPath/Release-iphoneos -Isystem /Applications/Xcode_26.6.app/Contents/Developer/Platforms/iPhoneOS.platform/Developer/usr/lib -F /Users/runner/Library/Developer/Xcode/DerivedData/App-bftnsirjgxxrogcvaqjekecjqrkn/Build/Intermediates.noindex/ArchiveIntermediates/App/BuildProductsPath/Release-iphoneos/PackageFrameworks -F /Users/runner/Library/Developer/Xcode/DerivedData/App-bftnsirjgxxrogcvaqjekecjqrkn/Build/Intermediates.noindex/ArchiveIntermediates/App/BuildProductsPath/Release-iphoneos -F /Applications/Xcode_26.6.app/Contents/Developer/Platforms/iPhoneOS.platform/Developer/Library/Frameworks -F /Applications/Xcode_26.6.app/Contents/Developer/Platforms/iPhoneOS.platform/Developer/SDKs/iPhoneOS26.5.sdk/Developer/Library/Frameworks -c -num-threads 3 -Xcc -ivfsstatcache -Xcc /Users/runner/Library/Developer/Xcode/DerivedData/SDKStatCaches.noindex/iphoneos26.5-23F81a-688ef53f1462e2c8f657fdc38a81448fee66e23052a0157c865c76b268046726.sdkstatcache -output-file-map /Users/runner/Library/Developer/Xcode/DerivedData/App-bftnsirjgxxrogcvaqjekecjqrkn/Build/Intermediates.noindex/ArchiveIntermediates/App/IntermediateBuildFilesPath/PurchasesHybridCommon.build/Release-iphoneos/PurchasesHybridCommon.build/Objects-normal/arm64/PurchasesHybridCommon-OutputFileMap.json -use-frontend-parseable-output -save-temps -no-color-diagnostics -explicit-module-build -module-cache-path /Users/runner/Library/Developer/Xcode/DerivedData/App-bftnsirjgxxrogcvaqjekecjqrkn/Build/Intermediates.noindex/ArchiveIntermediates/App/IntermediateBuildFilesPath/SwiftExplicitPrecompiledModules -clang-scanner-module-cache-path /Users/runner/Library/Developer/Xcode/DerivedData/ModuleCache.noindex -sdk-module-cache-path /Users/runner/Library/Developer/Xcode/DerivedData/ModuleCache.noindex -serialize-diagnostics -emit-dependencies -emit-module -emit-module-path /Users/runner/Library/Developer/Xcode/DerivedData/App-bftnsirjgxxrogcvaqjekecjqrkn/Build/Intermediates.noindex/ArchiveIntermediates/App/IntermediateBuildFilesPath/PurchasesHybridCommon.build/Release-iphoneos/PurchasesHybridCommon.build/Objects-normal/arm64/PurchasesHybridCommon.swiftmodule -validate-clang-modules-once -clang-build-session-file /Users/runner/Library/Developer/Xcode/DerivedData/ModuleCache.noindex/Session.modulevalidation -package-name purchases_hybrid_common -Xcc -I/Users/runner/Library/Developer/Xcode/DerivedData/App-bftnsirjgxxrogcvaqjekecjqrkn/Build/Intermediates.noindex/ArchiveIntermediates/App/IntermediateBuildFilesPath/PurchasesHybridCommon.build/Release-iphoneos/PurchasesHybridCommon.build/swift-overrides.hmap -emit-const-values -Xfrontend -const-gather-protocols-file -Xfrontend /Users/runner/Library/Developer/Xcode/DerivedData/App-bftnsirjgxxrogcvaqjekecjqrkn/Build/Intermediates.noindex/ArchiveIntermediates/App/IntermediateBuildFilesPath/PurchasesHybridCommon.build/Release-iphoneos/PurchasesHybridCommon.build/Objects-normal/arm64/PurchasesHybridCommon_const_extract_protocols.json -Xcc -I/Users/runner/Library/Developer/Xcode/DerivedData/App-bftnsirjgxxrogcvaqjekecjqrkn/Build/Intermediates.noindex/ArchiveIntermediates/App/BuildProductsPath/Release-iphoneos/include -Xcc -I/Users/runner/Library/Developer/Xcode/DerivedData/App-bftnsirjgxxrogcvaqjekecjqrkn/Build/Intermediates.noindex/ArchiveIntermediates/App/IntermediateBuildFilesPath/PurchasesHybridCommon.build/Release-iphoneos/PurchasesHybridCommon.build/DerivedSources-normal/arm64 -Xcc -I/Users/runner/Library/Developer/Xcode/DerivedData/App-bftnsirjgxxrogcvaqjekecjqrkn/Build/Intermediates.noindex/ArchiveIntermediates/App/IntermediateBuildFilesPath/PurchasesHybridCommon.build/Release-iphoneos/PurchasesHybridCommon.build/DerivedSources/arm64 -Xcc -I/Users/runner/Library/Developer/Xcode/DerivedData/App-bftnsirjgxxrogcvaqjekecjqrkn/Build/Intermediates.noindex/ArchiveIntermediates/App/IntermediateBuildFilesPath/PurchasesHybridCommon.build/Release-iphoneos/PurchasesHybridCommon.build/DerivedSources -Xcc -DSWIFT_PACKAGE -emit-objc-header -emit-objc-header-path /Users/runner/Library/Developer/Xcode/DerivedData/App-bftnsirjgxxrogcvaqjekecjqrkn/Build/Intermediates.noindex/ArchiveIntermediates/App/IntermediateBuildFilesPath/PurchasesHybridCommon.build/Release-iphoneos/PurchasesHybridCommon.build/Objects-normal/arm64/PurchasesHybridCommon-Swift.h -working-directory /Users/runner/work/focusher-app/focusher-app/ios/App/App.xcodeproj -no-emit-module-separately-wmo

SwiftDriverJobDiscovery normal arm64 Compiling AdReward+HybridAdditions.swift, CommonFunctionality.swift, CommonPurchaseParams.swift, Constants.swift, CustomerInfo+HybridAdditions.swift, EntitlementInfo+HybridAdditions.swift, EntitlementInfos+HybridAdditions.swift, EntitlementVerificationMode+HybridAdditions.swift, Enums+HybridAdditions.swift, ErrorContainer.swift, FatalErrorUtil.swift, IOSAPIAvailabilityChecker.swift, IntroEligibility+HybridExtensions.swift, NSDate+HybridAdditions.swift, NonSubscriptionTransaction+HybridAdditions.swift, Offering+HybridAdditions.swift, Offerings+HybridAdditions.swift, Package+HybridAdditions.swift, PromotionalOffer+HybridAdditions.swift, PurchaseParamsBuilder+HybridExtensions.swift, Purchases+HybridAdditions.swift, PurchasesAreCompletedBy+HybridAdditions.swift, RefundRequestStatus+HybridAdditions.swift, RewardVerificationResult+HybridAdditions.swift, RewardVerificationToken+HybridAdditions.swift, StoreKitVersion+HybridAdditions.swift, StoreProduct+HybridAdditions.swift, StoreProductDiscount+HybridAdditions.swift, StoreTransaction+HybridAdditions.swift, SubscriptionInfo+HybridAdditions.swift, VirtualCurrencies+HybridAdditions.swift, VirtualCurrency+HybridAdditions.swift, WinBackOffer+HybridAdditions.swift (in target 'PurchasesHybridCommon' from project 'PurchasesHybridCommon')

SwiftDriver\ Compilation\ Requirements PurchasesHybridCommon normal arm64 com.apple.xcode.tools.swift.compiler (in target 'PurchasesHybridCommon' from project 'PurchasesHybridCommon')
    cd /Users/runner/work/focusher-app/focusher-app/ios/App/App.xcodeproj
    builtin-Swift-Compilation-Requirements -- /Applications/Xcode_26.6.app/Contents/Developer/Toolchains/XcodeDefault.xctoolchain/usr/bin/swiftc -module-name PurchasesHybridCommon -O -whole-module-optimization @/Users/runner/Library/Developer/Xcode/DerivedData/App-bftnsirjgxxrogcvaqjekecjqrkn/Build/Intermediates.noindex/ArchiveIntermediates/App/IntermediateBuildFilesPath/PurchasesHybridCommon.build/Release-iphoneos/PurchasesHybridCommon.build/Objects-normal/arm64/PurchasesHybridCommon.SwiftFileList -DSWIFT_PACKAGE -DSWIFT_MODULE_RESOURCE_BUNDLE_UNAVAILABLE -DXcode -plugin-path /Applications/Xcode_26.6.app/Contents/Developer/Toolchains/XcodeDefault.xctoolchain/usr/lib/swift/host/plugins/testing -enable-experimental-feature DebugDescriptionMacro -sdk /Applications/Xcode_26.6.app/Contents/Developer/Platforms/iPhoneOS.platform/Developer/SDKs/iPhoneOS26.5.sdk -target arm64-apple-ios13.0 -g -module-cache-path /Users/runner/Library/Developer/Xcode/DerivedData/ModuleCache.noindex -Xfrontend -serialize-debugging-options -suppress-warnings -swift-version 5 -I /Users/runner/Library/Developer/Xcode/DerivedData/App-bftnsirjgxxrogcvaqjekecjqrkn/Build/Intermediates.noindex/ArchiveIntermediates/App/BuildProductsPath/Release-iphoneos -Isystem /Applications/Xcode_26.6.app/Contents/Developer/Platforms/iPhoneOS.platform/Developer/usr/lib -F /Users/runner/Library/Developer/Xcode/DerivedData/App-bftnsirjgxxrogcvaqjekecjqrkn/Build/Intermediates.noindex/ArchiveIntermediates/App/BuildProductsPath/Release-iphoneos/PackageFrameworks -F /Users/runner/Library/Developer/Xcode/DerivedData/App-bftnsirjgxxrogcvaqjekecjqrkn/Build/Intermediates.noindex/ArchiveIntermediates/App/BuildProductsPath/Release-iphoneos -F /Applications/Xcode_26.6.app/Contents/Developer/Platforms/iPhoneOS.platform/Developer/Library/Frameworks -F /Applications/Xcode_26.6.app/Contents/Developer/Platforms/iPhoneOS.platform/Developer/SDKs/iPhoneOS26.5.sdk/Developer/Library/Frameworks -c -num-threads 3 -Xcc -ivfsstatcache -Xcc /Users/runner/Library/Developer/Xcode/DerivedData/SDKStatCaches.noindex/iphoneos26.5-23F81a-688ef53f1462e2c8f657fdc38a81448fee66e23052a0157c865c76b268046726.sdkstatcache -output-file-map /Users/runner/Library/Developer/Xcode/DerivedData/App-bftnsirjgxxrogcvaqjekecjqrkn/Build/Intermediates.noindex/ArchiveIntermediates/App/IntermediateBuildFilesPath/PurchasesHybridCommon.build/Release-iphoneos/PurchasesHybridCommon.build/Objects-normal/arm64/PurchasesHybridCommon-OutputFileMap.json -use-frontend-parseable-output -save-temps -no-color-diagnostics -explicit-module-build -module-cache-path /Users/runner/Library/Developer/Xcode/DerivedData/App-bftnsirjgxxrogcvaqjekecjqrkn/Build/Intermediates.noindex/ArchiveIntermediates/App/IntermediateBuildFilesPath/SwiftExplicitPrecompiledModules -clang-scanner-module-cache-path /Users/runner/Library/Developer/Xcode/DerivedData/ModuleCache.noindex -sdk-module-cache-path /Users/runner/Library/Developer/Xcode/DerivedData/ModuleCache.noindex -serialize-diagnostics -emit-dependencies -emit-module -emit-module-path /Users/runner/Library/Developer/Xcode/DerivedData/App-bftnsirjgxxrogcvaqjekecjqrkn/Build/Intermediates.noindex/ArchiveIntermediates/App/IntermediateBuildFilesPath/PurchasesHybridCommon.build/Release-iphoneos/PurchasesHybridCommon.build/Objects-normal/arm64/PurchasesHybridCommon.swiftmodule -validate-clang-modules-once -clang-build-session-file /Users/runner/Library/Developer/Xcode/DerivedData/ModuleCache.noindex/Session.modulevalidation -package-name purchases_hybrid_common -Xcc -I/Users/runner/Library/Developer/Xcode/DerivedData/App-bftnsirjgxxrogcvaqjekecjqrkn/Build/Intermediates.noindex/ArchiveIntermediates/App/IntermediateBuildFilesPath/PurchasesHybridCommon.build/Release-iphoneos/PurchasesHybridCommon.build/swift-overrides.hmap -emit-const-values -Xfrontend -const-gather-protocols-file -Xfrontend /Users/runner/Library/Developer/Xcode/DerivedData/App-bftnsirjgxxrogcvaqjekecjqrkn/Build/Intermediates.noindex/ArchiveIntermediates/App/IntermediateBuildFilesPath/PurchasesHybridCommon.build/Release-iphoneos/PurchasesHybridCommon.build/Objects-normal/arm64/PurchasesHybridCommon_const_extract_protocols.json -Xcc -I/Users/runner/Library/Developer/Xcode/DerivedData/App-bftnsirjgxxrogcvaqjekecjqrkn/Build/Intermediates.noindex/ArchiveIntermediates/App/BuildProductsPath/Release-iphoneos/include -Xcc -I/Users/runner/Library/Developer/Xcode/DerivedData/App-bftnsirjgxxrogcvaqjekecjqrkn/Build/Intermediates.noindex/ArchiveIntermediates/App/IntermediateBuildFilesPath/PurchasesHybridCommon.build/Release-iphoneos/PurchasesHybridCommon.build/DerivedSources-normal/arm64 -Xcc -I/Users/runner/Library/Developer/Xcode/DerivedData/App-bftnsirjgxxrogcvaqjekecjqrkn/Build/Intermediates.noindex/ArchiveIntermediates/App/IntermediateBuildFilesPath/PurchasesHybridCommon.build/Release-iphoneos/PurchasesHybridCommon.build/DerivedSources/arm64 -Xcc -I/Users/runner/Library/Developer/Xcode/DerivedData/App-bftnsirjgxxrogcvaqjekecjqrkn/Build/Intermediates.noindex/ArchiveIntermediates/App/IntermediateBuildFilesPath/PurchasesHybridCommon.build/Release-iphoneos/PurchasesHybridCommon.build/DerivedSources -Xcc -DSWIFT_PACKAGE -emit-objc-header -emit-objc-header-path /Users/runner/Library/Developer/Xcode/DerivedData/App-bftnsirjgxxrogcvaqjekecjqrkn/Build/Intermediates.noindex/ArchiveIntermediates/App/IntermediateBuildFilesPath/PurchasesHybridCommon.build/Release-iphoneos/PurchasesHybridCommon.build/Objects-normal/arm64/PurchasesHybridCommon-Swift.h -working-directory /Users/runner/work/focusher-app/focusher-app/ios/App/App.xcodeproj -no-emit-module-separately-wmo

SwiftMergeGeneratedHeaders /Users/runner/Library/Developer/Xcode/DerivedData/App-bftnsirjgxxrogcvaqjekecjqrkn/Build/Intermediates.noindex/ArchiveIntermediates/App/IntermediateBuildFilesPath/GeneratedModuleMaps-iphoneos/PurchasesHybridCommon-Swift.h /Users/runner/Library/Developer/Xcode/DerivedData/App-bftnsirjgxxrogcvaqjekecjqrkn/Build/Intermediates.noindex/ArchiveIntermediates/App/IntermediateBuildFilesPath/PurchasesHybridCommon.build/Release-iphoneos/PurchasesHybridCommon.build/Objects-normal/arm64/PurchasesHybridCommon-Swift.h (in target 'PurchasesHybridCommon' from project 'PurchasesHybridCommon')
    cd /Users/runner/Library/Developer/Xcode/DerivedData/App-bftnsirjgxxrogcvaqjekecjqrkn/SourcePackages/checkouts/purchases-hybrid-common
    builtin-swiftHeaderTool -arch arm64 /Users/runner/Library/Developer/Xcode/DerivedData/App-bftnsirjgxxrogcvaqjekecjqrkn/Build/Intermediates.noindex/ArchiveIntermediates/App/IntermediateBuildFilesPath/PurchasesHybridCommon.build/Release-iphoneos/PurchasesHybridCommon.build/Objects-normal/arm64/PurchasesHybridCommon-Swift.h -o /Users/runner/Library/Developer/Xcode/DerivedData/App-bftnsirjgxxrogcvaqjekecjqrkn/Build/Intermediates.noindex/ArchiveIntermediates/App/IntermediateBuildFilesPath/GeneratedModuleMaps-iphoneos/PurchasesHybridCommon-Swift.h

Copy /Users/runner/Library/Developer/Xcode/DerivedData/App-bftnsirjgxxrogcvaqjekecjqrkn/Build/Intermediates.noindex/ArchiveIntermediates/App/BuildProductsPath/Release-iphoneos/PurchasesHybridCommon.swiftmodule/arm64-apple-ios.swiftdoc /Users/runner/Library/Developer/Xcode/DerivedData/App-bftnsirjgxxrogcvaqjekecjqrkn/Build/Intermediates.noindex/ArchiveIntermediates/App/IntermediateBuildFilesPath/PurchasesHybridCommon.build/Release-iphoneos/PurchasesHybridCommon.build/Objects-normal/arm64/PurchasesHybridCommon.swiftdoc (in target 'PurchasesHybridCommon' from project 'PurchasesHybridCommon')
    cd /Users/runner/Library/Developer/Xcode/DerivedData/App-bftnsirjgxxrogcvaqjekecjqrkn/SourcePackages/checkouts/purchases-hybrid-common
    builtin-copy -exclude .DS_Store -exclude CVS -exclude .svn -exclude .git -exclude .hg -strip-unsigned-binaries -strip-deterministic -strip-tool /Applications/Xcode_26.6.app/Contents/Developer/Toolchains/XcodeDefault.xctoolchain/usr/bin/strip -resolve-src-symlinks -rename /Users/runner/Library/Developer/Xcode/DerivedData/App-bftnsirjgxxrogcvaqjekecjqrkn/Build/Intermediates.noindex/ArchiveIntermediates/App/IntermediateBuildFilesPath/PurchasesHybridCommon.build/Release-iphoneos/PurchasesHybridCommon.build/Objects-normal/arm64/PurchasesHybridCommon.swiftdoc /Users/runner/Library/Developer/Xcode/DerivedData/App-bftnsirjgxxrogcvaqjekecjqrkn/Build/Intermediates.noindex/ArchiveIntermediates/App/BuildProductsPath/Release-iphoneos/PurchasesHybridCommon.swiftmodule/arm64-apple-ios.swiftdoc

Copy /Users/runner/Library/Developer/Xcode/DerivedData/App-bftnsirjgxxrogcvaqjekecjqrkn/Build/Intermediates.noindex/ArchiveIntermediates/App/BuildProductsPath/Release-iphoneos/PurchasesHybridCommon.swiftmodule/arm64-apple-ios.swiftmodule /Users/runner/Library/Developer/Xcode/DerivedData/App-bftnsirjgxxrogcvaqjekecjqrkn/Build/Intermediates.noindex/ArchiveIntermediates/App/IntermediateBuildFilesPath/PurchasesHybridCommon.build/Release-iphoneos/PurchasesHybridCommon.build/Objects-normal/arm64/PurchasesHybridCommon.swiftmodule (in target 'PurchasesHybridCommon' from project 'PurchasesHybridCommon')
    cd /Users/runner/Library/Developer/Xcode/DerivedData/App-bftnsirjgxxrogcvaqjekecjqrkn/SourcePackages/checkouts/purchases-hybrid-common
    builtin-copy -exclude .DS_Store -exclude CVS -exclude .svn -exclude .git -exclude .hg -strip-unsigned-binaries -strip-deterministic -strip-tool /Applications/Xcode_26.6.app/Contents/Developer/Toolchains/XcodeDefault.xctoolchain/usr/bin/strip -resolve-src-symlinks -rename /Users/runner/Library/Developer/Xcode/DerivedData/App-bftnsirjgxxrogcvaqjekecjqrkn/Build/Intermediates.noindex/ArchiveIntermediates/App/IntermediateBuildFilesPath/PurchasesHybridCommon.build/Release-iphoneos/PurchasesHybridCommon.build/Objects-normal/arm64/PurchasesHybridCommon.swiftmodule /Users/runner/Library/Developer/Xcode/DerivedData/App-bftnsirjgxxrogcvaqjekecjqrkn/Build/Intermediates.noindex/ArchiveIntermediates/App/BuildProductsPath/Release-iphoneos/PurchasesHybridCommon.swiftmodule/arm64-apple-ios.swiftmodule

Copy /Users/runner/Library/Developer/Xcode/DerivedData/App-bftnsirjgxxrogcvaqjekecjqrkn/Build/Intermediates.noindex/ArchiveIntermediates/App/BuildProductsPath/Release-iphoneos/PurchasesHybridCommon.swiftmodule/arm64-apple-ios.abi.json /Users/runner/Library/Developer/Xcode/DerivedData/App-bftnsirjgxxrogcvaqjekecjqrkn/Build/Intermediates.noindex/ArchiveIntermediates/App/IntermediateBuildFilesPath/PurchasesHybridCommon.build/Release-iphoneos/PurchasesHybridCommon.build/Objects-normal/arm64/PurchasesHybridCommon.abi.json (in target 'PurchasesHybridCommon' from project 'PurchasesHybridCommon')
    cd /Users/runner/Library/Developer/Xcode/DerivedData/App-bftnsirjgxxrogcvaqjekecjqrkn/SourcePackages/checkouts/purchases-hybrid-common
    builtin-copy -exclude .DS_Store -exclude CVS -exclude .svn -exclude .git -exclude .hg -strip-unsigned-binaries -strip-deterministic -strip-tool /Applications/Xcode_26.6.app/Contents/Developer/Toolchains/XcodeDefault.xctoolchain/usr/bin/strip -resolve-src-symlinks -rename /Users/runner/Library/Developer/Xcode/DerivedData/App-bftnsirjgxxrogcvaqjekecjqrkn/Build/Intermediates.noindex/ArchiveIntermediates/App/IntermediateBuildFilesPath/PurchasesHybridCommon.build/Release-iphoneos/PurchasesHybridCommon.build/Objects-normal/arm64/PurchasesHybridCommon.abi.json /Users/runner/Library/Developer/Xcode/DerivedData/App-bftnsirjgxxrogcvaqjekecjqrkn/Build/Intermediates.noindex/ArchiveIntermediates/App/BuildProductsPath/Release-iphoneos/PurchasesHybridCommon.swiftmodule/arm64-apple-ios.abi.json

Ld /Users/runner/Library/Developer/Xcode/DerivedData/App-bftnsirjgxxrogcvaqjekecjqrkn/Build/Intermediates.noindex/ArchiveIntermediates/App/IntermediateBuildFilesPath/UninstalledProducts/iphoneos/PurchasesHybridCommon.o normal (in target 'PurchasesHybridCommon' from project 'PurchasesHybridCommon')
    cd /Users/runner/Library/Developer/Xcode/DerivedData/App-bftnsirjgxxrogcvaqjekecjqrkn/SourcePackages/checkouts/purchases-hybrid-common
    /Applications/Xcode_26.6.app/Contents/Developer/Toolchains/XcodeDefault.xctoolchain/usr/bin/clang -Xlinker -reproducible -target arm64-apple-ios13.0 -r -isysroot /Applications/Xcode_26.6.app/Contents/Developer/Platforms/iPhoneOS.platform/Developer/SDKs/iPhoneOS26.5.sdk -Os -w -F/Users/runner/Library/Developer/Xcode/DerivedData/App-bftnsirjgxxrogcvaqjekecjqrkn/Build/Intermediates.noindex/ArchiveIntermediates/App/IntermediateBuildFilesPath/EagerLinkingTBDs/Release-iphoneos -F/Users/runner/Library/Developer/Xcode/DerivedData/App-bftnsirjgxxrogcvaqjekecjqrkn/Build/Intermediates.noindex/ArchiveIntermediates/App/BuildProductsPath/Release-iphoneos/PackageFrameworks -F/Users/runner/Library/Developer/Xcode/DerivedData/App-bftnsirjgxxrogcvaqjekecjqrkn/Build/Intermediates.noindex/ArchiveIntermediates/App/BuildProductsPath/Release-iphoneos -iframework /Applications/Xcode_26.6.app/Contents/Developer/Platforms/iPhoneOS.platform/Developer/Library/Frameworks -iframework /Applications/Xcode_26.6.app/Contents/Developer/Platforms/iPhoneOS.platform/Developer/SDKs/iPhoneOS26.5.sdk/Developer/Library/Frameworks -filelist /Users/runner/Library/Developer/Xcode/DerivedData/App-bftnsirjgxxrogcvaqjekecjqrkn/Build/Intermediates.noindex/ArchiveIntermediates/App/IntermediateBuildFilesPath/PurchasesHybridCommon.build/Release-iphoneos/PurchasesHybridCommon.build/Objects-normal/arm64/PurchasesHybridCommon.LinkFileList -nostdlib -Xlinker -object_path_lto -Xlinker /Users/runner/Library/Developer/Xcode/DerivedData/App-bftnsirjgxxrogcvaqjekecjqrkn/Build/Intermediates.noindex/ArchiveIntermediates/App/IntermediateBuildFilesPath/PurchasesHybridCommon.build/Release-iphoneos/PurchasesHybridCommon.build/Objects-normal/arm64/PurchasesHybridCommon_lto.o -Xlinker -dependency_info -Xlinker /Users/runner/Library/Developer/Xcode/DerivedData/App-bftnsirjgxxrogcvaqjekecjqrkn/Build/Intermediates.noindex/ArchiveIntermediates/App/IntermediateBuildFilesPath/PurchasesHybridCommon.build/Release-iphoneos/PurchasesHybridCommon.build/Objects-normal/arm64/PurchasesHybridCommon_dependency_info.dat -fobjc-link-runtime -L/Applications/Xcode_26.6.app/Contents/Developer/Toolchains/XcodeDefault.xctoolchain/usr/lib/swift/iphoneos -L/usr/lib/swift -Xlinker -add_ast_path -Xlinker /Users/runner/Library/Developer/Xcode/DerivedData/App-bftnsirjgxxrogcvaqjekecjqrkn/Build/Intermediates.noindex/ArchiveIntermediates/App/IntermediateBuildFilesPath/PurchasesHybridCommon.build/Release-iphoneos/PurchasesHybridCommon.build/Objects-normal/arm64/PurchasesHybridCommon.swiftmodule @/Users/runner/Library/Developer/Xcode/DerivedData/App-bftnsirjgxxrogcvaqjekecjqrkn/Build/Intermediates.noindex/ArchiveIntermediates/App/IntermediateBuildFilesPath/PurchasesHybridCommon.build/Release-iphoneos/PurchasesHybridCommon.build/Objects-normal/arm64/PurchasesHybridCommon-linker-args.resp -o /Users/runner/Library/Developer/Xcode/DerivedData/App-bftnsirjgxxrogcvaqjekecjqrkn/Build/Intermediates.noindex/ArchiveIntermediates/App/IntermediateBuildFilesPath/UninstalledProducts/iphoneos/PurchasesHybridCommon.o

SwiftDriver RevenuecatPurchasesCapacitor normal arm64 com.apple.xcode.tools.swift.compiler (in target 'RevenuecatPurchasesCapacitor' from project 'RevenuecatPurchasesCapacitor')
    cd /Users/runner/work/focusher-app/focusher-app/ios/App/App.xcodeproj
    builtin-SwiftDriver -- /Applications/Xcode_26.6.app/Contents/Developer/Toolchains/XcodeDefault.xctoolchain/usr/bin/swiftc -module-name RevenuecatPurchasesCapacitor -O -whole-module-optimization @/Users/runner/Library/Developer/Xcode/DerivedData/App-bftnsirjgxxrogcvaqjekecjqrkn/Build/Intermediates.noindex/ArchiveIntermediates/App/IntermediateBuildFilesPath/RevenuecatPurchasesCapacitor.build/Release-iphoneos/RevenuecatPurchasesCapacitor.build/Objects-normal/arm64/RevenuecatPurchasesCapacitor.SwiftFileList -DSWIFT_PACKAGE -DSWIFT_MODULE_RESOURCE_BUNDLE_UNAVAILABLE -DXcode -plugin-path /Applications/Xcode_26.6.app/Contents/Developer/Toolchains/XcodeDefault.xctoolchain/usr/lib/swift/host/plugins/testing -enable-experimental-feature DebugDescriptionMacro -sdk /Applications/Xcode_26.6.app/Contents/Developer/Platforms/iPhoneOS.platform/Developer/SDKs/iPhoneOS26.5.sdk -target arm64-apple-ios15.0 -g -module-cache-path /Users/runner/Library/Developer/Xcode/DerivedData/ModuleCache.noindex -Xfrontend -serialize-debugging-options -suppress-warnings -swift-version 5 -I /Users/runner/Library/Developer/Xcode/DerivedData/App-bftnsirjgxxrogcvaqjekecjqrkn/Build/Intermediates.noindex/ArchiveIntermediates/App/BuildProductsPath/Release-iphoneos -Isystem /Applications/Xcode_26.6.app/Contents/Developer/Platforms/iPhoneOS.platform/Developer/usr/lib -F /Users/runner/Library/Developer/Xcode/DerivedData/App-bftnsirjgxxrogcvaqjekecjqrkn/Build/Intermediates.noindex/ArchiveIntermediates/App/BuildProductsPath/Release-iphoneos/PackageFrameworks -F /Users/runner/Library/Developer/Xcode/DerivedData/App-bftnsirjgxxrogcvaqjekecjqrkn/Build/Intermediates.noindex/ArchiveIntermediates/App/BuildProductsPath/Release-iphoneos/PackageFrameworks -F /Users/runner/Library/Developer/Xcode/DerivedData/App-bftnsirjgxxrogcvaqjekecjqrkn/Build/Intermediates.noindex/ArchiveIntermediates/App/BuildProductsPath/Release-iphoneos -F /Applications/Xcode_26.6.app/Contents/Developer/Platforms/iPhoneOS.platform/Developer/Library/Frameworks -F /Applications/Xcode_26.6.app/Contents/Developer/Platforms/iPhoneOS.platform/Developer/SDKs/iPhoneOS26.5.sdk/Developer/Library/Frameworks -c -num-threads 3 -Xcc -ivfsstatcache -Xcc /Users/runner/Library/Developer/Xcode/DerivedData/SDKStatCaches.noindex/iphoneos26.5-23F81a-688ef53f1462e2c8f657fdc38a81448fee66e23052a0157c865c76b268046726.sdkstatcache -output-file-map /Users/runner/Library/Developer/Xcode/DerivedData/App-bftnsirjgxxrogcvaqjekecjqrkn/Build/Intermediates.noindex/ArchiveIntermediates/App/IntermediateBuildFilesPath/RevenuecatPurchasesCapacitor.build/Release-iphoneos/RevenuecatPurchasesCapacitor.build/Objects-normal/arm64/RevenuecatPurchasesCapacitor-OutputFileMap.json -use-frontend-parseable-output -save-temps -no-color-diagnostics -explicit-module-build -module-cache-path /Users/runner/Library/Developer/Xcode/DerivedData/App-bftnsirjgxxrogcvaqjekecjqrkn/Build/Intermediates.noindex/ArchiveIntermediates/App/IntermediateBuildFilesPath/SwiftExplicitPrecompiledModules -clang-scanner-module-cache-path /Users/runner/Library/Developer/Xcode/DerivedData/ModuleCache.noindex -sdk-module-cache-path /Users/runner/Library/Developer/Xcode/DerivedData/ModuleCache.noindex -serialize-diagnostics -emit-dependencies -emit-module -emit-module-path /Users/runner/Library/Developer/Xcode/DerivedData/App-bftnsirjgxxrogcvaqjekecjqrkn/Build/Intermediates.noindex/ArchiveIntermediates/App/IntermediateBuildFilesPath/RevenuecatPurchasesCapacitor.build/Release-iphoneos/RevenuecatPurchasesCapacitor.build/Objects-normal/arm64/RevenuecatPurchasesCapacitor.swiftmodule -validate-clang-modules-once -clang-build-session-file /Users/runner/Library/Developer/Xcode/DerivedData/ModuleCache.noindex/Session.modulevalidation -package-name purchases_capacitor -Xcc -I/Users/runner/Library/Developer/Xcode/DerivedData/App-bftnsirjgxxrogcvaqjekecjqrkn/Build/Intermediates.noindex/ArchiveIntermediates/App/IntermediateBuildFilesPath/RevenuecatPurchasesCapacitor.build/Release-iphoneos/RevenuecatPurchasesCapacitor.build/swift-overrides.hmap -emit-const-values -Xfrontend -const-gather-protocols-file -Xfrontend /Users/runner/Library/Developer/Xcode/DerivedData/App-bftnsirjgxxrogcvaqjekecjqrkn/Build/Intermediates.noindex/ArchiveIntermediates/App/IntermediateBuildFilesPath/RevenuecatPurchasesCapacitor.build/Release-iphoneos/RevenuecatPurchasesCapacitor.build/Objects-normal/arm64/RevenuecatPurchasesCapacitor_const_extract_protocols.json -Xcc -I/Users/runner/Library/Developer/Xcode/DerivedData/App-bftnsirjgxxrogcvaqjekecjqrkn/Build/Intermediates.noindex/ArchiveIntermediates/App/BuildProductsPath/Release-iphoneos/include -Xcc -I/Users/runner/Library/Developer/Xcode/DerivedData/App-bftnsirjgxxrogcvaqjekecjqrkn/Build/Intermediates.noindex/ArchiveIntermediates/App/IntermediateBuildFilesPath/RevenuecatPurchasesCapacitor.build/Release-iphoneos/RevenuecatPurchasesCapacitor.build/DerivedSources-normal/arm64 -Xcc -I/Users/runner/Library/Developer/Xcode/DerivedData/App-bftnsirjgxxrogcvaqjekecjqrkn/Build/Intermediates.noindex/ArchiveIntermediates/App/IntermediateBuildFilesPath/RevenuecatPurchasesCapacitor.build/Release-iphoneos/RevenuecatPurchasesCapacitor.build/DerivedSources/arm64 -Xcc -I/Users/runner/Library/Developer/Xcode/DerivedData/App-bftnsirjgxxrogcvaqjekecjqrkn/Build/Intermediates.noindex/ArchiveIntermediates/App/IntermediateBuildFilesPath/RevenuecatPurchasesCapacitor.build/Release-iphoneos/RevenuecatPurchasesCapacitor.build/DerivedSources -Xcc -DSWIFT_PACKAGE -emit-objc-header -emit-objc-header-path /Users/runner/Library/Developer/Xcode/DerivedData/App-bftnsirjgxxrogcvaqjekecjqrkn/Build/Intermediates.noindex/ArchiveIntermediates/App/IntermediateBuildFilesPath/RevenuecatPurchasesCapacitor.build/Release-iphoneos/RevenuecatPurchasesCapacitor.build/Objects-normal/arm64/RevenuecatPurchasesCapacitor-Swift.h -working-directory /Users/runner/work/focusher-app/focusher-app/ios/App/App.xcodeproj -no-emit-module-separately-wmo

ExtractAppIntentsMetadata (in target 'PurchasesHybridCommon' from project 'PurchasesHybridCommon')
    cd /Users/runner/Library/Developer/Xcode/DerivedData/App-bftnsirjgxxrogcvaqjekecjqrkn/SourcePackages/checkouts/purchases-hybrid-common
    /Applications/Xcode_26.6.app/Contents/Developer/Toolchains/XcodeDefault.xctoolchain/usr/bin/appintentsmetadataprocessor --toolchain-dir /var/run/com.apple.security.cryptexd/mnt/com.apple.MobileAsset.MetalToolchain-v17.6.109.0.Or93n4/Metal.xctoolchain --module-name PurchasesHybridCommon --sdk-root /Applications/Xcode_26.6.app/Contents/Developer/Platforms/iPhoneOS.platform/Developer/SDKs/iPhoneOS26.5.sdk --xcode-version 17F113 --platform-family iOS --deployment-target 13.0 --bundle-identifier purchases-hybrid-common.PurchasesHybridCommon --output /Users/runner/Library/Developer/Xcode/DerivedData/App-bftnsirjgxxrogcvaqjekecjqrkn/Build/Intermediates.noindex/ArchiveIntermediates/App/IntermediateBuildFilesPath/UninstalledProducts/iphoneos/PurchasesHybridCommon.appintents --target-triple arm64-apple-ios13.0 --binary-file /Users/runner/Library/Developer/Xcode/DerivedData/App-bftnsirjgxxrogcvaqjekecjqrkn/Build/Intermediates.noindex/ArchiveIntermediates/App/IntermediateBuildFilesPath/UninstalledProducts/iphoneos/PurchasesHybridCommon.o --dependency-file /Users/runner/Library/Developer/Xcode/DerivedData/App-bftnsirjgxxrogcvaqjekecjqrkn/Build/Intermediates.noindex/ArchiveIntermediates/App/IntermediateBuildFilesPath/PurchasesHybridCommon.build/Release-iphoneos/PurchasesHybridCommon.build/Objects-normal/arm64/PurchasesHybridCommon_dependency_info.dat --stringsdata-file /Users/runner/Library/Developer/Xcode/DerivedData/App-bftnsirjgxxrogcvaqjekecjqrkn/Build/Intermediates.noindex/ArchiveIntermediates/App/IntermediateBuildFilesPath/PurchasesHybridCommon.build/Release-iphoneos/PurchasesHybridCommon.build/Objects-normal/arm64/ExtractedAppShortcutsMetadata.stringsdata --source-file-list /Users/runner/Library/Developer/Xcode/DerivedData/App-bftnsirjgxxrogcvaqjekecjqrkn/Build/Intermediates.noindex/ArchiveIntermediates/App/IntermediateBuildFilesPath/PurchasesHybridCommon.build/Release-iphoneos/PurchasesHybridCommon.build/Objects-normal/arm64/PurchasesHybridCommon.SwiftFileList --metadata-file-list /Users/runner/Library/Developer/Xcode/DerivedData/App-bftnsirjgxxrogcvaqjekecjqrkn/Build/Intermediates.noindex/ArchiveIntermediates/App/IntermediateBuildFilesPath/PurchasesHybridCommon.build/Release-iphoneos/PurchasesHybridCommon.build/PurchasesHybridCommon.DependencyMetadataFileList --static-metadata-file-list /Users/runner/Library/Developer/Xcode/DerivedData/App-bftnsirjgxxrogcvaqjekecjqrkn/Build/Intermediates.noindex/ArchiveIntermediates/App/IntermediateBuildFilesPath/PurchasesHybridCommon.build/Release-iphoneos/PurchasesHybridCommon.build/PurchasesHybridCommon.DependencyStaticMetadataFileList --swift-const-vals-list /Users/runner/Library/Developer/Xcode/DerivedData/App-bftnsirjgxxrogcvaqjekecjqrkn/Build/Intermediates.noindex/ArchiveIntermediates/App/IntermediateBuildFilesPath/PurchasesHybridCommon.build/Release-iphoneos/PurchasesHybridCommon.build/Objects-normal/arm64/PurchasesHybridCommon.SwiftConstValuesFileList --force --compile-time-extraction --deployment-aware-processing --validate-assistant-intents --no-app-shortcuts-localization
2026-10-06 21:44:34.137 appintentsmetadataprocessor[6824:23769] Starting appintentsmetadataprocessor export
2026-10-06 21:44:34.148 appintentsmetadataprocessor[6824:23769] Extracted no relevant App Intents symbols, skipping writing output

SetOwnerAndGroup runner:staff /Users/runner/Library/Developer/Xcode/DerivedData/App-bftnsirjgxxrogcvaqjekecjqrkn/Build/Intermediates.noindex/ArchiveIntermediates/App/IntermediateBuildFilesPath/UninstalledProducts/iphoneos/PurchasesHybridCommon.o (in target 'PurchasesHybridCommon' from project 'PurchasesHybridCommon')
    cd /Users/runner/Library/Developer/Xcode/DerivedData/App-bftnsirjgxxrogcvaqjekecjqrkn/SourcePackages/checkouts/purchases-hybrid-common
    /usr/sbin/chown -RH runner:staff /Users/runner/Library/Developer/Xcode/DerivedData/App-bftnsirjgxxrogcvaqjekecjqrkn/Build/Intermediates.noindex/ArchiveIntermediates/App/IntermediateBuildFilesPath/UninstalledProducts/iphoneos/PurchasesHybridCommon.o

SetMode u+w,go-w,a+rX /Users/runner/Library/Developer/Xcode/DerivedData/App-bftnsirjgxxrogcvaqjekecjqrkn/Build/Intermediates.noindex/ArchiveIntermediates/App/IntermediateBuildFilesPath/UninstalledProducts/iphoneos/PurchasesHybridCommon.o (in target 'PurchasesHybridCommon' from project 'PurchasesHybridCommon')
    cd /Users/runner/Library/Developer/Xcode/DerivedData/App-bftnsirjgxxrogcvaqjekecjqrkn/SourcePackages/checkouts/purchases-hybrid-common
    /bin/chmod -RH u+w,go-w,a+rX /Users/runner/Library/Developer/Xcode/DerivedData/App-bftnsirjgxxrogcvaqjekecjqrkn/Build/Intermediates.noindex/ArchiveIntermediates/App/IntermediateBuildFilesPath/UninstalledProducts/iphoneos/PurchasesHybridCommon.o

RegisterExecutionPolicyException /Users/runner/Library/Developer/Xcode/DerivedData/App-bftnsirjgxxrogcvaqjekecjqrkn/Build/Intermediates.noindex/ArchiveIntermediates/App/IntermediateBuildFilesPath/UninstalledProducts/iphoneos/PurchasesHybridCommon.o (in target 'PurchasesHybridCommon' from project 'PurchasesHybridCommon')
    cd /Users/runner/Library/Developer/Xcode/DerivedData/App-bftnsirjgxxrogcvaqjekecjqrkn/SourcePackages/checkouts/purchases-hybrid-common
    builtin-RegisterExecutionPolicyException /Users/runner/Library/Developer/Xcode/DerivedData/App-bftnsirjgxxrogcvaqjekecjqrkn/Build/Intermediates.noindex/ArchiveIntermediates/App/IntermediateBuildFilesPath/UninstalledProducts/iphoneos/PurchasesHybridCommon.o

SwiftCompile normal arm64 Compiling\ CAPPluginCallExtensions.swift,\ PluginHelperExtensions.swift,\ PropertySetterPluginExtensions.swift,\ PurchasesPlugin.swift /Users/runner/work/focusher-app/focusher-app/node_modules/@revenuecat/purchases-capacitor/ios/Sources/RevenuecatPurchasesCapacitor/CAPPluginCallExtensions.swift /Users/runner/work/focusher-app/focusher-app/node_modules/@revenuecat/purchases-capacitor/ios/Sources/RevenuecatPurchasesCapacitor/PluginHelperExtensions.swift /Users/runner/work/focusher-app/focusher-app/node_modules/@revenuecat/purchases-capacitor/ios/Sources/RevenuecatPurchasesCapacitor/PropertySetterPluginExtensions.swift /Users/runner/work/focusher-app/focusher-app/node_modules/@revenuecat/purchases-capacitor/ios/Sources/RevenuecatPurchasesCapacitor/PurchasesPlugin.swift /Applications/Xcode_26.6.app/Contents/Developer/Toolchains/XcodeDefault.xctoolchain/usr/lib/swift/iphoneos/prebuilt-modules/26.5/LocalAuthentication.swiftmodule/arm64e-apple-ios.swiftmodule /Applications/Xcode_26.6.app/Contents/Developer/Toolchains/XcodeDefault.xctoolchain/usr/lib/swift/iphoneos/prebuilt-modules/26.5/Foundation.swiftmodule/arm64e-apple-ios.swiftmodule /Applications/Xcode_26.6.app/Contents/Developer/Toolchains/XcodeDefault.xctoolchain/usr/lib/swift/iphoneos/prebuilt-modules/26.5/Swift.swiftmodule/arm64e-apple-ios.swiftmodule /Applications/Xcode_26.6.app/Contents/Developer/Toolchains/XcodeDefault.xctoolchain/usr/lib/swift/iphoneos/prebuilt-modules/26.5/ObjectiveC.swiftmodule/arm64e-apple-ios.swiftmodule /Applications/Xcode_26.6.app/Contents/Developer/Toolchains/XcodeDefault.xctoolchain/usr/lib/swift/iphoneos/prebuilt-modules/26.5/os.swiftmodule/arm64e-apple-ios.swiftmodule /Applications/Xcode_26.6.app/Contents/Developer/Toolchains/XcodeDefault.xctoolchain/usr/lib/swift/iphoneos/prebuilt-modules/26.5/Dispatch.swiftmodule/arm64e-apple-ios.swiftmodule /Applications/Xcode_26.6.app/Contents/Developer/Toolchains/XcodeDefault.xctoolchain/usr/lib/swift/iphoneos/prebuilt-modules/26.5/_DarwinFoundation1.swiftmodule/arm64e-apple-ios.swiftmodule /Applications/Xcode_26.6.app/Contents/Developer/Toolchains/XcodeDefault.xctoolchain/usr/lib/swift/iphoneos/prebuilt-modules/26.5/CryptoKit.swiftmodule/arm64e-apple-ios.swiftmodule /Applications/Xcode_26.6.app/Contents/Developer/Toolchains/XcodeDefault.xctoolchain/usr/lib/swift/iphoneos/prebuilt-modules/26.5/Metal.swiftmodule/arm64e-apple-ios.swiftmodule /Applications/Xcode_26.6.app/Contents/Developer/Toolchains/XcodeDefault.xctoolchain/usr/lib/swift/iphoneos/prebuilt-modules/26.5/_DarwinFoundation3.swiftmodule/arm64e-apple-ios.swiftmodule /Applications/Xcode_26.6.app/Contents/Developer/Toolchains/XcodeDefault.xctoolchain/usr/lib/swift/iphoneos/prebuilt-modules/26.5/SwiftUICore.swiftmodule/arm64e-apple-ios.swiftmodule /Applications/Xcode_26.6.app/Contents/Developer/Toolchains/XcodeDefault.xctoolchain/usr/lib/swift/iphoneos/prebuilt-modules/26.5/_Concurrency.swiftmodule/arm64e-apple-ios.swiftmodule /Applications/Xcode_26.6.app/Contents/Developer/Toolchains/XcodeDefault.xctoolchain/usr/lib/swift/iphoneos/prebuilt-modules/26.5/OSLog.swiftmodule/arm64e-apple-ios.swiftmodule /Users/runner/Library/Developer/Xcode/DerivedData/App-bftnsirjgxxrogcvaqjekecjqrkn/Build/Intermediates.noindex/ArchiveIntermediates/App/BuildProductsPath/Release-iphoneos/PurchasesHybridCommon.swiftmodule/arm64-apple-ios.swiftmodule /Applications/Xcode_26.6.app/Contents/Developer/Toolchains/XcodeDefault.xctoolchain/usr/lib/swift/iphoneos/prebuilt-modules/26.5/BackgroundAssets.swiftmodule/arm64e-apple-ios.swiftmodule /Applications/Xcode_26.6.app/Contents/Developer/Toolchains/XcodeDefault.xctoolchain/usr/lib/swift/iphoneos/prebuilt-modules/26.5/CoreImage.swiftmodule/arm64e-apple-ios.swiftmodule /Applications/Xcode_26.6.app/Contents/Developer/Toolchains/XcodeDefault.xctoolchain/usr/lib/swift/iphoneos/prebuilt-modules/26.5/UIKit.swiftmodule/arm64e-apple-ios.swiftmodule /Applications/Xcode_26.6.app/Contents/Developer/Toolchains/XcodeDefault.xctoolchain/usr/lib/swift/iphoneos/prebuilt-modules/26.5/Accessibility.swiftmodule/arm64e-apple-ios.swiftmodule /Applications/Xcode_26.6.app/Contents/Developer/Toolchains/XcodeDefault.xctoolchain/usr/lib/swift/iphoneos/prebuilt-modules/26.5/Network.swiftmodule/arm64e-apple-ios.swiftmodule /Applications/Xcode_26.6.app/Contents/Developer/Toolchains/XcodeDefault.xctoolchain/usr/lib/swift/iphoneos/prebuilt-modules/26.5/XPC.swiftmodule/arm64e-apple-ios.swiftmodule /Applications/Xcode_26.6.app/Contents/Developer/Toolchains/XcodeDefault.xctoolchain/usr/lib/swift/iphoneos/prebuilt-modules/26.5/simd.swiftmodule/arm64e-apple-ios.swiftmodule /Users/runner/Library/Developer/Xcode/DerivedData/App-bftnsirjgxxrogcvaqjekecjqrkn/Build/Intermediates.noindex/ArchiveIntermediates/App/BuildProductsPath/Release-iphoneos/RevenueCat.swiftmodule/arm64-apple-ios.swiftmodule /Applications/Xcode_26.6.app/Contents/Developer/Toolchains/XcodeDefault.xctoolchain/usr/lib/swift/iphoneos/prebuilt-modules/26.5/LightweightCodeRequirements.swiftmodule/arm64e-apple-ios.swiftmodule /Applications/Xcode_26.6.app/Contents/Developer/Toolchains/XcodeDefault.xctoolchain/usr/lib/swift/iphoneos/prebuilt-modules/26.5/Observation.swiftmodule/arm64e-apple-ios.swiftmodule /Applications/Xcode_26.6.app/Contents/Developer/Toolchains/XcodeDefault.xctoolchain/usr/lib/swift/iphoneos/prebuilt-modules/26.5/FileProvider.swiftmodule/arm64e-apple-ios.swiftmodule /Applications/Xcode_26.6.app/Contents/Developer/Toolchains/XcodeDefault.xctoolchain/usr/lib/swift/iphoneos/prebuilt-modules/26.5/CoreGraphics.swiftmodule/arm64e-apple-ios.swiftmodule /Applications/Xcode_26.6.app/Contents/Developer/Toolchains/XcodeDefault.xctoolchain/usr/lib/swift/iphoneos/prebuilt-modules/26.5/_DarwinFoundation2.swiftmodule/arm64e-apple-ios.swiftmodule /Applications/Xcode_26.6.app/Contents/Developer/Toolchains/XcodeDefault.xctoolchain/usr/lib/swift/iphoneos/prebuilt-modules/26.5/Distributed.swiftmodule/arm64e-apple-ios.swiftmodule /Applications/Xcode_26.6.app/Contents/Developer/Toolchains/XcodeDefault.xctoolchain/usr/lib/swift/iphoneos/prebuilt-modules/26.5/SwiftUI.swiftmodule/arm64e-apple-ios.swiftmodule /Applications/Xcode_26.6.app/Contents/Developer/Toolchains/XcodeDefault.xctoolchain/usr/lib/swift/iphoneos/prebuilt-modules/26.5/DataDetection.swiftmodule/arm64e-apple-ios.swiftmodule /Applications/Xcode_26.6.app/Contents/Developer/Toolchains/XcodeDefault.xctoolchain/usr/lib/swift/iphoneos/prebuilt-modules/26.5/UniformTypeIdentifiers.swiftmodule/arm64e-apple-ios.swiftmodule /Applications/Xcode_26.6.app/Contents/Developer/Toolchains/XcodeDefault.xctoolchain/usr/lib/swift/iphoneos/prebuilt-modules/26.5/CoreData.swiftmodule/arm64e-apple-ios.swiftmodule /Applications/Xcode_26.6.app/Contents/Developer/Toolchains/XcodeDefault.xctoolchain/usr/lib/swift/iphoneos/prebuilt-modules/26.5/Combine.swiftmodule/arm64e-apple-ios.swiftmodule /Applications/Xcode_26.6.app/Contents/Developer/Toolchains/XcodeDefault.xctoolchain/usr/lib/swift/iphoneos/prebuilt-modules/26.5/CoreText.swiftmodule/arm64e-apple-ios.swiftmodule /Applications/Xcode_26.6.app/Contents/Developer/Toolchains/XcodeDefault.xctoolchain/usr/lib/swift/iphoneos/prebuilt-modules/26.5/Darwin.swiftmodule/arm64e-apple-ios.swiftmodule /Applications/Xcode_26.6.app/Contents/Developer/Toolchains/XcodeDefault.xctoolchain/usr/lib/swift/iphoneos/prebuilt-modules/26.5/WebKit.swiftmodule/arm64e-apple-ios.swiftmodule /Applications/Xcode_26.6.app/Contents/Developer/Toolchains/XcodeDefault.xctoolchain/usr/lib/swift/iphoneos/prebuilt-modules/26.5/CoreVideo.swiftmodule/arm64e-apple-ios.swiftmodule /Applications/Xcode_26.6.app/Contents/Developer/Toolchains/XcodeDefault.xctoolchain/usr/lib/swift/iphoneos/prebuilt-modules/26.5/DeveloperToolsSupport.swiftmodule/arm64e-apple-ios.swiftmodule /Applications/Xcode_26.6.app/Contents/Developer/Toolchains/XcodeDefault.xctoolchain/usr/lib/swift/iphoneos/prebuilt-modules/26.5/Compression.swiftmodule/arm64e-apple-ios.swiftmodule /Applications/Xcode_26.6.app/Contents/Developer/Toolchains/XcodeDefault.xctoolchain/usr/lib/swift/iphoneos/prebuilt-modules/26.5/ExtensionFoundation.swiftmodule/arm64e-apple-ios.swiftmodule /Applications/Xcode_26.6.app/Contents/Developer/Toolchains/XcodeDefault.xctoolchain/usr/lib/swift/iphoneos/prebuilt-modules/26.5/Spatial.swiftmodule/arm64e-apple-ios.swiftmodule /Applications/Xcode_26.6.app/Contents/Developer/Toolchains/XcodeDefault.xctoolchain/usr/lib/swift/iphoneos/prebuilt-modules/26.5/Symbols.swiftmodule/arm64e-apple-ios.swiftmodule /Applications/Xcode_26.6.app/Contents/Developer/Toolchains/XcodeDefault.xctoolchain/usr/lib/swift/iphoneos/prebuilt-modules/26.5/CoreFoundation.swiftmodule/arm64e-apple-ios.swiftmodule /Applications/Xcode_26.6.app/Contents/Developer/Toolchains/XcodeDefault.xctoolchain/usr/lib/swift/iphoneos/prebuilt-modules/26.5/CoreTransferable.swiftmodule/arm64e-apple-ios.swiftmodule /Applications/Xcode_26.6.app/Contents/Developer/Toolchains/XcodeDefault.xctoolchain/usr/lib/swift/iphoneos/prebuilt-modules/26.5/_StringProcessing.swiftmodule/arm64e-apple-ios.swiftmodule /Applications/Xcode_26.6.app/Contents/Developer/Toolchains/XcodeDefault.xctoolchain/usr/lib/swift/iphoneos/prebuilt-modules/26.5/_StoreKit_SwiftUI.swiftmodule/arm64e-apple-ios.swiftmodule /Applications/Xcode_26.6.app/Contents/Developer/Toolchains/XcodeDefault.xctoolchain/usr/lib/swift/iphoneos/prebuilt-modules/26.5/QuartzCore.swiftmodule/arm64e-apple-ios.swiftmodule /Applications/Xcode_26.6.app/Contents/Developer/Toolchains/XcodeDefault.xctoolchain/usr/lib/swift/iphoneos/prebuilt-modules/26.5/System.swiftmodule/arm64e-apple-ios.swiftmodule /Applications/Xcode_26.6.app/Contents/Developer/Toolchains/XcodeDefault.xctoolchain/usr/lib/swift/iphoneos/prebuilt-modules/26.5/_Builtin_float.swiftmodule/arm64e-apple-ios.swiftmodule /Users/runner/Library/Developer/Xcode/DerivedData/App-bftnsirjgxxrogcvaqjekecjqrkn/Build/Intermediates.noindex/ArchiveIntermediates/App/IntermediateBuildFilesPath/SwiftExplicitPrecompiledModules/Capacitor-14SA51AAWED35.swiftmodule /Applications/Xcode_26.6.app/Contents/Developer/Toolchains/XcodeDefault.xctoolchain/usr/lib/swift/iphoneos/prebuilt-modules/26.5/StoreKit.swiftmodule/arm64e-apple-ios.swiftmodule /Users/runner/Library/Developer/Xcode/DerivedData/ModuleCache.noindex/Compression-DKNRHHLYU6YIRFWTDEWQN7SP3.pcm /Users/runner/Library/Developer/Xcode/DerivedData/ModuleCache.noindex/LocalAuthentication-3JIRAVL8RA3AHAA9D8NPSK2G8.pcm /Users/runner/Library/Developer/Xcode/DerivedData/ModuleCache.noindex/CommonCrypto-17JW9JFUJQ7P2409AFM281G2O.pcm /Users/runner/Library/Developer/Xcode/DerivedData/ModuleCache.noindex/_Builtin_stdatomic-7ICCR1EERZQRTCK8DK4OCZGDS.pcm /Users/runner/Library/Developer/Xcode/DerivedData/ModuleCache.noindex/_Builtin_limits-8GAG1SMFSA3JGYHE8DFCLSKBW.pcm /Users/runner/Library/Developer/Xcode/DerivedData/ModuleCache.noindex/_Builtin_stdint-615ELPXO79BLW33W9285OFC4J.pcm /Users/runner/Library/Developer/Xcode/DerivedData/ModuleCache.noindex/IOSurface-A3169492JTUXYFMDUBIK6M1PI.pcm /Users/runner/Library/Developer/Xcode/DerivedData/ModuleCache.noindex/SwiftUI-4M5B9ISCW58AI6CWKCQOTL5CU.pcm /Users/runner/Library/Developer/Xcode/DerivedData/ModuleCache.noindex/_StoreKit_SwiftUI-AHSGRRGYPRADHSMQY01YCI7OM.pcm /Users/runner/Library/Developer/Xcode/DerivedData/ModuleCache.noindex/Symbols-EU19KAZCK6D0C0JUPLFLKQ44.pcm /Users/runner/Library/Developer/Xcode/DerivedData/ModuleCache.noindex/ptrauth-E1M8RH4XGX41AS9L3T48B2VC8.pcm /Users/runner/Library/Developer/Xcode/DerivedData/ModuleCache.noindex/DataDetection-3JFDP59CLYBUOZPG51OKN8CZ8.pcm /Users/runner/Library/Developer/Xcode/DerivedData/ModuleCache.noindex/_Builtin_float-C2XYXATN22CCJKOBJXFM515SB.pcm /Users/runner/Library/Developer/Xcode/DerivedData/ModuleCache.noindex/XPC-4OI848FPRQOOYJFA96XIRFLWJ.pcm /Users/runner/Library/Developer/Xcode/DerivedData/ModuleCache.noindex/BackgroundAssets-3Y1VS374LU4IALWQVBFRUTZM7.pcm /Users/runner/Library/Developer/Xcode/DerivedData/ModuleCache.noindex/_Builtin_stdbool-77FQHXEDHJJ5LR78OJZFL3ESV.pcm /Users/runner/Library/Developer/Xcode/DerivedData/ModuleCache.noindex/WebKit-E3DT07FQEAZ75A43FYNDQBMBR.pcm /Users/runner/Library/Developer/Xcode/DerivedData/ModuleCache.noindex/CoreText-EKXNGX9U3WB0W213YT81IPTTA.pcm /Users/runner/Library/Developer/Xcode/DerivedData/ModuleCache.noindex/CFNetwork-1FN5YXNMQBAKI9HNEB7TSXT6J.pcm /Users/runner/Library/Developer/Xcode/DerivedData/ModuleCache.noindex/ImageIO-8T1BF1U3WSYVC4FGIG8BKZALR.pcm /Users/runner/Library/Developer/Xcode/DerivedData/ModuleCache.noindex/dnssd-AX9E8QINWOJ0ZAS78Q423EC2O.pcm /Users/runner/Library/Developer/Xcode/DerivedData/ModuleCache.noindex/MachO-109XEX11H094BQ4HDI8OAV3Q9.pcm /Users/runner/Library/Developer/Xcode/DerivedData/ModuleCache.noindex/Network-AH1M9CXUE9NSZDTPO6HUMKPVT.pcm /Users/runner/Library/Developer/Xcode/DerivedData/ModuleCache.noindex/_DarwinFoundation1-D0HH3AJXTD7OKMTUR2FXWNRVQ.pcm /Users/runner/Library/Developer/Xcode/DerivedData/ModuleCache.noindex/os_workgroup-CE7977O20A383DSAPAP1MHRRB.pcm /Users/runner/Library/Developer/Xcode/DerivedData/ModuleCache.noindex/UIKit-9PXRQO9029TZGQ4N5I4YN6IVY.pcm /Users/runner/Library/Developer/Xcode/DerivedData/ModuleCache.noindex/_SwiftConcurrencyShims-72MI7WHN08305D73FERVYXX8Q.pcm /Users/runner/Library/Developer/Xcode/DerivedData/ModuleCache.noindex/Spatial-4LZYHS7445WDR47UCVNCXV4LK.pcm /Users/runner/Library/Developer/Xcode/DerivedData/ModuleCache.noindex/simd-C8R11QAJSWUI0SDV4H8N1AJPA.pcm /Users/runner/Library/Developer/Xcode/DerivedData/ModuleCache.noindex/os-BCLGSKCD5L8ZIIKRL1OO8DAB2.pcm /Users/runner/Library/Developer/Xcode/DerivedData/App-bftnsirjgxxrogcvaqjekecjqrkn/Build/Intermediates.noindex/ArchiveIntermediates/App/IntermediateBuildFilesPath/SwiftExplicitPrecompiledModules/Cordova-A1Y5FVSTBCE1RXQ7OWOB9W810.pcm /Users/runner/Library/Developer/Xcode/DerivedData/ModuleCache.noindex/_Builtin_stdarg-4LSG676VX6ZX2XHZ6XO9V8K9F.pcm /Users/runner/Library/Developer/Xcode/DerivedData/ModuleCache.noindex/CoreVideo-3KSE89SSHYYL2OO5C1552Z1I5.pcm /Users/runner/Library/Developer/Xcode/DerivedData/ModuleCache.noindex/os_object-D2LOHRIYDFC0AOQ4FJSAJFW40.pcm /Users/runner/Library/Developer/Xcode/DerivedData/ModuleCache.noindex/QuartzCore-1W4XAS1YQFN77V3MR3MCLUE2C.pcm /Users/runner/Library/Developer/Xcode/DerivedData/ModuleCache.noindex/Metal-HCUB9N8XKGZLDTP6IOLKFZP8.pcm /Users/runner/Library/Developer/Xcode/DerivedData/ModuleCache.noindex/UniformTypeIdentifiers-98UT9EI3UE4T4KR1IVKI9PEEY.pcm /Users/runner/Library/Developer/Xcode/DerivedData/ModuleCache.noindex/UIUtilities-DTDJI55PSJU07N62AGXQU6X65.pcm /Users/runner/Library/Developer/Xcode/DerivedData/ModuleCache.noindex/UserNotifications-4CI6U0ZJSF5P11DSTZ74WB7AZ.pcm /Users/runner/Library/Developer/Xcode/DerivedData/ModuleCache.noindex/StoreKit-UPLPK7E91S2S96X7LU9CH43W.pcm /Users/runner/Library/Developer/Xcode/DerivedData/ModuleCache.noindex/CoreData-D0JU7BHN38FQHONFTSEI7FWS9.pcm /Users/runner/Library/Developer/Xcode/DerivedData/ModuleCache.noindex/zlib-19JISEHXETSGLZOL5KKMF51LM.pcm /Users/runner/Library/Developer/Xcode/DerivedData/ModuleCache.noindex/_DarwinFoundation3-ELTV2I42SPSDMPAUN6R858CGP.pcm /Users/runner/Library/Developer/Xcode/DerivedData/ModuleCache.noindex/sys_types-PD12HKBGCS7I3OBLUYFEM91I.pcm /Users/runner/Library/Developer/Xcode/DerivedData/ModuleCache.noindex/OSLog-3LKE53LPWMO6H3RX65KD10VXD.pcm /Users/runner/Library/Developer/Xcode/DerivedData/ModuleCache.noindex/Accessibility-8L79PBU03IZEOH3MTKHZ8UL62.pcm /Users/runner/Library/Developer/Xcode/DerivedData/ModuleCache.noindex/SwiftShims-726JJO2L9PNSQ7U4XETGG7EE9.pcm /Users/runner/Library/Developer/Xcode/DerivedData/ModuleCache.noindex/CoreFoundation-7Z67H59FM1XPURJ1CATKTTWEG.pcm /Users/runner/Library/Developer/Xcode/DerivedData/ModuleCache.noindex/Security-52QF9RH27YX0RP9EB9DW6J6ER.pcm /Users/runner/Library/Developer/Xcode/DerivedData/ModuleCache.noindex/ExtensionFoundation-2V99P3LN6RFX320YFP9IV2LGZ.pcm /Users/runner/Library/Developer/Xcode/DerivedData/App-bftnsirjgxxrogcvaqjekecjqrkn/Build/Intermediates.noindex/ArchiveIntermediates/App/IntermediateBuildFilesPath/SwiftExplicitPrecompiledModules/Capacitor-MD5BZ824T8XTNDLUB45YVXO4.pcm /Users/runner/Library/Developer/Xcode/DerivedData/ModuleCache.noindex/Dispatch-3DQCX18X5AV2BIOD4WCYNOK4G.pcm /Users/runner/Library/Developer/Xcode/DerivedData/ModuleCache.noindex/Foundation-4SECALFMSRMLBHX5HU0S5AKYC.pcm /Users/runner/Library/Developer/Xcode/DerivedData/ModuleCache.noindex/Darwin-65WM8VPK397D97H068127QY5O.pcm /Users/runner/Library/Developer/Xcode/DerivedData/ModuleCache.noindex/CoreImage-A7COKGC4YV5NU0VMEB0ZCECK4.pcm /Users/runner/Library/Developer/Xcode/DerivedData/ModuleCache.noindex/_DarwinFoundation2-EXJBHLC8V2ZY8CF0BNQD97LYN.pcm /Users/runner/Library/Developer/Xcode/DerivedData/ModuleCache.noindex/_Builtin_intrinsics-DMARYMBXXGZM0Q38TZZMOQW8D.pcm /Users/runner/Library/Developer/Xcode/DerivedData/ModuleCache.noindex/ObjectiveC-3CV5H2N98APNDCIC5G1BTGC4R.pcm /Users/runner/Library/Developer/Xcode/DerivedData/ModuleCache.noindex/_Builtin_stddef-EZS4ZNRM8Q2C78X23DUBCD7YH.pcm /Users/runner/Library/Developer/Xcode/DerivedData/ModuleCache.noindex/FileProvider-DDJELMV59NVB1DQIBYVTN8HBP.pcm /Users/runner/Library/Developer/Xcode/DerivedData/ModuleCache.noindex/OpenGLES-DVROR9QJV8Z7I8PACD8BZ1A4Q.pcm /Users/runner/Library/Developer/Xcode/DerivedData/ModuleCache.noindex/DeveloperToolsSupport-8NJPN9L3GNG0ZV6Z3A51ZLRAU.pcm /Users/runner/Library/Developer/Xcode/DerivedData/ModuleCache.noindex/_Builtin_inttypes-24MMY0B1C8U8SGX8SA5DOMH7E.pcm /Users/runner/Library/Developer/Xcode/DerivedData/ModuleCache.noindex/_AvailabilityInternal-6LVX40WLXKF2N0RR7RLLLI88G.pcm /Users/runner/Library/Developer/Xcode/DerivedData/ModuleCache.noindex/_Builtin_tgmath-58640SAGBG6W1YPPM9JZXQVEU.pcm /Users/runner/Library/Developer/Xcode/DerivedData/ModuleCache.noindex/SwiftUICore-7CJ5QMFTX3QZ4QAJ0PIGDU3PL.pcm /Users/runner/Library/Developer/Xcode/DerivedData/ModuleCache.noindex/AdServices-3FA3F6520O5V7NGKDUYTX8MBK.pcm /Users/runner/Library/Developer/Xcode/DerivedData/ModuleCache.noindex/ptrcheck-CPFBHC98T0YO5BMJL4XPQ5DVJ.pcm /Users/runner/Library/Developer/Xcode/DerivedData/ModuleCache.noindex/CoreTransferable-3XRVZEHLPIIRBE6PY29E51B33.pcm /Users/runner/Library/Developer/Xcode/DerivedData/ModuleCache.noindex/CoreGraphics-E6KVS2MH59D16Y6Z4W5D2915I.pcm /Users/runner/Library/Developer/Xcode/DerivedData/App-bftnsirjgxxrogcvaqjekecjqrkn/Build/Intermediates.noindex/ArchiveIntermediates/App/IntermediateBuildFilesPath/RevenuecatPurchasesCapacitor.build/Release-iphoneos/RevenuecatPurchasesCapacitor.build/Objects-normal/arm64/RevenuecatPurchasesCapacitor-dependencies-1.json (in target 'RevenuecatPurchasesCapacitor' from project 'RevenuecatPurchasesCapacitor')

CompileSwift normal arm64 (in target 'RevenuecatPurchasesCapacitor' from project 'RevenuecatPurchasesCapacitor')
    cd /Users/runner/work/focusher-app/focusher-app/ios/App/App.xcodeproj
    

SwiftDriver\ Compilation RevenuecatPurchasesCapacitor normal arm64 com.apple.xcode.tools.swift.compiler (in target 'RevenuecatPurchasesCapacitor' from project 'RevenuecatPurchasesCapacitor')
    cd /Users/runner/work/focusher-app/focusher-app/ios/App/App.xcodeproj
    builtin-Swift-Compilation -- /Applications/Xcode_26.6.app/Contents/Developer/Toolchains/XcodeDefault.xctoolchain/usr/bin/swiftc -module-name RevenuecatPurchasesCapacitor -O -whole-module-optimization @/Users/runner/Library/Developer/Xcode/DerivedData/App-bftnsirjgxxrogcvaqjekecjqrkn/Build/Intermediates.noindex/ArchiveIntermediates/App/IntermediateBuildFilesPath/RevenuecatPurchasesCapacitor.build/Release-iphoneos/RevenuecatPurchasesCapacitor.build/Objects-normal/arm64/RevenuecatPurchasesCapacitor.SwiftFileList -DSWIFT_PACKAGE -DSWIFT_MODULE_RESOURCE_BUNDLE_UNAVAILABLE -DXcode -plugin-path /Applications/Xcode_26.6.app/Contents/Developer/Toolchains/XcodeDefault.xctoolchain/usr/lib/swift/host/plugins/testing -enable-experimental-feature DebugDescriptionMacro -sdk /Applications/Xcode_26.6.app/Contents/Developer/Platforms/iPhoneOS.platform/Developer/SDKs/iPhoneOS26.5.sdk -target arm64-apple-ios15.0 -g -module-cache-path /Users/runner/Library/Developer/Xcode/DerivedData/ModuleCache.noindex -Xfrontend -serialize-debugging-options -suppress-warnings -swift-version 5 -I /Users/runner/Library/Developer/Xcode/DerivedData/App-bftnsirjgxxrogcvaqjekecjqrkn/Build/Intermediates.noindex/ArchiveIntermediates/App/BuildProductsPath/Release-iphoneos -Isystem /Applications/Xcode_26.6.app/Contents/Developer/Platforms/iPhoneOS.platform/Developer/usr/lib -F /Users/runner/Library/Developer/Xcode/DerivedData/App-bftnsirjgxxrogcvaqjekecjqrkn/Build/Intermediates.noindex/ArchiveIntermediates/App/BuildProductsPath/Release-iphoneos/PackageFrameworks -F /Users/runner/Library/Developer/Xcode/DerivedData/App-bftnsirjgxxrogcvaqjekecjqrkn/Build/Intermediates.noindex/ArchiveIntermediates/App/BuildProductsPath/Release-iphoneos/PackageFrameworks -F /Users/runner/Library/Developer/Xcode/DerivedData/App-bftnsirjgxxrogcvaqjekecjqrkn/Build/Intermediates.noindex/ArchiveIntermediates/App/BuildProductsPath/Release-iphoneos -F /Applications/Xcode_26.6.app/Contents/Developer/Platforms/iPhoneOS.platform/Developer/Library/Frameworks -F /Applications/Xcode_26.6.app/Contents/Developer/Platforms/iPhoneOS.platform/Developer/SDKs/iPhoneOS26.5.sdk/Developer/Library/Frameworks -c -num-threads 3 -Xcc -ivfsstatcache -Xcc /Users/runner/Library/Developer/Xcode/DerivedData/SDKStatCaches.noindex/iphoneos26.5-23F81a-688ef53f1462e2c8f657fdc38a81448fee66e23052a0157c865c76b268046726.sdkstatcache -output-file-map /Users/runner/Library/Developer/Xcode/DerivedData/App-bftnsirjgxxrogcvaqjekecjqrkn/Build/Intermediates.noindex/ArchiveIntermediates/App/IntermediateBuildFilesPath/RevenuecatPurchasesCapacitor.build/Release-iphoneos/RevenuecatPurchasesCapacitor.build/Objects-normal/arm64/RevenuecatPurchasesCapacitor-OutputFileMap.json -use-frontend-parseable-output -save-temps -no-color-diagnostics -explicit-module-build -module-cache-path /Users/runner/Library/Developer/Xcode/DerivedData/App-bftnsirjgxxrogcvaqjekecjqrkn/Build/Intermediates.noindex/ArchiveIntermediates/App/IntermediateBuildFilesPath/SwiftExplicitPrecompiledModules -clang-scanner-module-cache-path /Users/runner/Library/Developer/Xcode/DerivedData/ModuleCache.noindex -sdk-module-cache-path /Users/runner/Library/Developer/Xcode/DerivedData/ModuleCache.noindex -serialize-diagnostics -emit-dependencies -emit-module -emit-module-path /Users/runner/Library/Developer/Xcode/DerivedData/App-bftnsirjgxxrogcvaqjekecjqrkn/Build/Intermediates.noindex/ArchiveIntermediates/App/IntermediateBuildFilesPath/RevenuecatPurchasesCapacitor.build/Release-iphoneos/RevenuecatPurchasesCapacitor.build/Objects-normal/arm64/RevenuecatPurchasesCapacitor.swiftmodule -validate-clang-modules-once -clang-build-session-file /Users/runner/Library/Developer/Xcode/DerivedData/ModuleCache.noindex/Session.modulevalidation -package-name purchases_capacitor -Xcc -I/Users/runner/Library/Developer/Xcode/DerivedData/App-bftnsirjgxxrogcvaqjekecjqrkn/Build/Intermediates.noindex/ArchiveIntermediates/App/IntermediateBuildFilesPath/RevenuecatPurchasesCapacitor.build/Release-iphoneos/RevenuecatPurchasesCapacitor.build/swift-overrides.hmap -emit-const-values -Xfrontend -const-gather-protocols-file -Xfrontend /Users/runner/Library/Developer/Xcode/DerivedData/App-bftnsirjgxxrogcvaqjekecjqrkn/Build/Intermediates.noindex/ArchiveIntermediates/App/IntermediateBuildFilesPath/RevenuecatPurchasesCapacitor.build/Release-iphoneos/RevenuecatPurchasesCapacitor.build/Objects-normal/arm64/RevenuecatPurchasesCapacitor_const_extract_protocols.json -Xcc -I/Users/runner/Library/Developer/Xcode/DerivedData/App-bftnsirjgxxrogcvaqjekecjqrkn/Build/Intermediates.noindex/ArchiveIntermediates/App/BuildProductsPath/Release-iphoneos/include -Xcc -I/Users/runner/Library/Developer/Xcode/DerivedData/App-bftnsirjgxxrogcvaqjekecjqrkn/Build/Intermediates.noindex/ArchiveIntermediates/App/IntermediateBuildFilesPath/RevenuecatPurchasesCapacitor.build/Release-iphoneos/RevenuecatPurchasesCapacitor.build/DerivedSources-normal/arm64 -Xcc -I/Users/runner/Library/Developer/Xcode/DerivedData/App-bftnsirjgxxrogcvaqjekecjqrkn/Build/Intermediates.noindex/ArchiveIntermediates/App/IntermediateBuildFilesPath/RevenuecatPurchasesCapacitor.build/Release-iphoneos/RevenuecatPurchasesCapacitor.build/DerivedSources/arm64 -Xcc -I/Users/runner/Library/Developer/Xcode/DerivedData/App-bftnsirjgxxrogcvaqjekecjqrkn/Build/Intermediates.noindex/ArchiveIntermediates/App/IntermediateBuildFilesPath/RevenuecatPurchasesCapacitor.build/Release-iphoneos/RevenuecatPurchasesCapacitor.build/DerivedSources -Xcc -DSWIFT_PACKAGE -emit-objc-header -emit-objc-header-path /Users/runner/Library/Developer/Xcode/DerivedData/App-bftnsirjgxxrogcvaqjekecjqrkn/Build/Intermediates.noindex/ArchiveIntermediates/App/IntermediateBuildFilesPath/RevenuecatPurchasesCapacitor.build/Release-iphoneos/RevenuecatPurchasesCapacitor.build/Objects-normal/arm64/RevenuecatPurchasesCapacitor-Swift.h -working-directory /Users/runner/work/focusher-app/focusher-app/ios/App/App.xcodeproj -no-emit-module-separately-wmo

SwiftDriverJobDiscovery normal arm64 Compiling CAPPluginCallExtensions.swift, PluginHelperExtensions.swift, PropertySetterPluginExtensions.swift, PurchasesPlugin.swift (in target 'RevenuecatPurchasesCapacitor' from project 'RevenuecatPurchasesCapacitor')

SwiftDriver\ Compilation\ Requirements RevenuecatPurchasesCapacitor normal arm64 com.apple.xcode.tools.swift.compiler (in target 'RevenuecatPurchasesCapacitor' from project 'RevenuecatPurchasesCapacitor')
    cd /Users/runner/work/focusher-app/focusher-app/ios/App/App.xcodeproj
    builtin-Swift-Compilation-Requirements -- /Applications/Xcode_26.6.app/Contents/Developer/Toolchains/XcodeDefault.xctoolchain/usr/bin/swiftc -module-name RevenuecatPurchasesCapacitor -O -whole-module-optimization @/Users/runner/Library/Developer/Xcode/DerivedData/App-bftnsirjgxxrogcvaqjekecjqrkn/Build/Intermediates.noindex/ArchiveIntermediates/App/IntermediateBuildFilesPath/RevenuecatPurchasesCapacitor.build/Release-iphoneos/RevenuecatPurchasesCapacitor.build/Objects-normal/arm64/RevenuecatPurchasesCapacitor.SwiftFileList -DSWIFT_PACKAGE -DSWIFT_MODULE_RESOURCE_BUNDLE_UNAVAILABLE -DXcode -plugin-path /Applications/Xcode_26.6.app/Contents/Developer/Toolchains/XcodeDefault.xctoolchain/usr/lib/swift/host/plugins/testing -enable-experimental-feature DebugDescriptionMacro -sdk /Applications/Xcode_26.6.app/Contents/Developer/Platforms/iPhoneOS.platform/Developer/SDKs/iPhoneOS26.5.sdk -target arm64-apple-ios15.0 -g -module-cache-path /Users/runner/Library/Developer/Xcode/DerivedData/ModuleCache.noindex -Xfrontend -serialize-debugging-options -suppress-warnings -swift-version 5 -I /Users/runner/Library/Developer/Xcode/DerivedData/App-bftnsirjgxxrogcvaqjekecjqrkn/Build/Intermediates.noindex/ArchiveIntermediates/App/BuildProductsPath/Release-iphoneos -Isystem /Applications/Xcode_26.6.app/Contents/Developer/Platforms/iPhoneOS.platform/Developer/usr/lib -F /Users/runner/Library/Developer/Xcode/DerivedData/App-bftnsirjgxxrogcvaqjekecjqrkn/Build/Intermediates.noindex/ArchiveIntermediates/App/BuildProductsPath/Release-iphoneos/PackageFrameworks -F /Users/runner/Library/Developer/Xcode/DerivedData/App-bftnsirjgxxrogcvaqjekecjqrkn/Build/Intermediates.noindex/ArchiveIntermediates/App/BuildProductsPath/Release-iphoneos/PackageFrameworks -F /Users/runner/Library/Developer/Xcode/DerivedData/App-bftnsirjgxxrogcvaqjekecjqrkn/Build/Intermediates.noindex/ArchiveIntermediates/App/BuildProductsPath/Release-iphoneos -F /Applications/Xcode_26.6.app/Contents/Developer/Platforms/iPhoneOS.platform/Developer/Library/Frameworks -F /Applications/Xcode_26.6.app/Contents/Developer/Platforms/iPhoneOS.platform/Developer/SDKs/iPhoneOS26.5.sdk/Developer/Library/Frameworks -c -num-threads 3 -Xcc -ivfsstatcache -Xcc /Users/runner/Library/Developer/Xcode/DerivedData/SDKStatCaches.noindex/iphoneos26.5-23F81a-688ef53f1462e2c8f657fdc38a81448fee66e23052a0157c865c76b268046726.sdkstatcache -output-file-map /Users/runner/Library/Developer/Xcode/DerivedData/App-bftnsirjgxxrogcvaqjekecjqrkn/Build/Intermediates.noindex/ArchiveIntermediates/App/IntermediateBuildFilesPath/RevenuecatPurchasesCapacitor.build/Release-iphoneos/RevenuecatPurchasesCapacitor.build/Objects-normal/arm64/RevenuecatPurchasesCapacitor-OutputFileMap.json -use-frontend-parseable-output -save-temps -no-color-diagnostics -explicit-module-build -module-cache-path /Users/runner/Library/Developer/Xcode/DerivedData/App-bftnsirjgxxrogcvaqjekecjqrkn/Build/Intermediates.noindex/ArchiveIntermediates/App/IntermediateBuildFilesPath/SwiftExplicitPrecompiledModules -clang-scanner-module-cache-path /Users/runner/Library/Developer/Xcode/DerivedData/ModuleCache.noindex -sdk-module-cache-path /Users/runner/Library/Developer/Xcode/DerivedData/ModuleCache.noindex -serialize-diagnostics -emit-dependencies -emit-module -emit-module-path /Users/runner/Library/Developer/Xcode/DerivedData/App-bftnsirjgxxrogcvaqjekecjqrkn/Build/Intermediates.noindex/ArchiveIntermediates/App/IntermediateBuildFilesPath/RevenuecatPurchasesCapacitor.build/Release-iphoneos/RevenuecatPurchasesCapacitor.build/Objects-normal/arm64/RevenuecatPurchasesCapacitor.swiftmodule -validate-clang-modules-once -clang-build-session-file /Users/runner/Library/Developer/Xcode/DerivedData/ModuleCache.noindex/Session.modulevalidation -package-name purchases_capacitor -Xcc -I/Users/runner/Library/Developer/Xcode/DerivedData/App-bftnsirjgxxrogcvaqjekecjqrkn/Build/Intermediates.noindex/ArchiveIntermediates/App/IntermediateBuildFilesPath/RevenuecatPurchasesCapacitor.build/Release-iphoneos/RevenuecatPurchasesCapacitor.build/swift-overrides.hmap -emit-const-values -Xfrontend -const-gather-protocols-file -Xfrontend /Users/runner/Library/Developer/Xcode/DerivedData/App-bftnsirjgxxrogcvaqjekecjqrkn/Build/Intermediates.noindex/ArchiveIntermediates/App/IntermediateBuildFilesPath/RevenuecatPurchasesCapacitor.build/Release-iphoneos/RevenuecatPurchasesCapacitor.build/Objects-normal/arm64/RevenuecatPurchasesCapacitor_const_extract_protocols.json -Xcc -I/Users/runner/Library/Developer/Xcode/DerivedData/App-bftnsirjgxxrogcvaqjekecjqrkn/Build/Intermediates.noindex/ArchiveIntermediates/App/BuildProductsPath/Release-iphoneos/include -Xcc -I/Users/runner/Library/Developer/Xcode/DerivedData/App-bftnsirjgxxrogcvaqjekecjqrkn/Build/Intermediates.noindex/ArchiveIntermediates/App/IntermediateBuildFilesPath/RevenuecatPurchasesCapacitor.build/Release-iphoneos/RevenuecatPurchasesCapacitor.build/DerivedSources-normal/arm64 -Xcc -I/Users/runner/Library/Developer/Xcode/DerivedData/App-bftnsirjgxxrogcvaqjekecjqrkn/Build/Intermediates.noindex/ArchiveIntermediates/App/IntermediateBuildFilesPath/RevenuecatPurchasesCapacitor.build/Release-iphoneos/RevenuecatPurchasesCapacitor.build/DerivedSources/arm64 -Xcc -I/Users/runner/Library/Developer/Xcode/DerivedData/App-bftnsirjgxxrogcvaqjekecjqrkn/Build/Intermediates.noindex/ArchiveIntermediates/App/IntermediateBuildFilesPath/RevenuecatPurchasesCapacitor.build/Release-iphoneos/RevenuecatPurchasesCapacitor.build/DerivedSources -Xcc -DSWIFT_PACKAGE -emit-objc-header -emit-objc-header-path /Users/runner/Library/Developer/Xcode/DerivedData/App-bftnsirjgxxrogcvaqjekecjqrkn/Build/Intermediates.noindex/ArchiveIntermediates/App/IntermediateBuildFilesPath/RevenuecatPurchasesCapacitor.build/Release-iphoneos/RevenuecatPurchasesCapacitor.build/Objects-normal/arm64/RevenuecatPurchasesCapacitor-Swift.h -working-directory /Users/runner/work/focusher-app/focusher-app/ios/App/App.xcodeproj -no-emit-module-separately-wmo

SwiftMergeGeneratedHeaders /Users/runner/Library/Developer/Xcode/DerivedData/App-bftnsirjgxxrogcvaqjekecjqrkn/Build/Intermediates.noindex/ArchiveIntermediates/App/IntermediateBuildFilesPath/GeneratedModuleMaps-iphoneos/RevenuecatPurchasesCapacitor-Swift.h /Users/runner/Library/Developer/Xcode/DerivedData/App-bftnsirjgxxrogcvaqjekecjqrkn/Build/Intermediates.noindex/ArchiveIntermediates/App/IntermediateBuildFilesPath/RevenuecatPurchasesCapacitor.build/Release-iphoneos/RevenuecatPurchasesCapacitor.build/Objects-normal/arm64/RevenuecatPurchasesCapacitor-Swift.h (in target 'RevenuecatPurchasesCapacitor' from project 'RevenuecatPurchasesCapacitor')
    cd /Users/runner/work/focusher-app/focusher-app/node_modules/@revenuecat/purchases-capacitor
    builtin-swiftHeaderTool -arch arm64 /Users/runner/Library/Developer/Xcode/DerivedData/App-bftnsirjgxxrogcvaqjekecjqrkn/Build/Intermediates.noindex/ArchiveIntermediates/App/IntermediateBuildFilesPath/RevenuecatPurchasesCapacitor.build/Release-iphoneos/RevenuecatPurchasesCapacitor.build/Objects-normal/arm64/RevenuecatPurchasesCapacitor-Swift.h -o /Users/runner/Library/Developer/Xcode/DerivedData/App-bftnsirjgxxrogcvaqjekecjqrkn/Build/Intermediates.noindex/ArchiveIntermediates/App/IntermediateBuildFilesPath/GeneratedModuleMaps-iphoneos/RevenuecatPurchasesCapacitor-Swift.h

Copy /Users/runner/Library/Developer/Xcode/DerivedData/App-bftnsirjgxxrogcvaqjekecjqrkn/Build/Intermediates.noindex/ArchiveIntermediates/App/BuildProductsPath/Release-iphoneos/RevenuecatPurchasesCapacitor.swiftmodule/arm64-apple-ios.swiftmodule /Users/runner/Library/Developer/Xcode/DerivedData/App-bftnsirjgxxrogcvaqjekecjqrkn/Build/Intermediates.noindex/ArchiveIntermediates/App/IntermediateBuildFilesPath/RevenuecatPurchasesCapacitor.build/Release-iphoneos/RevenuecatPurchasesCapacitor.build/Objects-normal/arm64/RevenuecatPurchasesCapacitor.swiftmodule (in target 'RevenuecatPurchasesCapacitor' from project 'RevenuecatPurchasesCapacitor')
    cd /Users/runner/work/focusher-app/focusher-app/node_modules/@revenuecat/purchases-capacitor
    builtin-copy -exclude .DS_Store -exclude CVS -exclude .svn -exclude .git -exclude .hg -strip-unsigned-binaries -strip-deterministic -strip-tool /Applications/Xcode_26.6.app/Contents/Developer/Toolchains/XcodeDefault.xctoolchain/usr/bin/strip -resolve-src-symlinks -rename /Users/runner/Library/Developer/Xcode/DerivedData/App-bftnsirjgxxrogcvaqjekecjqrkn/Build/Intermediates.noindex/ArchiveIntermediates/App/IntermediateBuildFilesPath/RevenuecatPurchasesCapacitor.build/Release-iphoneos/RevenuecatPurchasesCapacitor.build/Objects-normal/arm64/RevenuecatPurchasesCapacitor.swiftmodule /Users/runner/Library/Developer/Xcode/DerivedData/App-bftnsirjgxxrogcvaqjekecjqrkn/Build/Intermediates.noindex/ArchiveIntermediates/App/BuildProductsPath/Release-iphoneos/RevenuecatPurchasesCapacitor.swiftmodule/arm64-apple-ios.swiftmodule

Copy /Users/runner/Library/Developer/Xcode/DerivedData/App-bftnsirjgxxrogcvaqjekecjqrkn/Build/Intermediates.noindex/ArchiveIntermediates/App/BuildProductsPath/Release-iphoneos/RevenuecatPurchasesCapacitor.swiftmodule/arm64-apple-ios.swiftdoc /Users/runner/Library/Developer/Xcode/DerivedData/App-bftnsirjgxxrogcvaqjekecjqrkn/Build/Intermediates.noindex/ArchiveIntermediates/App/IntermediateBuildFilesPath/RevenuecatPurchasesCapacitor.build/Release-iphoneos/RevenuecatPurchasesCapacitor.build/Objects-normal/arm64/RevenuecatPurchasesCapacitor.swiftdoc (in target 'RevenuecatPurchasesCapacitor' from project 'RevenuecatPurchasesCapacitor')
    cd /Users/runner/work/focusher-app/focusher-app/node_modules/@revenuecat/purchases-capacitor
    builtin-copy -exclude .DS_Store -exclude CVS -exclude .svn -exclude .git -exclude .hg -strip-unsigned-binaries -strip-deterministic -strip-tool /Applications/Xcode_26.6.app/Contents/Developer/Toolchains/XcodeDefault.xctoolchain/usr/bin/strip -resolve-src-symlinks -rename /Users/runner/Library/Developer/Xcode/DerivedData/App-bftnsirjgxxrogcvaqjekecjqrkn/Build/Intermediates.noindex/ArchiveIntermediates/App/IntermediateBuildFilesPath/RevenuecatPurchasesCapacitor.build/Release-iphoneos/RevenuecatPurchasesCapacitor.build/Objects-normal/arm64/RevenuecatPurchasesCapacitor.swiftdoc /Users/runner/Library/Developer/Xcode/DerivedData/App-bftnsirjgxxrogcvaqjekecjqrkn/Build/Intermediates.noindex/ArchiveIntermediates/App/BuildProductsPath/Release-iphoneos/RevenuecatPurchasesCapacitor.swiftmodule/arm64-apple-ios.swiftdoc

Copy /Users/runner/Library/Developer/Xcode/DerivedData/App-bftnsirjgxxrogcvaqjekecjqrkn/Build/Intermediates.noindex/ArchiveIntermediates/App/BuildProductsPath/Release-iphoneos/RevenuecatPurchasesCapacitor.swiftmodule/arm64-apple-ios.abi.json /Users/runner/Library/Developer/Xcode/DerivedData/App-bftnsirjgxxrogcvaqjekecjqrkn/Build/Intermediates.noindex/ArchiveIntermediates/App/IntermediateBuildFilesPath/RevenuecatPurchasesCapacitor.build/Release-iphoneos/RevenuecatPurchasesCapacitor.build/Objects-normal/arm64/RevenuecatPurchasesCapacitor.abi.json (in target 'RevenuecatPurchasesCapacitor' from project 'RevenuecatPurchasesCapacitor')
    cd /Users/runner/work/focusher-app/focusher-app/node_modules/@revenuecat/purchases-capacitor
    builtin-copy -exclude .DS_Store -exclude CVS -exclude .svn -exclude .git -exclude .hg -strip-unsigned-binaries -strip-deterministic -strip-tool /Applications/Xcode_26.6.app/Contents/Developer/Toolchains/XcodeDefault.xctoolchain/usr/bin/strip -resolve-src-symlinks -rename /Users/runner/Library/Developer/Xcode/DerivedData/App-bftnsirjgxxrogcvaqjekecjqrkn/Build/Intermediates.noindex/ArchiveIntermediates/App/IntermediateBuildFilesPath/RevenuecatPurchasesCapacitor.build/Release-iphoneos/RevenuecatPurchasesCapacitor.build/Objects-normal/arm64/RevenuecatPurchasesCapacitor.abi.json /Users/runner/Library/Developer/Xcode/DerivedData/App-bftnsirjgxxrogcvaqjekecjqrkn/Build/Intermediates.noindex/ArchiveIntermediates/App/BuildProductsPath/Release-iphoneos/RevenuecatPurchasesCapacitor.swiftmodule/arm64-apple-ios.abi.json

Ld /Users/runner/Library/Developer/Xcode/DerivedData/App-bftnsirjgxxrogcvaqjekecjqrkn/Build/Intermediates.noindex/ArchiveIntermediates/App/IntermediateBuildFilesPath/UninstalledProducts/iphoneos/RevenuecatPurchasesCapacitor.o normal (in target 'RevenuecatPurchasesCapacitor' from project 'RevenuecatPurchasesCapacitor')
    cd /Users/runner/work/focusher-app/focusher-app/node_modules/@revenuecat/purchases-capacitor
    /Applications/Xcode_26.6.app/Contents/Developer/Toolchains/XcodeDefault.xctoolchain/usr/bin/clang -Xlinker -reproducible -target arm64-apple-ios15.0 -r -isysroot /Applications/Xcode_26.6.app/Contents/Developer/Platforms/iPhoneOS.platform/Developer/SDKs/iPhoneOS26.5.sdk -Os -w -F/Users/runner/Library/Developer/Xcode/DerivedData/App-bftnsirjgxxrogcvaqjekecjqrkn/Build/Intermediates.noindex/ArchiveIntermediates/App/IntermediateBuildFilesPath/EagerLinkingTBDs/Release-iphoneos -F/Users/runner/Library/Developer/Xcode/DerivedData/App-bftnsirjgxxrogcvaqjekecjqrkn/Build/Intermediates.noindex/ArchiveIntermediates/App/BuildProductsPath/Release-iphoneos/PackageFrameworks -F/Users/runner/Library/Developer/Xcode/DerivedData/App-bftnsirjgxxrogcvaqjekecjqrkn/Build/Intermediates.noindex/ArchiveIntermediates/App/BuildProductsPath/Release-iphoneos/PackageFrameworks -F/Users/runner/Library/Developer/Xcode/DerivedData/App-bftnsirjgxxrogcvaqjekecjqrkn/Build/Intermediates.noindex/ArchiveIntermediates/App/BuildProductsPath/Release-iphoneos -iframework /Applications/Xcode_26.6.app/Contents/Developer/Platforms/iPhoneOS.platform/Developer/Library/Frameworks -iframework /Applications/Xcode_26.6.app/Contents/Developer/Platforms/iPhoneOS.platform/Developer/SDKs/iPhoneOS26.5.sdk/Developer/Library/Frameworks -filelist /Users/runner/Library/Developer/Xcode/DerivedData/App-bftnsirjgxxrogcvaqjekecjqrkn/Build/Intermediates.noindex/ArchiveIntermediates/App/IntermediateBuildFilesPath/RevenuecatPurchasesCapacitor.build/Release-iphoneos/RevenuecatPurchasesCapacitor.build/Objects-normal/arm64/RevenuecatPurchasesCapacitor.LinkFileList -nostdlib -Xlinker -object_path_lto -Xlinker /Users/runner/Library/Developer/Xcode/DerivedData/App-bftnsirjgxxrogcvaqjekecjqrkn/Build/Intermediates.noindex/ArchiveIntermediates/App/IntermediateBuildFilesPath/RevenuecatPurchasesCapacitor.build/Release-iphoneos/RevenuecatPurchasesCapacitor.build/Objects-normal/arm64/RevenuecatPurchasesCapacitor_lto.o -Xlinker -dependency_info -Xlinker /Users/runner/Library/Developer/Xcode/DerivedData/App-bftnsirjgxxrogcvaqjekecjqrkn/Build/Intermediates.noindex/ArchiveIntermediates/App/IntermediateBuildFilesPath/RevenuecatPurchasesCapacitor.build/Release-iphoneos/RevenuecatPurchasesCapacitor.build/Objects-normal/arm64/RevenuecatPurchasesCapacitor_dependency_info.dat -fobjc-link-runtime -L/Applications/Xcode_26.6.app/Contents/Developer/Toolchains/XcodeDefault.xctoolchain/usr/lib/swift/iphoneos -L/usr/lib/swift -Xlinker -add_ast_path -Xlinker /Users/runner/Library/Developer/Xcode/DerivedData/App-bftnsirjgxxrogcvaqjekecjqrkn/Build/Intermediates.noindex/ArchiveIntermediates/App/IntermediateBuildFilesPath/RevenuecatPurchasesCapacitor.build/Release-iphoneos/RevenuecatPurchasesCapacitor.build/Objects-normal/arm64/RevenuecatPurchasesCapacitor.swiftmodule @/Users/runner/Library/Developer/Xcode/DerivedData/App-bftnsirjgxxrogcvaqjekecjqrkn/Build/Intermediates.noindex/ArchiveIntermediates/App/IntermediateBuildFilesPath/RevenuecatPurchasesCapacitor.build/Release-iphoneos/RevenuecatPurchasesCapacitor.build/Objects-normal/arm64/RevenuecatPurchasesCapacitor-linker-args.resp -o /Users/runner/Library/Developer/Xcode/DerivedData/App-bftnsirjgxxrogcvaqjekecjqrkn/Build/Intermediates.noindex/ArchiveIntermediates/App/IntermediateBuildFilesPath/UninstalledProducts/iphoneos/RevenuecatPurchasesCapacitor.o

SwiftDriver CapApp-SPM normal arm64 com.apple.xcode.tools.swift.compiler (in target 'CapApp-SPM' from project 'CapApp-SPM')
    cd /Users/runner/work/focusher-app/focusher-app/ios/App/App.xcodeproj
    builtin-SwiftDriver -- /Applications/Xcode_26.6.app/Contents/Developer/Toolchains/XcodeDefault.xctoolchain/usr/bin/swiftc -module-name CapApp_SPM -O -whole-module-optimization @/Users/runner/Library/Developer/Xcode/DerivedData/App-bftnsirjgxxrogcvaqjekecjqrkn/Build/Intermediates.noindex/ArchiveIntermediates/App/IntermediateBuildFilesPath/CapApp-SPM.build/Release-iphoneos/CapApp-SPM.build/Objects-normal/arm64/CapApp-SPM.SwiftFileList -DSWIFT_PACKAGE -DSWIFT_MODULE_RESOURCE_BUNDLE_UNAVAILABLE -DXcode -plugin-path /Applications/Xcode_26.6.app/Contents/Developer/Toolchains/XcodeDefault.xctoolchain/usr/lib/swift/host/plugins/testing -enable-experimental-feature DebugDescriptionMacro -sdk /Applications/Xcode_26.6.app/Contents/Developer/Platforms/iPhoneOS.platform/Developer/SDKs/iPhoneOS26.5.sdk -target arm64-apple-ios15.0 -g -module-cache-path /Users/runner/Library/Developer/Xcode/DerivedData/ModuleCache.noindex -Xfrontend -serialize-debugging-options -suppress-warnings -swift-version 5 -I /Users/runner/Library/Developer/Xcode/DerivedData/App-bftnsirjgxxrogcvaqjekecjqrkn/Build/Intermediates.noindex/ArchiveIntermediates/App/BuildProductsPath/Release-iphoneos -Isystem /Applications/Xcode_26.6.app/Contents/Developer/Platforms/iPhoneOS.platform/Developer/usr/lib -F /Users/runner/Library/Developer/Xcode/DerivedData/App-bftnsirjgxxrogcvaqjekecjqrkn/Build/Intermediates.noindex/ArchiveIntermediates/App/BuildProductsPath/Release-iphoneos/PackageFrameworks -F /Users/runner/Library/Developer/Xcode/DerivedData/App-bftnsirjgxxrogcvaqjekecjqrkn/Build/Intermediates.noindex/ArchiveIntermediates/App/BuildProductsPath/Release-iphoneos/PackageFrameworks -F /Users/runner/Library/Developer/Xcode/DerivedData/App-bftnsirjgxxrogcvaqjekecjqrkn/Build/Intermediates.noindex/ArchiveIntermediates/App/BuildProductsPath/Release-iphoneos/PackageFrameworks -F /Users/runner/Library/Developer/Xcode/DerivedData/App-bftnsirjgxxrogcvaqjekecjqrkn/Build/Intermediates.noindex/ArchiveIntermediates/App/BuildProductsPath/Release-iphoneos/PackageFrameworks -F /Users/runner/Library/Developer/Xcode/DerivedData/App-bftnsirjgxxrogcvaqjekecjqrkn/Build/Intermediates.noindex/ArchiveIntermediates/App/BuildProductsPath/Release-iphoneos/PackageFrameworks -F /Users/runner/Library/Developer/Xcode/DerivedData/App-bftnsirjgxxrogcvaqjekecjqrkn/Build/Intermediates.noindex/ArchiveIntermediates/App/BuildProductsPath/Release-iphoneos/PackageFrameworks -F /Users/runner/Library/Developer/Xcode/DerivedData/App-bftnsirjgxxrogcvaqjekecjqrkn/Build/Intermediates.noindex/ArchiveIntermediates/App/BuildProductsPath/Release-iphoneos/PackageFrameworks -F /Users/runner/Library/Developer/Xcode/DerivedData/App-bftnsirjgxxrogcvaqjekecjqrkn/Build/Intermediates.noindex/ArchiveIntermediates/App/BuildProductsPath/Release-iphoneos -F /Applications/Xcode_26.6.app/Contents/Developer/Platforms/iPhoneOS.platform/Developer/Library/Frameworks -F /Applications/Xcode_26.6.app/Contents/Developer/Platforms/iPhoneOS.platform/Developer/SDKs/iPhoneOS26.5.sdk/Developer/Library/Frameworks -parse-as-library -c -num-threads 3 -Xcc -ivfsstatcache -Xcc /Users/runner/Library/Developer/Xcode/DerivedData/SDKStatCaches.noindex/iphoneos26.5-23F81a-688ef53f1462e2c8f657fdc38a81448fee66e23052a0157c865c76b268046726.sdkstatcache -output-file-map /Users/runner/Library/Developer/Xcode/DerivedData/App-bftnsirjgxxrogcvaqjekecjqrkn/Build/Intermediates.noindex/ArchiveIntermediates/App/IntermediateBuildFilesPath/CapApp-SPM.build/Release-iphoneos/CapApp-SPM.build/Objects-normal/arm64/CapApp-SPM-OutputFileMap.json -use-frontend-parseable-output -save-temps -no-color-diagnostics -explicit-module-build -module-cache-path /Users/runner/Library/Developer/Xcode/DerivedData/App-bftnsirjgxxrogcvaqjekecjqrkn/Build/Intermediates.noindex/ArchiveIntermediates/App/IntermediateBuildFilesPath/SwiftExplicitPrecompiledModules -clang-scanner-module-cache-path /Users/runner/Library/Developer/Xcode/DerivedData/ModuleCache.noindex -sdk-module-cache-path /Users/runner/Library/Developer/Xcode/DerivedData/ModuleCache.noindex -serialize-diagnostics -emit-dependencies -emit-module -emit-module-path /Users/runner/Library/Developer/Xcode/DerivedData/App-bftnsirjgxxrogcvaqjekecjqrkn/Build/Intermediates.noindex/ArchiveIntermediates/App/IntermediateBuildFilesPath/CapApp-SPM.build/Release-iphoneos/CapApp-SPM.build/Objects-normal/arm64/CapApp_SPM.swiftmodule -validate-clang-modules-once -clang-build-session-file /Users/runner/Library/Developer/Xcode/DerivedData/ModuleCache.noindex/Session.modulevalidation -package-name capapp_spm -Xcc -I/Users/runner/Library/Developer/Xcode/DerivedData/App-bftnsirjgxxrogcvaqjekecjqrkn/Build/Intermediates.noindex/ArchiveIntermediates/App/IntermediateBuildFilesPath/CapApp-SPM.build/Release-iphoneos/CapApp-SPM.build/swift-overrides.hmap -emit-const-values -Xfrontend -const-gather-protocols-file -Xfrontend /Users/runner/Library/Developer/Xcode/DerivedData/App-bftnsirjgxxrogcvaqjekecjqrkn/Build/Intermediates.noindex/ArchiveIntermediates/App/IntermediateBuildFilesPath/CapApp-SPM.build/Release-iphoneos/CapApp-SPM.build/Objects-normal/arm64/CapApp-SPM_const_extract_protocols.json -Xcc -I/Users/runner/Library/Developer/Xcode/DerivedData/App-bftnsirjgxxrogcvaqjekecjqrkn/Build/Intermediates.noindex/ArchiveIntermediates/App/BuildProductsPath/Release-iphoneos/include -Xcc -I/Users/runner/Library/Developer/Xcode/DerivedData/App-bftnsirjgxxrogcvaqjekecjqrkn/Build/Intermediates.noindex/ArchiveIntermediates/App/IntermediateBuildFilesPath/CapApp-SPM.build/Release-iphoneos/CapApp-SPM.build/DerivedSources-normal/arm64 -Xcc -I/Users/runner/Library/Developer/Xcode/DerivedData/App-bftnsirjgxxrogcvaqjekecjqrkn/Build/Intermediates.noindex/ArchiveIntermediates/App/IntermediateBuildFilesPath/CapApp-SPM.build/Release-iphoneos/CapApp-SPM.build/DerivedSources/arm64 -Xcc -I/Users/runner/Library/Developer/Xcode/DerivedData/App-bftnsirjgxxrogcvaqjekecjqrkn/Build/Intermediates.noindex/ArchiveIntermediates/App/IntermediateBuildFilesPath/CapApp-SPM.build/Release-iphoneos/CapApp-SPM.build/DerivedSources -Xcc -DSWIFT_PACKAGE -emit-objc-header -emit-objc-header-path /Users/runner/Library/Developer/Xcode/DerivedData/App-bftnsirjgxxrogcvaqjekecjqrkn/Build/Intermediates.noindex/ArchiveIntermediates/App/IntermediateBuildFilesPath/CapApp-SPM.build/Release-iphoneos/CapApp-SPM.build/Objects-normal/arm64/CapApp-SPM-Swift.h -working-directory /Users/runner/work/focusher-app/focusher-app/ios/App/App.xcodeproj -no-emit-module-separately-wmo

ExtractAppIntentsMetadata (in target 'RevenuecatPurchasesCapacitor' from project 'RevenuecatPurchasesCapacitor')
    cd /Users/runner/work/focusher-app/focusher-app/node_modules/@revenuecat/purchases-capacitor
    /Applications/Xcode_26.6.app/Contents/Developer/Toolchains/XcodeDefault.xctoolchain/usr/bin/appintentsmetadataprocessor --toolchain-dir /var/run/com.apple.security.cryptexd/mnt/com.apple.MobileAsset.MetalToolchain-v17.6.109.0.Or93n4/Metal.xctoolchain --module-name RevenuecatPurchasesCapacitor --sdk-root /Applications/Xcode_26.6.app/Contents/Developer/Platforms/iPhoneOS.platform/Developer/SDKs/iPhoneOS26.5.sdk --xcode-version 17F113 --platform-family iOS --deployment-target 15.0 --bundle-identifier purchases-capacitor.RevenuecatPurchasesCapacitor --output /Users/runner/Library/Developer/Xcode/DerivedData/App-bftnsirjgxxrogcvaqjekecjqrkn/Build/Intermediates.noindex/ArchiveIntermediates/App/IntermediateBuildFilesPath/UninstalledProducts/iphoneos/RevenuecatPurchasesCapacitor.appintents --target-triple arm64-apple-ios15.0 --binary-file /Users/runner/Library/Developer/Xcode/DerivedData/App-bftnsirjgxxrogcvaqjekecjqrkn/Build/Intermediates.noindex/ArchiveIntermediates/App/IntermediateBuildFilesPath/UninstalledProducts/iphoneos/RevenuecatPurchasesCapacitor.o --dependency-file /Users/runner/Library/Developer/Xcode/DerivedData/App-bftnsirjgxxrogcvaqjekecjqrkn/Build/Intermediates.noindex/ArchiveIntermediates/App/IntermediateBuildFilesPath/RevenuecatPurchasesCapacitor.build/Release-iphoneos/RevenuecatPurchasesCapacitor.build/Objects-normal/arm64/RevenuecatPurchasesCapacitor_dependency_info.dat --stringsdata-file /Users/runner/Library/Developer/Xcode/DerivedData/App-bftnsirjgxxrogcvaqjekecjqrkn/Build/Intermediates.noindex/ArchiveIntermediates/App/IntermediateBuildFilesPath/RevenuecatPurchasesCapacitor.build/Release-iphoneos/RevenuecatPurchasesCapacitor.build/Objects-normal/arm64/ExtractedAppShortcutsMetadata.stringsdata --source-file-list /Users/runner/Library/Developer/Xcode/DerivedData/App-bftnsirjgxxrogcvaqjekecjqrkn/Build/Intermediates.noindex/ArchiveIntermediates/App/IntermediateBuildFilesPath/RevenuecatPurchasesCapacitor.build/Release-iphoneos/RevenuecatPurchasesCapacitor.build/Objects-normal/arm64/RevenuecatPurchasesCapacitor.SwiftFileList --metadata-file-list /Users/runner/Library/Developer/Xcode/DerivedData/App-bftnsirjgxxrogcvaqjekecjqrkn/Build/Intermediates.noindex/ArchiveIntermediates/App/IntermediateBuildFilesPath/RevenuecatPurchasesCapacitor.build/Release-iphoneos/RevenuecatPurchasesCapacitor.build/RevenuecatPurchasesCapacitor.DependencyMetadataFileList --static-metadata-file-list /Users/runner/Library/Developer/Xcode/DerivedData/App-bftnsirjgxxrogcvaqjekecjqrkn/Build/Intermediates.noindex/ArchiveIntermediates/App/IntermediateBuildFilesPath/RevenuecatPurchasesCapacitor.build/Release-iphoneos/RevenuecatPurchasesCapacitor.build/RevenuecatPurchasesCapacitor.DependencyStaticMetadataFileList --swift-const-vals-list /Users/runner/Library/Developer/Xcode/DerivedData/App-bftnsirjgxxrogcvaqjekecjqrkn/Build/Intermediates.noindex/ArchiveIntermediates/App/IntermediateBuildFilesPath/RevenuecatPurchasesCapacitor.build/Release-iphoneos/RevenuecatPurchasesCapacitor.build/Objects-normal/arm64/RevenuecatPurchasesCapacitor.SwiftConstValuesFileList --force --compile-time-extraction --deployment-aware-processing --validate-assistant-intents --no-app-shortcuts-localization
2026-10-06 21:44:37.907 appintentsmetadataprocessor[6840:23904] Starting appintentsmetadataprocessor export
2026-10-06 21:44:37.929 appintentsmetadataprocessor[6840:23904] Extracted no relevant App Intents symbols, skipping writing output

SwiftCompile normal arm64 Compiling\ CapApp-SPM.swift /Users/runner/work/focusher-app/focusher-app/ios/App/CapApp-SPM/Sources/CapApp-SPM/CapApp-SPM.swift /Applications/Xcode_26.6.app/Contents/Developer/Toolchains/XcodeDefault.xctoolchain/usr/lib/swift/iphoneos/prebuilt-modules/26.5/_Concurrency.swiftmodule/arm64e-apple-ios.swiftmodule /Applications/Xcode_26.6.app/Contents/Developer/Toolchains/XcodeDefault.xctoolchain/usr/lib/swift/iphoneos/prebuilt-modules/26.5/_StringProcessing.swiftmodule/arm64e-apple-ios.swiftmodule /Applications/Xcode_26.6.app/Contents/Developer/Toolchains/XcodeDefault.xctoolchain/usr/lib/swift/iphoneos/prebuilt-modules/26.5/Swift.swiftmodule/arm64e-apple-ios.swiftmodule /Users/runner/Library/Developer/Xcode/DerivedData/ModuleCache.noindex/SwiftShims-726JJO2L9PNSQ7U4XETGG7EE9.pcm /Users/runner/Library/Developer/Xcode/DerivedData/ModuleCache.noindex/_SwiftConcurrencyShims-72MI7WHN08305D73FERVYXX8Q.pcm /Users/runner/Library/Developer/Xcode/DerivedData/App-bftnsirjgxxrogcvaqjekecjqrkn/Build/Intermediates.noindex/ArchiveIntermediates/App/IntermediateBuildFilesPath/CapApp-SPM.build/Release-iphoneos/CapApp-SPM.build/Objects-normal/arm64/CapApp_SPM-dependencies-1.json (in target 'CapApp-SPM' from project 'CapApp-SPM')

SwiftCompile normal arm64 /Users/runner/work/focusher-app/focusher-app/ios/App/CapApp-SPM/Sources/CapApp-SPM/CapApp-SPM.swift (in target 'CapApp-SPM' from project 'CapApp-SPM')
    cd /Users/runner/work/focusher-app/focusher-app/ios/App/App.xcodeproj
    

SwiftDriver\ Compilation CapApp-SPM normal arm64 com.apple.xcode.tools.swift.compiler (in target 'CapApp-SPM' from project 'CapApp-SPM')
    cd /Users/runner/work/focusher-app/focusher-app/ios/App/App.xcodeproj
    builtin-Swift-Compilation -- /Applications/Xcode_26.6.app/Contents/Developer/Toolchains/XcodeDefault.xctoolchain/usr/bin/swiftc -module-name CapApp_SPM -O -whole-module-optimization @/Users/runner/Library/Developer/Xcode/DerivedData/App-bftnsirjgxxrogcvaqjekecjqrkn/Build/Intermediates.noindex/ArchiveIntermediates/App/IntermediateBuildFilesPath/CapApp-SPM.build/Release-iphoneos/CapApp-SPM.build/Objects-normal/arm64/CapApp-SPM.SwiftFileList -DSWIFT_PACKAGE -DSWIFT_MODULE_RESOURCE_BUNDLE_UNAVAILABLE -DXcode -plugin-path /Applications/Xcode_26.6.app/Contents/Developer/Toolchains/XcodeDefault.xctoolchain/usr/lib/swift/host/plugins/testing -enable-experimental-feature DebugDescriptionMacro -sdk /Applications/Xcode_26.6.app/Contents/Developer/Platforms/iPhoneOS.platform/Developer/SDKs/iPhoneOS26.5.sdk -target arm64-apple-ios15.0 -g -module-cache-path /Users/runner/Library/Developer/Xcode/DerivedData/ModuleCache.noindex -Xfrontend -serialize-debugging-options -suppress-warnings -swift-version 5 -I /Users/runner/Library/Developer/Xcode/DerivedData/App-bftnsirjgxxrogcvaqjekecjqrkn/Build/Intermediates.noindex/ArchiveIntermediates/App/BuildProductsPath/Release-iphoneos -Isystem /Applications/Xcode_26.6.app/Contents/Developer/Platforms/iPhoneOS.platform/Developer/usr/lib -F /Users/runner/Library/Developer/Xcode/DerivedData/App-bftnsirjgxxrogcvaqjekecjqrkn/Build/Intermediates.noindex/ArchiveIntermediates/App/BuildProductsPath/Release-iphoneos/PackageFrameworks -F /Users/runner/Library/Developer/Xcode/DerivedData/App-bftnsirjgxxrogcvaqjekecjqrkn/Build/Intermediates.noindex/ArchiveIntermediates/App/BuildProductsPath/Release-iphoneos/PackageFrameworks -F /Users/runner/Library/Developer/Xcode/DerivedData/App-bftnsirjgxxrogcvaqjekecjqrkn/Build/Intermediates.noindex/ArchiveIntermediates/App/BuildProductsPath/Release-iphoneos/PackageFrameworks -F /Users/runner/Library/Developer/Xcode/DerivedData/App-bftnsirjgxxrogcvaqjekecjqrkn/Build/Intermediates.noindex/ArchiveIntermediates/App/BuildProductsPath/Release-iphoneos/PackageFrameworks -F /Users/runner/Library/Developer/Xcode/DerivedData/App-bftnsirjgxxrogcvaqjekecjqrkn/Build/Intermediates.noindex/ArchiveIntermediates/App/BuildProductsPath/Release-iphoneos/PackageFrameworks -F /Users/runner/Library/Developer/Xcode/DerivedData/App-bftnsirjgxxrogcvaqjekecjqrkn/Build/Intermediates.noindex/ArchiveIntermediates/App/BuildProductsPath/Release-iphoneos/PackageFrameworks -F /Users/runner/Library/Developer/Xcode/DerivedData/App-bftnsirjgxxrogcvaqjekecjqrkn/Build/Intermediates.noindex/ArchiveIntermediates/App/BuildProductsPath/Release-iphoneos/PackageFrameworks -F /Users/runner/Library/Developer/Xcode/DerivedData/App-bftnsirjgxxrogcvaqjekecjqrkn/Build/Intermediates.noindex/ArchiveIntermediates/App/BuildProductsPath/Release-iphoneos -F /Applications/Xcode_26.6.app/Contents/Developer/Platforms/iPhoneOS.platform/Developer/Library/Frameworks -F /Applications/Xcode_26.6.app/Contents/Developer/Platforms/iPhoneOS.platform/Developer/SDKs/iPhoneOS26.5.sdk/Developer/Library/Frameworks -parse-as-library -c -num-threads 3 -Xcc -ivfsstatcache -Xcc /Users/runner/Library/Developer/Xcode/DerivedData/SDKStatCaches.noindex/iphoneos26.5-23F81a-688ef53f1462e2c8f657fdc38a81448fee66e23052a0157c865c76b268046726.sdkstatcache -output-file-map /Users/runner/Library/Developer/Xcode/DerivedData/App-bftnsirjgxxrogcvaqjekecjqrkn/Build/Intermediates.noindex/ArchiveIntermediates/App/IntermediateBuildFilesPath/CapApp-SPM.build/Release-iphoneos/CapApp-SPM.build/Objects-normal/arm64/CapApp-SPM-OutputFileMap.json -use-frontend-parseable-output -save-temps -no-color-diagnostics -explicit-module-build -module-cache-path /Users/runner/Library/Developer/Xcode/DerivedData/App-bftnsirjgxxrogcvaqjekecjqrkn/Build/Intermediates.noindex/ArchiveIntermediates/App/IntermediateBuildFilesPath/SwiftExplicitPrecompiledModules -clang-scanner-module-cache-path /Users/runner/Library/Developer/Xcode/DerivedData/ModuleCache.noindex -sdk-module-cache-path /Users/runner/Library/Developer/Xcode/DerivedData/ModuleCache.noindex -serialize-diagnostics -emit-dependencies -emit-module -emit-module-path /Users/runner/Library/Developer/Xcode/DerivedData/App-bftnsirjgxxrogcvaqjekecjqrkn/Build/Intermediates.noindex/ArchiveIntermediates/App/IntermediateBuildFilesPath/CapApp-SPM.build/Release-iphoneos/CapApp-SPM.build/Objects-normal/arm64/CapApp_SPM.swiftmodule -validate-clang-modules-once -clang-build-session-file /Users/runner/Library/Developer/Xcode/DerivedData/ModuleCache.noindex/Session.modulevalidation -package-name capapp_spm -Xcc -I/Users/runner/Library/Developer/Xcode/DerivedData/App-bftnsirjgxxrogcvaqjekecjqrkn/Build/Intermediates.noindex/ArchiveIntermediates/App/IntermediateBuildFilesPath/CapApp-SPM.build/Release-iphoneos/CapApp-SPM.build/swift-overrides.hmap -emit-const-values -Xfrontend -const-gather-protocols-file -Xfrontend /Users/runner/Library/Developer/Xcode/DerivedData/App-bftnsirjgxxrogcvaqjekecjqrkn/Build/Intermediates.noindex/ArchiveIntermediates/App/IntermediateBuildFilesPath/CapApp-SPM.build/Release-iphoneos/CapApp-SPM.build/Objects-normal/arm64/CapApp-SPM_const_extract_protocols.json -Xcc -I/Users/runner/Library/Developer/Xcode/DerivedData/App-bftnsirjgxxrogcvaqjekecjqrkn/Build/Intermediates.noindex/ArchiveIntermediates/App/BuildProductsPath/Release-iphoneos/include -Xcc -I/Users/runner/Library/Developer/Xcode/DerivedData/App-bftnsirjgxxrogcvaqjekecjqrkn/Build/Intermediates.noindex/ArchiveIntermediates/App/IntermediateBuildFilesPath/CapApp-SPM.build/Release-iphoneos/CapApp-SPM.build/DerivedSources-normal/arm64 -Xcc -I/Users/runner/Library/Developer/Xcode/DerivedData/App-bftnsirjgxxrogcvaqjekecjqrkn/Build/Intermediates.noindex/ArchiveIntermediates/App/IntermediateBuildFilesPath/CapApp-SPM.build/Release-iphoneos/CapApp-SPM.build/DerivedSources/arm64 -Xcc -I/Users/runner/Library/Developer/Xcode/DerivedData/App-bftnsirjgxxrogcvaqjekecjqrkn/Build/Intermediates.noindex/ArchiveIntermediates/App/IntermediateBuildFilesPath/CapApp-SPM.build/Release-iphoneos/CapApp-SPM.build/DerivedSources -Xcc -DSWIFT_PACKAGE -emit-objc-header -emit-objc-header-path /Users/runner/Library/Developer/Xcode/DerivedData/App-bftnsirjgxxrogcvaqjekecjqrkn/Build/Intermediates.noindex/ArchiveIntermediates/App/IntermediateBuildFilesPath/CapApp-SPM.build/Release-iphoneos/CapApp-SPM.build/Objects-normal/arm64/CapApp-SPM-Swift.h -working-directory /Users/runner/work/focusher-app/focusher-app/ios/App/App.xcodeproj -no-emit-module-separately-wmo

SetOwnerAndGroup runner:staff /Users/runner/Library/Developer/Xcode/DerivedData/App-bftnsirjgxxrogcvaqjekecjqrkn/Build/Intermediates.noindex/ArchiveIntermediates/App/IntermediateBuildFilesPath/UninstalledProducts/iphoneos/RevenuecatPurchasesCapacitor.o (in target 'RevenuecatPurchasesCapacitor' from project 'RevenuecatPurchasesCapacitor')
    cd /Users/runner/work/focusher-app/focusher-app/node_modules/@revenuecat/purchases-capacitor
    /usr/sbin/chown -RH runner:staff /Users/runner/Library/Developer/Xcode/DerivedData/App-bftnsirjgxxrogcvaqjekecjqrkn/Build/Intermediates.noindex/ArchiveIntermediates/App/IntermediateBuildFilesPath/UninstalledProducts/iphoneos/RevenuecatPurchasesCapacitor.o

SetMode u+w,go-w,a+rX /Users/runner/Library/Developer/Xcode/DerivedData/App-bftnsirjgxxrogcvaqjekecjqrkn/Build/Intermediates.noindex/ArchiveIntermediates/App/IntermediateBuildFilesPath/UninstalledProducts/iphoneos/RevenuecatPurchasesCapacitor.o (in target 'RevenuecatPurchasesCapacitor' from project 'RevenuecatPurchasesCapacitor')
    cd /Users/runner/work/focusher-app/focusher-app/node_modules/@revenuecat/purchases-capacitor
    /bin/chmod -RH u+w,go-w,a+rX /Users/runner/Library/Developer/Xcode/DerivedData/App-bftnsirjgxxrogcvaqjekecjqrkn/Build/Intermediates.noindex/ArchiveIntermediates/App/IntermediateBuildFilesPath/UninstalledProducts/iphoneos/RevenuecatPurchasesCapacitor.o

RegisterExecutionPolicyException /Users/runner/Library/Developer/Xcode/DerivedData/App-bftnsirjgxxrogcvaqjekecjqrkn/Build/Intermediates.noindex/ArchiveIntermediates/App/IntermediateBuildFilesPath/UninstalledProducts/iphoneos/RevenuecatPurchasesCapacitor.o (in target 'RevenuecatPurchasesCapacitor' from project 'RevenuecatPurchasesCapacitor')
    cd /Users/runner/work/focusher-app/focusher-app/node_modules/@revenuecat/purchases-capacitor
    builtin-RegisterExecutionPolicyException /Users/runner/Library/Developer/Xcode/DerivedData/App-bftnsirjgxxrogcvaqjekecjqrkn/Build/Intermediates.noindex/ArchiveIntermediates/App/IntermediateBuildFilesPath/UninstalledProducts/iphoneos/RevenuecatPurchasesCapacitor.o

SwiftDriverJobDiscovery normal arm64 Compiling CapApp-SPM.swift (in target 'CapApp-SPM' from project 'CapApp-SPM')

SwiftDriver\ Compilation\ Requirements CapApp-SPM normal arm64 com.apple.xcode.tools.swift.compiler (in target 'CapApp-SPM' from project 'CapApp-SPM')
    cd /Users/runner/work/focusher-app/focusher-app/ios/App/App.xcodeproj
    builtin-Swift-Compilation-Requirements -- /Applications/Xcode_26.6.app/Contents/Developer/Toolchains/XcodeDefault.xctoolchain/usr/bin/swiftc -module-name CapApp_SPM -O -whole-module-optimization @/Users/runner/Library/Developer/Xcode/DerivedData/App-bftnsirjgxxrogcvaqjekecjqrkn/Build/Intermediates.noindex/ArchiveIntermediates/App/IntermediateBuildFilesPath/CapApp-SPM.build/Release-iphoneos/CapApp-SPM.build/Objects-normal/arm64/CapApp-SPM.SwiftFileList -DSWIFT_PACKAGE -DSWIFT_MODULE_RESOURCE_BUNDLE_UNAVAILABLE -DXcode -plugin-path /Applications/Xcode_26.6.app/Contents/Developer/Toolchains/XcodeDefault.xctoolchain/usr/lib/swift/host/plugins/testing -enable-experimental-feature DebugDescriptionMacro -sdk /Applications/Xcode_26.6.app/Contents/Developer/Platforms/iPhoneOS.platform/Developer/SDKs/iPhoneOS26.5.sdk -target arm64-apple-ios15.0 -g -module-cache-path /Users/runner/Library/Developer/Xcode/DerivedData/ModuleCache.noindex -Xfrontend -serialize-debugging-options -suppress-warnings -swift-version 5 -I /Users/runner/Library/Developer/Xcode/DerivedData/App-bftnsirjgxxrogcvaqjekecjqrkn/Build/Intermediates.noindex/ArchiveIntermediates/App/BuildProductsPath/Release-iphoneos -Isystem /Applications/Xcode_26.6.app/Contents/Developer/Platforms/iPhoneOS.platform/Developer/usr/lib -F /Users/runner/Library/Developer/Xcode/DerivedData/App-bftnsirjgxxrogcvaqjekecjqrkn/Build/Intermediates.noindex/ArchiveIntermediates/App/BuildProductsPath/Release-iphoneos/PackageFrameworks -F /Users/runner/Library/Developer/Xcode/DerivedData/App-bftnsirjgxxrogcvaqjekecjqrkn/Build/Intermediates.noindex/ArchiveIntermediates/App/BuildProductsPath/Release-iphoneos/PackageFrameworks -F /Users/runner/Library/Developer/Xcode/DerivedData/App-bftnsirjgxxrogcvaqjekecjqrkn/Build/Intermediates.noindex/ArchiveIntermediates/App/BuildProductsPath/Release-iphoneos/PackageFrameworks -F /Users/runner/Library/Developer/Xcode/DerivedData/App-bftnsirjgxxrogcvaqjekecjqrkn/Build/Intermediates.noindex/ArchiveIntermediates/App/BuildProductsPath/Release-iphoneos/PackageFrameworks -F /Users/runner/Library/Developer/Xcode/DerivedData/App-bftnsirjgxxrogcvaqjekecjqrkn/Build/Intermediates.noindex/ArchiveIntermediates/App/BuildProductsPath/Release-iphoneos/PackageFrameworks -F /Users/runner/Library/Developer/Xcode/DerivedData/App-bftnsirjgxxrogcvaqjekecjqrkn/Build/Intermediates.noindex/ArchiveIntermediates/App/BuildProductsPath/Release-iphoneos/PackageFrameworks -F /Users/runner/Library/Developer/Xcode/DerivedData/App-bftnsirjgxxrogcvaqjekecjqrkn/Build/Intermediates.noindex/ArchiveIntermediates/App/BuildProductsPath/Release-iphoneos/PackageFrameworks -F /Users/runner/Library/Developer/Xcode/DerivedData/App-bftnsirjgxxrogcvaqjekecjqrkn/Build/Intermediates.noindex/ArchiveIntermediates/App/BuildProductsPath/Release-iphoneos -F /Applications/Xcode_26.6.app/Contents/Developer/Platforms/iPhoneOS.platform/Developer/Library/Frameworks -F /Applications/Xcode_26.6.app/Contents/Developer/Platforms/iPhoneOS.platform/Developer/SDKs/iPhoneOS26.5.sdk/Developer/Library/Frameworks -parse-as-library -c -num-threads 3 -Xcc -ivfsstatcache -Xcc /Users/runner/Library/Developer/Xcode/DerivedData/SDKStatCaches.noindex/iphoneos26.5-23F81a-688ef53f1462e2c8f657fdc38a81448fee66e23052a0157c865c76b268046726.sdkstatcache -output-file-map /Users/runner/Library/Developer/Xcode/DerivedData/App-bftnsirjgxxrogcvaqjekecjqrkn/Build/Intermediates.noindex/ArchiveIntermediates/App/IntermediateBuildFilesPath/CapApp-SPM.build/Release-iphoneos/CapApp-SPM.build/Objects-normal/arm64/CapApp-SPM-OutputFileMap.json -use-frontend-parseable-output -save-temps -no-color-diagnostics -explicit-module-build -module-cache-path /Users/runner/Library/Developer/Xcode/DerivedData/App-bftnsirjgxxrogcvaqjekecjqrkn/Build/Intermediates.noindex/ArchiveIntermediates/App/IntermediateBuildFilesPath/SwiftExplicitPrecompiledModules -clang-scanner-module-cache-path /Users/runner/Library/Developer/Xcode/DerivedData/ModuleCache.noindex -sdk-module-cache-path /Users/runner/Library/Developer/Xcode/DerivedData/ModuleCache.noindex -serialize-diagnostics -emit-dependencies -emit-module -emit-module-path /Users/runner/Library/Developer/Xcode/DerivedData/App-bftnsirjgxxrogcvaqjekecjqrkn/Build/Intermediates.noindex/ArchiveIntermediates/App/IntermediateBuildFilesPath/CapApp-SPM.build/Release-iphoneos/CapApp-SPM.build/Objects-normal/arm64/CapApp_SPM.swiftmodule -validate-clang-modules-once -clang-build-session-file /Users/runner/Library/Developer/Xcode/DerivedData/ModuleCache.noindex/Session.modulevalidation -package-name capapp_spm -Xcc -I/Users/runner/Library/Developer/Xcode/DerivedData/App-bftnsirjgxxrogcvaqjekecjqrkn/Build/Intermediates.noindex/ArchiveIntermediates/App/IntermediateBuildFilesPath/CapApp-SPM.build/Release-iphoneos/CapApp-SPM.build/swift-overrides.hmap -emit-const-values -Xfrontend -const-gather-protocols-file -Xfrontend /Users/runner/Library/Developer/Xcode/DerivedData/App-bftnsirjgxxrogcvaqjekecjqrkn/Build/Intermediates.noindex/ArchiveIntermediates/App/IntermediateBuildFilesPath/CapApp-SPM.build/Release-iphoneos/CapApp-SPM.build/Objects-normal/arm64/CapApp-SPM_const_extract_protocols.json -Xcc -I/Users/runner/Library/Developer/Xcode/DerivedData/App-bftnsirjgxxrogcvaqjekecjqrkn/Build/Intermediates.noindex/ArchiveIntermediates/App/BuildProductsPath/Release-iphoneos/include -Xcc -I/Users/runner/Library/Developer/Xcode/DerivedData/App-bftnsirjgxxrogcvaqjekecjqrkn/Build/Intermediates.noindex/ArchiveIntermediates/App/IntermediateBuildFilesPath/CapApp-SPM.build/Release-iphoneos/CapApp-SPM.build/DerivedSources-normal/arm64 -Xcc -I/Users/runner/Library/Developer/Xcode/DerivedData/App-bftnsirjgxxrogcvaqjekecjqrkn/Build/Intermediates.noindex/ArchiveIntermediates/App/IntermediateBuildFilesPath/CapApp-SPM.build/Release-iphoneos/CapApp-SPM.build/DerivedSources/arm64 -Xcc -I/Users/runner/Library/Developer/Xcode/DerivedData/App-bftnsirjgxxrogcvaqjekecjqrkn/Build/Intermediates.noindex/ArchiveIntermediates/App/IntermediateBuildFilesPath/CapApp-SPM.build/Release-iphoneos/CapApp-SPM.build/DerivedSources -Xcc -DSWIFT_PACKAGE -emit-objc-header -emit-objc-header-path /Users/runner/Library/Developer/Xcode/DerivedData/App-bftnsirjgxxrogcvaqjekecjqrkn/Build/Intermediates.noindex/ArchiveIntermediates/App/IntermediateBuildFilesPath/CapApp-SPM.build/Release-iphoneos/CapApp-SPM.build/Objects-normal/arm64/CapApp-SPM-Swift.h -working-directory /Users/runner/work/focusher-app/focusher-app/ios/App/App.xcodeproj -no-emit-module-separately-wmo

SwiftMergeGeneratedHeaders /Users/runner/Library/Developer/Xcode/DerivedData/App-bftnsirjgxxrogcvaqjekecjqrkn/Build/Intermediates.noindex/ArchiveIntermediates/App/IntermediateBuildFilesPath/GeneratedModuleMaps-iphoneos/CapApp-SPM-Swift.h /Users/runner/Library/Developer/Xcode/DerivedData/App-bftnsirjgxxrogcvaqjekecjqrkn/Build/Intermediates.noindex/ArchiveIntermediates/App/IntermediateBuildFilesPath/CapApp-SPM.build/Release-iphoneos/CapApp-SPM.build/Objects-normal/arm64/CapApp-SPM-Swift.h (in target 'CapApp-SPM' from project 'CapApp-SPM')
    cd /Users/runner/work/focusher-app/focusher-app/ios/App/CapApp-SPM
    builtin-swiftHeaderTool -arch arm64 /Users/runner/Library/Developer/Xcode/DerivedData/App-bftnsirjgxxrogcvaqjekecjqrkn/Build/Intermediates.noindex/ArchiveIntermediates/App/IntermediateBuildFilesPath/CapApp-SPM.build/Release-iphoneos/CapApp-SPM.build/Objects-normal/arm64/CapApp-SPM-Swift.h -o /Users/runner/Library/Developer/Xcode/DerivedData/App-bftnsirjgxxrogcvaqjekecjqrkn/Build/Intermediates.noindex/ArchiveIntermediates/App/IntermediateBuildFilesPath/GeneratedModuleMaps-iphoneos/CapApp-SPM-Swift.h

Copy /Users/runner/Library/Developer/Xcode/DerivedData/App-bftnsirjgxxrogcvaqjekecjqrkn/Build/Intermediates.noindex/ArchiveIntermediates/App/BuildProductsPath/Release-iphoneos/CapApp_SPM.swiftmodule/arm64-apple-ios.swiftmodule /Users/runner/Library/Developer/Xcode/DerivedData/App-bftnsirjgxxrogcvaqjekecjqrkn/Build/Intermediates.noindex/ArchiveIntermediates/App/IntermediateBuildFilesPath/CapApp-SPM.build/Release-iphoneos/CapApp-SPM.build/Objects-normal/arm64/CapApp_SPM.swiftmodule (in target 'CapApp-SPM' from project 'CapApp-SPM')
    cd /Users/runner/work/focusher-app/focusher-app/ios/App/CapApp-SPM
    builtin-copy -exclude .DS_Store -exclude CVS -exclude .svn -exclude .git -exclude .hg -strip-unsigned-binaries -strip-deterministic -strip-tool /Applications/Xcode_26.6.app/Contents/Developer/Toolchains/XcodeDefault.xctoolchain/usr/bin/strip -resolve-src-symlinks -rename /Users/runner/Library/Developer/Xcode/DerivedData/App-bftnsirjgxxrogcvaqjekecjqrkn/Build/Intermediates.noindex/ArchiveIntermediates/App/IntermediateBuildFilesPath/CapApp-SPM.build/Release-iphoneos/CapApp-SPM.build/Objects-normal/arm64/CapApp_SPM.swiftmodule /Users/runner/Library/Developer/Xcode/DerivedData/App-bftnsirjgxxrogcvaqjekecjqrkn/Build/Intermediates.noindex/ArchiveIntermediates/App/BuildProductsPath/Release-iphoneos/CapApp_SPM.swiftmodule/arm64-apple-ios.swiftmodule

Copy /Users/runner/Library/Developer/Xcode/DerivedData/App-bftnsirjgxxrogcvaqjekecjqrkn/Build/Intermediates.noindex/ArchiveIntermediates/App/BuildProductsPath/Release-iphoneos/CapApp_SPM.swiftmodule/arm64-apple-ios.swiftdoc /Users/runner/Library/Developer/Xcode/DerivedData/App-bftnsirjgxxrogcvaqjekecjqrkn/Build/Intermediates.noindex/ArchiveIntermediates/App/IntermediateBuildFilesPath/CapApp-SPM.build/Release-iphoneos/CapApp-SPM.build/Objects-normal/arm64/CapApp_SPM.swiftdoc (in target 'CapApp-SPM' from project 'CapApp-SPM')
    cd /Users/runner/work/focusher-app/focusher-app/ios/App/CapApp-SPM
    builtin-copy -exclude .DS_Store -exclude CVS -exclude .svn -exclude .git -exclude .hg -strip-unsigned-binaries -strip-deterministic -strip-tool /Applications/Xcode_26.6.app/Contents/Developer/Toolchains/XcodeDefault.xctoolchain/usr/bin/strip -resolve-src-symlinks -rename /Users/runner/Library/Developer/Xcode/DerivedData/App-bftnsirjgxxrogcvaqjekecjqrkn/Build/Intermediates.noindex/ArchiveIntermediates/App/IntermediateBuildFilesPath/CapApp-SPM.build/Release-iphoneos/CapApp-SPM.build/Objects-normal/arm64/CapApp_SPM.swiftdoc /Users/runner/Library/Developer/Xcode/DerivedData/App-bftnsirjgxxrogcvaqjekecjqrkn/Build/Intermediates.noindex/ArchiveIntermediates/App/BuildProductsPath/Release-iphoneos/CapApp_SPM.swiftmodule/arm64-apple-ios.swiftdoc

Copy /Users/runner/Library/Developer/Xcode/DerivedData/App-bftnsirjgxxrogcvaqjekecjqrkn/Build/Intermediates.noindex/ArchiveIntermediates/App/BuildProductsPath/Release-iphoneos/CapApp_SPM.swiftmodule/arm64-apple-ios.abi.json /Users/runner/Library/Developer/Xcode/DerivedData/App-bftnsirjgxxrogcvaqjekecjqrkn/Build/Intermediates.noindex/ArchiveIntermediates/App/IntermediateBuildFilesPath/CapApp-SPM.build/Release-iphoneos/CapApp-SPM.build/Objects-normal/arm64/CapApp_SPM.abi.json (in target 'CapApp-SPM' from project 'CapApp-SPM')
    cd /Users/runner/work/focusher-app/focusher-app/ios/App/CapApp-SPM
    builtin-copy -exclude .DS_Store -exclude CVS -exclude .svn -exclude .git -exclude .hg -strip-unsigned-binaries -strip-deterministic -strip-tool /Applications/Xcode_26.6.app/Contents/Developer/Toolchains/XcodeDefault.xctoolchain/usr/bin/strip -resolve-src-symlinks -rename /Users/runner/Library/Developer/Xcode/DerivedData/App-bftnsirjgxxrogcvaqjekecjqrkn/Build/Intermediates.noindex/ArchiveIntermediates/App/IntermediateBuildFilesPath/CapApp-SPM.build/Release-iphoneos/CapApp-SPM.build/Objects-normal/arm64/CapApp_SPM.abi.json /Users/runner/Library/Developer/Xcode/DerivedData/App-bftnsirjgxxrogcvaqjekecjqrkn/Build/Intermediates.noindex/ArchiveIntermediates/App/BuildProductsPath/Release-iphoneos/CapApp_SPM.swiftmodule/arm64-apple-ios.abi.json

Ld /Users/runner/Library/Developer/Xcode/DerivedData/App-bftnsirjgxxrogcvaqjekecjqrkn/Build/Intermediates.noindex/ArchiveIntermediates/App/IntermediateBuildFilesPath/UninstalledProducts/iphoneos/CapApp-SPM.o normal (in target 'CapApp-SPM' from project 'CapApp-SPM')
    cd /Users/runner/work/focusher-app/focusher-app/ios/App/CapApp-SPM
    /Applications/Xcode_26.6.app/Contents/Developer/Toolchains/XcodeDefault.xctoolchain/usr/bin/clang -Xlinker -reproducible -target arm64-apple-ios15.0 -r -isysroot /Applications/Xcode_26.6.app/Contents/Developer/Platforms/iPhoneOS.platform/Developer/SDKs/iPhoneOS26.5.sdk -Os -w -F/Users/runner/Library/Developer/Xcode/DerivedData/App-bftnsirjgxxrogcvaqjekecjqrkn/Build/Intermediates.noindex/ArchiveIntermediates/App/IntermediateBuildFilesPath/EagerLinkingTBDs/Release-iphoneos -F/Users/runner/Library/Developer/Xcode/DerivedData/App-bftnsirjgxxrogcvaqjekecjqrkn/Build/Intermediates.noindex/ArchiveIntermediates/App/BuildProductsPath/Release-iphoneos/PackageFrameworks -F/Users/runner/Library/Developer/Xcode/DerivedData/App-bftnsirjgxxrogcvaqjekecjqrkn/Build/Intermediates.noindex/ArchiveIntermediates/App/BuildProductsPath/Release-iphoneos/PackageFrameworks -F/Users/runner/Library/Developer/Xcode/DerivedData/App-bftnsirjgxxrogcvaqjekecjqrkn/Build/Intermediates.noindex/ArchiveIntermediates/App/BuildProductsPath/Release-iphoneos/PackageFrameworks -F/Users/runner/Library/Developer/Xcode/DerivedData/App-bftnsirjgxxrogcvaqjekecjqrkn/Build/Intermediates.noindex/ArchiveIntermediates/App/BuildProductsPath/Release-iphoneos/PackageFrameworks -F/Users/runner/Library/Developer/Xcode/DerivedData/App-bftnsirjgxxrogcvaqjekecjqrkn/Build/Intermediates.noindex/ArchiveIntermediates/App/BuildProductsPath/Release-iphoneos/PackageFrameworks -F/Users/runner/Library/Developer/Xcode/DerivedData/App-bftnsirjgxxrogcvaqjekecjqrkn/Build/Intermediates.noindex/ArchiveIntermediates/App/BuildProductsPath/Release-iphoneos/PackageFrameworks -F/Users/runner/Library/Developer/Xcode/DerivedData/App-bftnsirjgxxrogcvaqjekecjqrkn/Build/Intermediates.noindex/ArchiveIntermediates/App/BuildProductsPath/Release-iphoneos/PackageFrameworks -F/Users/runner/Library/Developer/Xcode/DerivedData/App-bftnsirjgxxrogcvaqjekecjqrkn/Build/Intermediates.noindex/ArchiveIntermediates/App/BuildProductsPath/Release-iphoneos -iframework /Applications/Xcode_26.6.app/Contents/Developer/Platforms/iPhoneOS.platform/Developer/Library/Frameworks -iframework /Applications/Xcode_26.6.app/Contents/Developer/Platforms/iPhoneOS.platform/Developer/SDKs/iPhoneOS26.5.sdk/Developer/Library/Frameworks -filelist /Users/runner/Library/Developer/Xcode/DerivedData/App-bftnsirjgxxrogcvaqjekecjqrkn/Build/Intermediates.noindex/ArchiveIntermediates/App/IntermediateBuildFilesPath/CapApp-SPM.build/Release-iphoneos/CapApp-SPM.build/Objects-normal/arm64/CapApp-SPM.LinkFileList -nostdlib -Xlinker -object_path_lto -Xlinker /Users/runner/Library/Developer/Xcode/DerivedData/App-bftnsirjgxxrogcvaqjekecjqrkn/Build/Intermediates.noindex/ArchiveIntermediates/App/IntermediateBuildFilesPath/CapApp-SPM.build/Release-iphoneos/CapApp-SPM.build/Objects-normal/arm64/CapApp-SPM_lto.o -Xlinker -dependency_info -Xlinker /Users/runner/Library/Developer/Xcode/DerivedData/App-bftnsirjgxxrogcvaqjekecjqrkn/Build/Intermediates.noindex/ArchiveIntermediates/App/IntermediateBuildFilesPath/CapApp-SPM.build/Release-iphoneos/CapApp-SPM.build/Objects-normal/arm64/CapApp-SPM_dependency_info.dat -fobjc-link-runtime -L/Applications/Xcode_26.6.app/Contents/Developer/Toolchains/XcodeDefault.xctoolchain/usr/lib/swift/iphoneos -L/usr/lib/swift -Xlinker -add_ast_path -Xlinker /Users/runner/Library/Developer/Xcode/DerivedData/App-bftnsirjgxxrogcvaqjekecjqrkn/Build/Intermediates.noindex/ArchiveIntermediates/App/IntermediateBuildFilesPath/CapApp-SPM.build/Release-iphoneos/CapApp-SPM.build/Objects-normal/arm64/CapApp_SPM.swiftmodule @/Users/runner/Library/Developer/Xcode/DerivedData/App-bftnsirjgxxrogcvaqjekecjqrkn/Build/Intermediates.noindex/ArchiveIntermediates/App/IntermediateBuildFilesPath/CapApp-SPM.build/Release-iphoneos/CapApp-SPM.build/Objects-normal/arm64/CapApp_SPM-linker-args.resp -o /Users/runner/Library/Developer/Xcode/DerivedData/App-bftnsirjgxxrogcvaqjekecjqrkn/Build/Intermediates.noindex/ArchiveIntermediates/App/IntermediateBuildFilesPath/UninstalledProducts/iphoneos/CapApp-SPM.o

MkDir /Users/runner/Library/Developer/Xcode/DerivedData/App-bftnsirjgxxrogcvaqjekecjqrkn/Build/Intermediates.noindex/ArchiveIntermediates/App/IntermediateBuildFilesPath/App.build/Release-iphoneos/App.build/assetcatalog_output/thinned (in target 'App' from project 'App')
    cd /Users/runner/work/focusher-app/focusher-app/ios/App
    /bin/mkdir -p /Users/runner/Library/Developer/Xcode/DerivedData/App-bftnsirjgxxrogcvaqjekecjqrkn/Build/Intermediates.noindex/ArchiveIntermediates/App/IntermediateBuildFilesPath/App.build/Release-iphoneos/App.build/assetcatalog_output/thinned

MkDir /Users/runner/Library/Developer/Xcode/DerivedData/App-bftnsirjgxxrogcvaqjekecjqrkn/Build/Intermediates.noindex/ArchiveIntermediates/App/IntermediateBuildFilesPath/App.build/Release-iphoneos/App.build/assetcatalog_output/unthinned (in target 'App' from project 'App')
    cd /Users/runner/work/focusher-app/focusher-app/ios/App
    /bin/mkdir -p /Users/runner/Library/Developer/Xcode/DerivedData/App-bftnsirjgxxrogcvaqjekecjqrkn/Build/Intermediates.noindex/ArchiveIntermediates/App/IntermediateBuildFilesPath/App.build/Release-iphoneos/App.build/assetcatalog_output/unthinned

GenerateAssetSymbols /Users/runner/work/focusher-app/focusher-app/ios/App/App/Assets.xcassets (in target 'App' from project 'App')
    cd /Users/runner/work/focusher-app/focusher-app/ios/App
    /Applications/Xcode_26.6.app/Contents/Developer/usr/bin/actool /Users/runner/work/focusher-app/focusher-app/ios/App/App/Assets.xcassets --compile /Users/runner/Library/Developer/Xcode/DerivedData/App-bftnsirjgxxrogcvaqjekecjqrkn/Build/Intermediates.noindex/ArchiveIntermediates/App/InstallationBuildProductsLocation/Applications/App.app --output-format human-readable-text --notices --warnings --export-dependency-info /Users/runner/Library/Developer/Xcode/DerivedData/App-bftnsirjgxxrogcvaqjekecjqrkn/Build/Intermediates.noindex/ArchiveIntermediates/App/IntermediateBuildFilesPath/App.build/Release-iphoneos/App.build/assetcatalog_dependencies --output-partial-info-plist /Users/runner/Library/Developer/Xcode/DerivedData/App-bftnsirjgxxrogcvaqjekecjqrkn/Build/Intermediates.noindex/ArchiveIntermediates/App/IntermediateBuildFilesPath/App.build/Release-iphoneos/App.build/assetcatalog_generated_info.plist --app-icon AppIcon --compress-pngs --enable-on-demand-resources YES --development-region en --target-device iphone --minimum-deployment-target 15.0 --platform iphoneos --bundle-identifier de.vellunaprints.focusher --generate-swift-asset-symbol-extensions NO --generate-swift-asset-symbols /Users/runner/Library/Developer/Xcode/DerivedData/App-bftnsirjgxxrogcvaqjekecjqrkn/Build/Intermediates.noindex/ArchiveIntermediates/App/IntermediateBuildFilesPath/App.build/Release-iphoneos/App.build/DerivedSources/GeneratedAssetSymbols.swift --generate-objc-asset-symbols /Users/runner/Library/Developer/Xcode/DerivedData/App-bftnsirjgxxrogcvaqjekecjqrkn/Build/Intermediates.noindex/ArchiveIntermediates/App/IntermediateBuildFilesPath/App.build/Release-iphoneos/App.build/DerivedSources/GeneratedAssetSymbols.h --generate-asset-symbol-index /Users/runner/Library/Developer/Xcode/DerivedData/App-bftnsirjgxxrogcvaqjekecjqrkn/Build/Intermediates.noindex/ArchiveIntermediates/App/IntermediateBuildFilesPath/App.build/Release-iphoneos/App.build/DerivedSources/GeneratedAssetSymbols-Index.plist
/* com.apple.actool.document.warnings */
/Users/runner/work/focusher-app/focusher-app/ios/App/App/Assets.xcassets:./Splash.imageset/(null)[2d][splash-2732x2732-1.png]: warning: The image set "Splash" has 3 unassigned children.
/Users/runner/work/focusher-app/focusher-app/ios/App/App/Assets.xcassets:./Splash.imageset/(null)[2d][splash-2732x2732-1.png]: warning: The image set "Splash" has 3 unassigned children.
/* com.apple.actool.compilation-results */
/Users/runner/Library/Developer/Xcode/DerivedData/App-bftnsirjgxxrogcvaqjekecjqrkn/Build/Intermediates.noindex/ArchiveIntermediates/App/IntermediateBuildFilesPath/App.build/Release-iphoneos/App.build/DerivedSources/GeneratedAssetSymbols-Index.plist
/Users/runner/Library/Developer/Xcode/DerivedData/App-bftnsirjgxxrogcvaqjekecjqrkn/Build/Intermediates.noindex/ArchiveIntermediates/App/IntermediateBuildFilesPath/App.build/Release-iphoneos/App.build/DerivedSources/GeneratedAssetSymbols.h
/Users/runner/Library/Developer/Xcode/DerivedData/App-bftnsirjgxxrogcvaqjekecjqrkn/Build/Intermediates.noindex/ArchiveIntermediates/App/IntermediateBuildFilesPath/App.build/Release-iphoneos/App.build/DerivedSources/GeneratedAssetSymbols.swift


CompileAssetCatalogVariant thinned /Users/runner/Library/Developer/Xcode/DerivedData/App-bftnsirjgxxrogcvaqjekecjqrkn/Build/Intermediates.noindex/ArchiveIntermediates/App/InstallationBuildProductsLocation/Applications/App.app /Users/runner/work/focusher-app/focusher-app/ios/App/App/Assets.xcassets (in target 'App' from project 'App')
    cd /Users/runner/work/focusher-app/focusher-app/ios/App
    /Applications/Xcode_26.6.app/Contents/Developer/usr/bin/actool /Users/runner/work/focusher-app/focusher-app/ios/App/App/Assets.xcassets --compile /Users/runner/Library/Developer/Xcode/DerivedData/App-bftnsirjgxxrogcvaqjekecjqrkn/Build/Intermediates.noindex/ArchiveIntermediates/App/IntermediateBuildFilesPath/App.build/Release-iphoneos/App.build/assetcatalog_output/thinned --output-format human-readable-text --notices --warnings --export-dependency-info /Users/runner/Library/Developer/Xcode/DerivedData/App-bftnsirjgxxrogcvaqjekecjqrkn/Build/Intermediates.noindex/ArchiveIntermediates/App/IntermediateBuildFilesPath/App.build/Release-iphoneos/App.build/assetcatalog_dependencies_thinned --output-partial-info-plist /Users/runner/Library/Developer/Xcode/DerivedData/App-bftnsirjgxxrogcvaqjekecjqrkn/Build/Intermediates.noindex/ArchiveIntermediates/App/IntermediateBuildFilesPath/App.build/Release-iphoneos/App.build/assetcatalog_generated_info.plist_thinned --app-icon AppIcon --compress-pngs --enable-on-demand-resources YES --development-region en --target-device iphone --minimum-deployment-target 15.0 --platform iphoneos
/* com.apple.actool.document.warnings */
/Users/runner/work/focusher-app/focusher-app/ios/App/App/Assets.xcassets:./Splash.imageset/(null)[2d][splash-2732x2732-1.png]: warning: The image set "Splash" has 3 unassigned children.
/Users/runner/work/focusher-app/focusher-app/ios/App/App/Assets.xcassets:./Splash.imageset/(null)[2d][splash-2732x2732-1.png]: warning: The image set "Splash" has 3 unassigned children.
/Users/runner/work/focusher-app/focusher-app/ios/App/App/Assets.xcassets:./Splash.imageset/(null)[2d][splash-2732x2732-1.png]: warning: The image set "Splash" has 3 unassigned children.
/* com.apple.actool.compilation-results */
/Users/runner/Library/Developer/Xcode/DerivedData/App-bftnsirjgxxrogcvaqjekecjqrkn/Build/Intermediates.noindex/ArchiveIntermediates/App/IntermediateBuildFilesPath/App.build/Release-iphoneos/App.build/assetcatalog_generated_info.plist_thinned
/Users/runner/Library/Developer/Xcode/DerivedData/App-bftnsirjgxxrogcvaqjekecjqrkn/Build/Intermediates.noindex/ArchiveIntermediates/App/IntermediateBuildFilesPath/App.build/Release-iphoneos/App.build/assetcatalog_output/thinned/AppIcon60x60@2x.png
/Users/runner/Library/Developer/Xcode/DerivedData/App-bftnsirjgxxrogcvaqjekecjqrkn/Build/Intermediates.noindex/ArchiveIntermediates/App/IntermediateBuildFilesPath/App.build/Release-iphoneos/App.build/assetcatalog_output/thinned/AppIcon76x76@2x~ipad.png
/Users/runner/Library/Developer/Xcode/DerivedData/App-bftnsirjgxxrogcvaqjekecjqrkn/Build/Intermediates.noindex/ArchiveIntermediates/App/IntermediateBuildFilesPath/App.build/Release-iphoneos/App.build/assetcatalog_output/thinned/Assets.car


ExtractAppIntentsMetadata (in target 'CapApp-SPM' from project 'CapApp-SPM')
    cd /Users/runner/work/focusher-app/focusher-app/ios/App/CapApp-SPM
    /Applications/Xcode_26.6.app/Contents/Developer/Toolchains/XcodeDefault.xctoolchain/usr/bin/appintentsmetadataprocessor --toolchain-dir /var/run/com.apple.security.cryptexd/mnt/com.apple.MobileAsset.MetalToolchain-v17.6.109.0.Or93n4/Metal.xctoolchain --module-name CapApp_SPM --sdk-root /Applications/Xcode_26.6.app/Contents/Developer/Platforms/iPhoneOS.platform/Developer/SDKs/iPhoneOS26.5.sdk --xcode-version 17F113 --platform-family iOS --deployment-target 15.0 --bundle-identifier capapp-spm.CapApp-SPM --output /Users/runner/Library/Developer/Xcode/DerivedData/App-bftnsirjgxxrogcvaqjekecjqrkn/Build/Intermediates.noindex/ArchiveIntermediates/App/IntermediateBuildFilesPath/UninstalledProducts/iphoneos/CapApp_SPM.appintents --target-triple arm64-apple-ios15.0 --binary-file /Users/runner/Library/Developer/Xcode/DerivedData/App-bftnsirjgxxrogcvaqjekecjqrkn/Build/Intermediates.noindex/ArchiveIntermediates/App/IntermediateBuildFilesPath/UninstalledProducts/iphoneos/CapApp-SPM.o --dependency-file /Users/runner/Library/Developer/Xcode/DerivedData/App-bftnsirjgxxrogcvaqjekecjqrkn/Build/Intermediates.noindex/ArchiveIntermediates/App/IntermediateBuildFilesPath/CapApp-SPM.build/Release-iphoneos/CapApp-SPM.build/Objects-normal/arm64/CapApp-SPM_dependency_info.dat --stringsdata-file /Users/runner/Library/Developer/Xcode/DerivedData/App-bftnsirjgxxrogcvaqjekecjqrkn/Build/Intermediates.noindex/ArchiveIntermediates/App/IntermediateBuildFilesPath/CapApp-SPM.build/Release-iphoneos/CapApp-SPM.build/Objects-normal/arm64/ExtractedAppShortcutsMetadata.stringsdata --source-file-list /Users/runner/Library/Developer/Xcode/DerivedData/App-bftnsirjgxxrogcvaqjekecjqrkn/Build/Intermediates.noindex/ArchiveIntermediates/App/IntermediateBuildFilesPath/CapApp-SPM.build/Release-iphoneos/CapApp-SPM.build/Objects-normal/arm64/CapApp-SPM.SwiftFileList --metadata-file-list /Users/runner/Library/Developer/Xcode/DerivedData/App-bftnsirjgxxrogcvaqjekecjqrkn/Build/Intermediates.noindex/ArchiveIntermediates/App/IntermediateBuildFilesPath/CapApp-SPM.build/Release-iphoneos/CapApp-SPM.build/CapApp-SPM.DependencyMetadataFileList --static-metadata-file-list /Users/runner/Library/Developer/Xcode/DerivedData/App-bftnsirjgxxrogcvaqjekecjqrkn/Build/Intermediates.noindex/ArchiveIntermediates/App/IntermediateBuildFilesPath/CapApp-SPM.build/Release-iphoneos/CapApp-SPM.build/CapApp-SPM.DependencyStaticMetadataFileList --swift-const-vals-list /Users/runner/Library/Developer/Xcode/DerivedData/App-bftnsirjgxxrogcvaqjekecjqrkn/Build/Intermediates.noindex/ArchiveIntermediates/App/IntermediateBuildFilesPath/CapApp-SPM.build/Release-iphoneos/CapApp-SPM.build/Objects-normal/arm64/CapApp-SPM.SwiftConstValuesFileList --force --compile-time-extraction --deployment-aware-processing --validate-assistant-intents --no-app-shortcuts-localization
2026-10-06 21:44:38.066 appintentsmetadataprocessor[6850:23926] Starting appintentsmetadataprocessor export
2026-10-06 21:44:38.078 appintentsmetadataprocessor[6850:23926] Extracted no relevant App Intents symbols, skipping writing output

SetOwnerAndGroup runner:staff /Users/runner/Library/Developer/Xcode/DerivedData/App-bftnsirjgxxrogcvaqjekecjqrkn/Build/Intermediates.noindex/ArchiveIntermediates/App/IntermediateBuildFilesPath/UninstalledProducts/iphoneos/CapApp-SPM.o (in target 'CapApp-SPM' from project 'CapApp-SPM')
    cd /Users/runner/work/focusher-app/focusher-app/ios/App/CapApp-SPM
    /usr/sbin/chown -RH runner:staff /Users/runner/Library/Developer/Xcode/DerivedData/App-bftnsirjgxxrogcvaqjekecjqrkn/Build/Intermediates.noindex/ArchiveIntermediates/App/IntermediateBuildFilesPath/UninstalledProducts/iphoneos/CapApp-SPM.o

SetMode u+w,go-w,a+rX /Users/runner/Library/Developer/Xcode/DerivedData/App-bftnsirjgxxrogcvaqjekecjqrkn/Build/Intermediates.noindex/ArchiveIntermediates/App/IntermediateBuildFilesPath/UninstalledProducts/iphoneos/CapApp-SPM.o (in target 'CapApp-SPM' from project 'CapApp-SPM')
    cd /Users/runner/work/focusher-app/focusher-app/ios/App/CapApp-SPM
    /bin/chmod -RH u+w,go-w,a+rX /Users/runner/Library/Developer/Xcode/DerivedData/App-bftnsirjgxxrogcvaqjekecjqrkn/Build/Intermediates.noindex/ArchiveIntermediates/App/IntermediateBuildFilesPath/UninstalledProducts/iphoneos/CapApp-SPM.o

RegisterExecutionPolicyException /Users/runner/Library/Developer/Xcode/DerivedData/App-bftnsirjgxxrogcvaqjekecjqrkn/Build/Intermediates.noindex/ArchiveIntermediates/App/IntermediateBuildFilesPath/UninstalledProducts/iphoneos/CapApp-SPM.o (in target 'CapApp-SPM' from project 'CapApp-SPM')
    cd /Users/runner/work/focusher-app/focusher-app/ios/App/CapApp-SPM
    builtin-RegisterExecutionPolicyException /Users/runner/Library/Developer/Xcode/DerivedData/App-bftnsirjgxxrogcvaqjekecjqrkn/Build/Intermediates.noindex/ArchiveIntermediates/App/IntermediateBuildFilesPath/UninstalledProducts/iphoneos/CapApp-SPM.o

CpResource /Users/runner/Library/Developer/Xcode/DerivedData/App-bftnsirjgxxrogcvaqjekecjqrkn/Build/Intermediates.noindex/ArchiveIntermediates/App/InstallationBuildProductsLocation/Applications/App.app/public /Users/runner/work/focusher-app/focusher-app/ios/App/App/public (in target 'App' from project 'App')
    cd /Users/runner/work/focusher-app/focusher-app/ios/App
    builtin-copy -exclude .DS_Store -exclude CVS -exclude .svn -exclude .git -exclude .hg -resolve-src-symlinks /Users/runner/work/focusher-app/focusher-app/ios/App/App/public /Users/runner/Library/Developer/Xcode/DerivedData/App-bftnsirjgxxrogcvaqjekecjqrkn/Build/Intermediates.noindex/ArchiveIntermediates/App/InstallationBuildProductsLocation/Applications/App.app

CpResource /Users/runner/Library/Developer/Xcode/DerivedData/App-bftnsirjgxxrogcvaqjekecjqrkn/Build/Intermediates.noindex/ArchiveIntermediates/App/InstallationBuildProductsLocation/Applications/App.app/config.xml /Users/runner/work/focusher-app/focusher-app/ios/App/App/config.xml (in target 'App' from project 'App')
    cd /Users/runner/work/focusher-app/focusher-app/ios/App
    builtin-copy -exclude .DS_Store -exclude CVS -exclude .svn -exclude .git -exclude .hg -resolve-src-symlinks /Users/runner/work/focusher-app/focusher-app/ios/App/App/config.xml /Users/runner/Library/Developer/Xcode/DerivedData/App-bftnsirjgxxrogcvaqjekecjqrkn/Build/Intermediates.noindex/ArchiveIntermediates/App/InstallationBuildProductsLocation/Applications/App.app

CpResource /Users/runner/Library/Developer/Xcode/DerivedData/App-bftnsirjgxxrogcvaqjekecjqrkn/Build/Intermediates.noindex/ArchiveIntermediates/App/InstallationBuildProductsLocation/Applications/App.app/capacitor.config.json /Users/runner/work/focusher-app/focusher-app/ios/App/App/capacitor.config.json (in target 'App' from project 'App')
    cd /Users/runner/work/focusher-app/focusher-app/ios/App
    builtin-copy -exclude .DS_Store -exclude CVS -exclude .svn -exclude .git -exclude .hg -resolve-src-symlinks /Users/runner/work/focusher-app/focusher-app/ios/App/App/capacitor.config.json /Users/runner/Library/Developer/Xcode/DerivedData/App-bftnsirjgxxrogcvaqjekecjqrkn/Build/Intermediates.noindex/ArchiveIntermediates/App/InstallationBuildProductsLocation/Applications/App.app

Copy /Users/runner/Library/Developer/Xcode/DerivedData/App-bftnsirjgxxrogcvaqjekecjqrkn/Build/Intermediates.noindex/ArchiveIntermediates/App/InstallationBuildProductsLocation/Applications/App.app/RevenueCat_RevenueCat.bundle /Users/runner/Library/Developer/Xcode/DerivedData/App-bftnsirjgxxrogcvaqjekecjqrkn/Build/Intermediates.noindex/ArchiveIntermediates/App/BuildProductsPath/Release-iphoneos/RevenueCat_RevenueCat.bundle (in target 'App' from project 'App')
    cd /Users/runner/work/focusher-app/focusher-app/ios/App
    builtin-copy -exclude .DS_Store -exclude CVS -exclude .svn -exclude .git -exclude .hg -resolve-src-symlinks /Users/runner/Library/Developer/Xcode/DerivedData/App-bftnsirjgxxrogcvaqjekecjqrkn/Build/Intermediates.noindex/ArchiveIntermediates/App/BuildProductsPath/Release-iphoneos/RevenueCat_RevenueCat.bundle /Users/runner/Library/Developer/Xcode/DerivedData/App-bftnsirjgxxrogcvaqjekecjqrkn/Build/Intermediates.noindex/ArchiveIntermediates/App/InstallationBuildProductsLocation/Applications/App.app

Copy /Users/runner/Library/Developer/Xcode/DerivedData/App-bftnsirjgxxrogcvaqjekecjqrkn/Build/Intermediates.noindex/ArchiveIntermediates/App/InstallationBuildProductsLocation/Applications/App.app/Frameworks/Cordova.framework /Users/runner/Library/Developer/Xcode/DerivedData/App-bftnsirjgxxrogcvaqjekecjqrkn/SourcePackages/artifacts/capacitor-swift-pm/Cordova/Cordova.xcframework/ios-arm64/Cordova.framework (in target 'App' from project 'App')
    cd /Users/runner/work/focusher-app/focusher-app/ios/App
    builtin-copy -exclude .DS_Store -exclude CVS -exclude .svn -exclude .git -exclude .hg -exclude Headers -exclude PrivateHeaders -exclude Modules -exclude \*.tbd -bitcode-strip all -bitcode-strip-tool /Applications/Xcode_26.6.app/Contents/Developer/Toolchains/XcodeDefault.xctoolchain/usr/bin/bitcode_strip -resolve-src-symlinks -remove-static-executable /Users/runner/Library/Developer/Xcode/DerivedData/App-bftnsirjgxxrogcvaqjekecjqrkn/SourcePackages/artifacts/capacitor-swift-pm/Cordova/Cordova.xcframework/ios-arm64/Cordova.framework /Users/runner/Library/Developer/Xcode/DerivedData/App-bftnsirjgxxrogcvaqjekecjqrkn/Build/Intermediates.noindex/ArchiveIntermediates/App/InstallationBuildProductsLocation/Applications/App.app/Frameworks
/Applications/Xcode_26.6.app/Contents/Developer/Toolchains/XcodeDefault.xctoolchain/usr/bin/bitcode_strip /Users/runner/Library/Developer/Xcode/DerivedData/App-bftnsirjgxxrogcvaqjekecjqrkn/SourcePackages/artifacts/capacitor-swift-pm/Cordova/Cordova.xcframework/ios-arm64/Cordova.framework/Cordova -r -o /Users/runner/Library/Developer/Xcode/DerivedData/App-bftnsirjgxxrogcvaqjekecjqrkn/Build/Intermediates.noindex/ArchiveIntermediates/App/InstallationBuildProductsLocation/Applications/App.app/Frameworks/Cordova.framework/Cordova

Copy /Users/runner/Library/Developer/Xcode/DerivedData/App-bftnsirjgxxrogcvaqjekecjqrkn/Build/Intermediates.noindex/ArchiveIntermediates/App/InstallationBuildProductsLocation/Applications/App.app/Frameworks/Capacitor.framework /Users/runner/Library/Developer/Xcode/DerivedData/App-bftnsirjgxxrogcvaqjekecjqrkn/SourcePackages/artifacts/capacitor-swift-pm/Capacitor/Capacitor.xcframework/ios-arm64/Capacitor.framework (in target 'App' from project 'App')
    cd /Users/runner/work/focusher-app/focusher-app/ios/App
    builtin-copy -exclude .DS_Store -exclude CVS -exclude .svn -exclude .git -exclude .hg -exclude Headers -exclude PrivateHeaders -exclude Modules -exclude \*.tbd -bitcode-strip all -bitcode-strip-tool /Applications/Xcode_26.6.app/Contents/Developer/Toolchains/XcodeDefault.xctoolchain/usr/bin/bitcode_strip -resolve-src-symlinks -remove-static-executable /Users/runner/Library/Developer/Xcode/DerivedData/App-bftnsirjgxxrogcvaqjekecjqrkn/SourcePackages/artifacts/capacitor-swift-pm/Capacitor/Capacitor.xcframework/ios-arm64/Capacitor.framework /Users/runner/Library/Developer/Xcode/DerivedData/App-bftnsirjgxxrogcvaqjekecjqrkn/Build/Intermediates.noindex/ArchiveIntermediates/App/InstallationBuildProductsLocation/Applications/App.app/Frameworks
/Applications/Xcode_26.6.app/Contents/Developer/Toolchains/XcodeDefault.xctoolchain/usr/bin/bitcode_strip /Users/runner/Library/Developer/Xcode/DerivedData/App-bftnsirjgxxrogcvaqjekecjqrkn/SourcePackages/artifacts/capacitor-swift-pm/Capacitor/Capacitor.xcframework/ios-arm64/Capacitor.framework/Capacitor -r -o /Users/runner/Library/Developer/Xcode/DerivedData/App-bftnsirjgxxrogcvaqjekecjqrkn/Build/Intermediates.noindex/ArchiveIntermediates/App/InstallationBuildProductsLocation/Applications/App.app/Frameworks/Capacitor.framework/Capacitor

CompileStoryboard /Users/runner/work/focusher-app/focusher-app/ios/App/App/Base.lproj/Main.storyboard (in target 'App' from project 'App')
    cd /Users/runner/work/focusher-app/focusher-app/ios/App
    /Applications/Xcode_26.6.app/Contents/Developer/usr/bin/ibtool --errors --warnings --notices --module App --output-partial-info-plist /Users/runner/Library/Developer/Xcode/DerivedData/App-bftnsirjgxxrogcvaqjekecjqrkn/Build/Intermediates.noindex/ArchiveIntermediates/App/IntermediateBuildFilesPath/App.build/Release-iphoneos/App.build/Base.lproj/Main-SBPartialInfo.plist --auto-activate-custom-fonts --target-device iphone --minimum-deployment-target 15.0 --output-format human-readable-text /Users/runner/work/focusher-app/focusher-app/ios/App/App/Base.lproj/Main.storyboard --compilation-directory /Users/runner/Library/Developer/Xcode/DerivedData/App-bftnsirjgxxrogcvaqjekecjqrkn/Build/Intermediates.noindex/ArchiveIntermediates/App/IntermediateBuildFilesPath/App.build/Release-iphoneos/App.build/Base.lproj

CompileStoryboard /Users/runner/work/focusher-app/focusher-app/ios/App/App/Base.lproj/LaunchScreen.storyboard (in target 'App' from project 'App')
    cd /Users/runner/work/focusher-app/focusher-app/ios/App
    /Applications/Xcode_26.6.app/Contents/Developer/usr/bin/ibtool --errors --warnings --notices --module App --output-partial-info-plist /Users/runner/Library/Developer/Xcode/DerivedData/App-bftnsirjgxxrogcvaqjekecjqrkn/Build/Intermediates.noindex/ArchiveIntermediates/App/IntermediateBuildFilesPath/App.build/Release-iphoneos/App.build/Base.lproj/LaunchScreen-SBPartialInfo.plist --auto-activate-custom-fonts --target-device iphone --minimum-deployment-target 15.0 --output-format human-readable-text /Users/runner/work/focusher-app/focusher-app/ios/App/App/Base.lproj/LaunchScreen.storyboard --compilation-directory /Users/runner/Library/Developer/Xcode/DerivedData/App-bftnsirjgxxrogcvaqjekecjqrkn/Build/Intermediates.noindex/ArchiveIntermediates/App/IntermediateBuildFilesPath/App.build/Release-iphoneos/App.build/Base.lproj

SwiftDriver App normal arm64 com.apple.xcode.tools.swift.compiler (in target 'App' from project 'App')
    cd /Users/runner/work/focusher-app/focusher-app/ios/App
    builtin-SwiftDriver -- /Applications/Xcode_26.6.app/Contents/Developer/Toolchains/XcodeDefault.xctoolchain/usr/bin/swiftc -module-name App -O -whole-module-optimization @/Users/runner/Library/Developer/Xcode/DerivedData/App-bftnsirjgxxrogcvaqjekecjqrkn/Build/Intermediates.noindex/ArchiveIntermediates/App/IntermediateBuildFilesPath/App.build/Release-iphoneos/App.build/Objects-normal/arm64/App.SwiftFileList -enable-bare-slash-regex -enable-experimental-feature DebugDescriptionMacro -sdk /Applications/Xcode_26.6.app/Contents/Developer/Platforms/iPhoneOS.platform/Developer/SDKs/iPhoneOS26.5.sdk -target arm64-apple-ios15.0 -g -module-cache-path /Users/runner/Library/Developer/Xcode/DerivedData/ModuleCache.noindex -Xfrontend -serialize-debugging-options -swift-version 5 -I /Users/runner/Library/Developer/Xcode/DerivedData/App-bftnsirjgxxrogcvaqjekecjqrkn/Build/Intermediates.noindex/ArchiveIntermediates/App/BuildProductsPath/Release-iphoneos -F /Users/runner/Library/Developer/Xcode/DerivedData/App-bftnsirjgxxrogcvaqjekecjqrkn/Build/Intermediates.noindex/ArchiveIntermediates/App/BuildProductsPath/Release-iphoneos/PackageFrameworks -F /Users/runner/Library/Developer/Xcode/DerivedData/App-bftnsirjgxxrogcvaqjekecjqrkn/Build/Intermediates.noindex/ArchiveIntermediates/App/BuildProductsPath/Release-iphoneos/PackageFrameworks -F /Users/runner/Library/Developer/Xcode/DerivedData/App-bftnsirjgxxrogcvaqjekecjqrkn/Build/Intermediates.noindex/ArchiveIntermediates/App/BuildProductsPath/Release-iphoneos/PackageFrameworks -F /Users/runner/Library/Developer/Xcode/DerivedData/App-bftnsirjgxxrogcvaqjekecjqrkn/Build/Intermediates.noindex/ArchiveIntermediates/App/BuildProductsPath/Release-iphoneos/PackageFrameworks -F /Users/runner/Library/Developer/Xcode/DerivedData/App-bftnsirjgxxrogcvaqjekecjqrkn/Build/Intermediates.noindex/ArchiveIntermediates/App/BuildProductsPath/Release-iphoneos/PackageFrameworks -F /Users/runner/Library/Developer/Xcode/DerivedData/App-bftnsirjgxxrogcvaqjekecjqrkn/Build/Intermediates.noindex/ArchiveIntermediates/App/BuildProductsPath/Release-iphoneos/PackageFrameworks -F /Users/runner/Library/Developer/Xcode/DerivedData/App-bftnsirjgxxrogcvaqjekecjqrkn/Build/Intermediates.noindex/ArchiveIntermediates/App/BuildProductsPath/Release-iphoneos/PackageFrameworks -F /Users/runner/Library/Developer/Xcode/DerivedData/App-bftnsirjgxxrogcvaqjekecjqrkn/Build/Intermediates.noindex/ArchiveIntermediates/App/BuildProductsPath/Release-iphoneos/PackageFrameworks -F /Users/runner/Library/Developer/Xcode/DerivedData/App-bftnsirjgxxrogcvaqjekecjqrkn/Build/Intermediates.noindex/ArchiveIntermediates/App/BuildProductsPath/Release-iphoneos -c -num-threads 3 -Xcc -ivfsstatcache -Xcc /Users/runner/Library/Developer/Xcode/DerivedData/SDKStatCaches.noindex/iphoneos26.5-23F81a-688ef53f1462e2c8f657fdc38a81448fee66e23052a0157c865c76b268046726.sdkstatcache -output-file-map /Users/runner/Library/Developer/Xcode/DerivedData/App-bftnsirjgxxrogcvaqjekecjqrkn/Build/Intermediates.noindex/ArchiveIntermediates/App/IntermediateBuildFilesPath/App.build/Release-iphoneos/App.build/Objects-normal/arm64/App-OutputFileMap.json -use-frontend-parseable-output -save-temps -no-color-diagnostics -explicit-module-build -module-cache-path /Users/runner/Library/Developer/Xcode/DerivedData/App-bftnsirjgxxrogcvaqjekecjqrkn/Build/Intermediates.noindex/ArchiveIntermediates/App/IntermediateBuildFilesPath/SwiftExplicitPrecompiledModules -clang-scanner-module-cache-path /Users/runner/Library/Developer/Xcode/DerivedData/ModuleCache.noindex -sdk-module-cache-path /Users/runner/Library/Developer/Xcode/DerivedData/ModuleCache.noindex -serialize-diagnostics -emit-dependencies -emit-module -emit-module-path /Users/runner/Library/Developer/Xcode/DerivedData/App-bftnsirjgxxrogcvaqjekecjqrkn/Build/Intermediates.noindex/ArchiveIntermediates/App/IntermediateBuildFilesPath/App.build/Release-iphoneos/App.build/Objects-normal/arm64/App.swiftmodule -validate-clang-modules-once -clang-build-session-file /Users/runner/Library/Developer/Xcode/DerivedData/ModuleCache.noindex/Session.modulevalidation -Xcc -I/Users/runner/Library/Developer/Xcode/DerivedData/App-bftnsirjgxxrogcvaqjekecjqrkn/Build/Intermediates.noindex/ArchiveIntermediates/App/IntermediateBuildFilesPath/App.build/Release-iphoneos/App.build/swift-overrides.hmap -emit-const-values -Xfrontend -const-gather-protocols-file -Xfrontend /Users/runner/Library/Developer/Xcode/DerivedData/App-bftnsirjgxxrogcvaqjekecjqrkn/Build/Intermediates.noindex/ArchiveIntermediates/App/IntermediateBuildFilesPath/App.build/Release-iphoneos/App.build/Objects-normal/arm64/App_const_extract_protocols.json -Xcc -iquote -Xcc /Users/runner/Library/Developer/Xcode/DerivedData/App-bftnsirjgxxrogcvaqjekecjqrkn/Build/Intermediates.noindex/ArchiveIntermediates/App/IntermediateBuildFilesPath/App.build/Release-iphoneos/App.build/App-generated-files.hmap -Xcc -I/Users/runner/Library/Developer/Xcode/DerivedData/App-bftnsirjgxxrogcvaqjekecjqrkn/Build/Intermediates.noindex/ArchiveIntermediates/App/IntermediateBuildFilesPath/App.build/Release-iphoneos/App.build/App-own-target-headers.hmap -Xcc -I/Users/runner/Library/Developer/Xcode/DerivedData/App-bftnsirjgxxrogcvaqjekecjqrkn/Build/Intermediates.noindex/ArchiveIntermediates/App/IntermediateBuildFilesPath/App.build/Release-iphoneos/App.build/App-all-non-framework-target-headers.hmap -Xcc -ivfsoverlay -Xcc /Users/runner/Library/Developer/Xcode/DerivedData/App-bftnsirjgxxrogcvaqjekecjqrkn/Build/Intermediates.noindex/ArchiveIntermediates/App/IntermediateBuildFilesPath/App.build/Release-iphoneos/App-0ca3007d900a678c2b4d53418799ee3d-VFS-iphoneos/all-product-headers.yaml -Xcc -iquote -Xcc /Users/runner/Library/Developer/Xcode/DerivedData/App-bftnsirjgxxrogcvaqjekecjqrkn/Build/Intermediates.noindex/ArchiveIntermediates/App/IntermediateBuildFilesPath/App.build/Release-iphoneos/App.build/App-project-headers.hmap -Xcc -I/Users/runner/Library/Developer/Xcode/DerivedData/App-bftnsirjgxxrogcvaqjekecjqrkn/Build/Intermediates.noindex/ArchiveIntermediates/App/BuildProductsPath/Release-iphoneos/include -Xcc -I/Users/runner/Library/Developer/Xcode/DerivedData/App-bftnsirjgxxrogcvaqjekecjqrkn/Build/Intermediates.noindex/ArchiveIntermediates/App/IntermediateBuildFilesPath/App.build/Release-iphoneos/App.build/DerivedSources-normal/arm64 -Xcc -I/Users/runner/Library/Developer/Xcode/DerivedData/App-bftnsirjgxxrogcvaqjekecjqrkn/Build/Intermediates.noindex/ArchiveIntermediates/App/IntermediateBuildFilesPath/App.build/Release-iphoneos/App.build/DerivedSources/arm64 -Xcc -I/Users/runner/Library/Developer/Xcode/DerivedData/App-bftnsirjgxxrogcvaqjekecjqrkn/Build/Intermediates.noindex/ArchiveIntermediates/App/IntermediateBuildFilesPath/App.build/Release-iphoneos/App.build/DerivedSources -emit-objc-header -emit-objc-header-path /Users/runner/Library/Developer/Xcode/DerivedData/App-bftnsirjgxxrogcvaqjekecjqrkn/Build/Intermediates.noindex/ArchiveIntermediates/App/IntermediateBuildFilesPath/App.build/Release-iphoneos/App.build/Objects-normal/arm64/App-Swift.h -working-directory /Users/runner/work/focusher-app/focusher-app/ios/App -no-emit-module-separately-wmo

SwiftDriver\ Compilation App normal arm64 com.apple.xcode.tools.swift.compiler (in target 'App' from project 'App')
    cd /Users/runner/work/focusher-app/focusher-app/ios/App
    builtin-Swift-Compilation -- /Applications/Xcode_26.6.app/Contents/Developer/Toolchains/XcodeDefault.xctoolchain/usr/bin/swiftc -module-name App -O -whole-module-optimization @/Users/runner/Library/Developer/Xcode/DerivedData/App-bftnsirjgxxrogcvaqjekecjqrkn/Build/Intermediates.noindex/ArchiveIntermediates/App/IntermediateBuildFilesPath/App.build/Release-iphoneos/App.build/Objects-normal/arm64/App.SwiftFileList -enable-bare-slash-regex -enable-experimental-feature DebugDescriptionMacro -sdk /Applications/Xcode_26.6.app/Contents/Developer/Platforms/iPhoneOS.platform/Developer/SDKs/iPhoneOS26.5.sdk -target arm64-apple-ios15.0 -g -module-cache-path /Users/runner/Library/Developer/Xcode/DerivedData/ModuleCache.noindex -Xfrontend -serialize-debugging-options -swift-version 5 -I /Users/runner/Library/Developer/Xcode/DerivedData/App-bftnsirjgxxrogcvaqjekecjqrkn/Build/Intermediates.noindex/ArchiveIntermediates/App/BuildProductsPath/Release-iphoneos -F /Users/runner/Library/Developer/Xcode/DerivedData/App-bftnsirjgxxrogcvaqjekecjqrkn/Build/Intermediates.noindex/ArchiveIntermediates/App/BuildProductsPath/Release-iphoneos/PackageFrameworks -F /Users/runner/Library/Developer/Xcode/DerivedData/App-bftnsirjgxxrogcvaqjekecjqrkn/Build/Intermediates.noindex/ArchiveIntermediates/App/BuildProductsPath/Release-iphoneos/PackageFrameworks -F /Users/runner/Library/Developer/Xcode/DerivedData/App-bftnsirjgxxrogcvaqjekecjqrkn/Build/Intermediates.noindex/ArchiveIntermediates/App/BuildProductsPath/Release-iphoneos/PackageFrameworks -F /Users/runner/Library/Developer/Xcode/DerivedData/App-bftnsirjgxxrogcvaqjekecjqrkn/Build/Intermediates.noindex/ArchiveIntermediates/App/BuildProductsPath/Release-iphoneos/PackageFrameworks -F /Users/runner/Library/Developer/Xcode/DerivedData/App-bftnsirjgxxrogcvaqjekecjqrkn/Build/Intermediates.noindex/ArchiveIntermediates/App/BuildProductsPath/Release-iphoneos/PackageFrameworks -F /Users/runner/Library/Developer/Xcode/DerivedData/App-bftnsirjgxxrogcvaqjekecjqrkn/Build/Intermediates.noindex/ArchiveIntermediates/App/BuildProductsPath/Release-iphoneos/PackageFrameworks -F /Users/runner/Library/Developer/Xcode/DerivedData/App-bftnsirjgxxrogcvaqjekecjqrkn/Build/Intermediates.noindex/ArchiveIntermediates/App/BuildProductsPath/Release-iphoneos/PackageFrameworks -F /Users/runner/Library/Developer/Xcode/DerivedData/App-bftnsirjgxxrogcvaqjekecjqrkn/Build/Intermediates.noindex/ArchiveIntermediates/App/BuildProductsPath/Release-iphoneos/PackageFrameworks -F /Users/runner/Library/Developer/Xcode/DerivedData/App-bftnsirjgxxrogcvaqjekecjqrkn/Build/Intermediates.noindex/ArchiveIntermediates/App/BuildProductsPath/Release-iphoneos -c -num-threads 3 -Xcc -ivfsstatcache -Xcc /Users/runner/Library/Developer/Xcode/DerivedData/SDKStatCaches.noindex/iphoneos26.5-23F81a-688ef53f1462e2c8f657fdc38a81448fee66e23052a0157c865c76b268046726.sdkstatcache -output-file-map /Users/runner/Library/Developer/Xcode/DerivedData/App-bftnsirjgxxrogcvaqjekecjqrkn/Build/Intermediates.noindex/ArchiveIntermediates/App/IntermediateBuildFilesPath/App.build/Release-iphoneos/App.build/Objects-normal/arm64/App-OutputFileMap.json -use-frontend-parseable-output -save-temps -no-color-diagnostics -explicit-module-build -module-cache-path /Users/runner/Library/Developer/Xcode/DerivedData/App-bftnsirjgxxrogcvaqjekecjqrkn/Build/Intermediates.noindex/ArchiveIntermediates/App/IntermediateBuildFilesPath/SwiftExplicitPrecompiledModules -clang-scanner-module-cache-path /Users/runner/Library/Developer/Xcode/DerivedData/ModuleCache.noindex -sdk-module-cache-path /Users/runner/Library/Developer/Xcode/DerivedData/ModuleCache.noindex -serialize-diagnostics -emit-dependencies -emit-module -emit-module-path /Users/runner/Library/Developer/Xcode/DerivedData/App-bftnsirjgxxrogcvaqjekecjqrkn/Build/Intermediates.noindex/ArchiveIntermediates/App/IntermediateBuildFilesPath/App.build/Release-iphoneos/App.build/Objects-normal/arm64/App.swiftmodule -validate-clang-modules-once -clang-build-session-file /Users/runner/Library/Developer/Xcode/DerivedData/ModuleCache.noindex/Session.modulevalidation -Xcc -I/Users/runner/Library/Developer/Xcode/DerivedData/App-bftnsirjgxxrogcvaqjekecjqrkn/Build/Intermediates.noindex/ArchiveIntermediates/App/IntermediateBuildFilesPath/App.build/Release-iphoneos/App.build/swift-overrides.hmap -emit-const-values -Xfrontend -const-gather-protocols-file -Xfrontend /Users/runner/Library/Developer/Xcode/DerivedData/App-bftnsirjgxxrogcvaqjekecjqrkn/Build/Intermediates.noindex/ArchiveIntermediates/App/IntermediateBuildFilesPath/App.build/Release-iphoneos/App.build/Objects-normal/arm64/App_const_extract_protocols.json -Xcc -iquote -Xcc /Users/runner/Library/Developer/Xcode/DerivedData/App-bftnsirjgxxrogcvaqjekecjqrkn/Build/Intermediates.noindex/ArchiveIntermediates/App/IntermediateBuildFilesPath/App.build/Release-iphoneos/App.build/App-generated-files.hmap -Xcc -I/Users/runner/Library/Developer/Xcode/DerivedData/App-bftnsirjgxxrogcvaqjekecjqrkn/Build/Intermediates.noindex/ArchiveIntermediates/App/IntermediateBuildFilesPath/App.build/Release-iphoneos/App.build/App-own-target-headers.hmap -Xcc -I/Users/runner/Library/Developer/Xcode/DerivedData/App-bftnsirjgxxrogcvaqjekecjqrkn/Build/Intermediates.noindex/ArchiveIntermediates/App/IntermediateBuildFilesPath/App.build/Release-iphoneos/App.build/App-all-non-framework-target-headers.hmap -Xcc -ivfsoverlay -Xcc /Users/runner/Library/Developer/Xcode/DerivedData/App-bftnsirjgxxrogcvaqjekecjqrkn/Build/Intermediates.noindex/ArchiveIntermediates/App/IntermediateBuildFilesPath/App.build/Release-iphoneos/App-0ca3007d900a678c2b4d53418799ee3d-VFS-iphoneos/all-product-headers.yaml -Xcc -iquote -Xcc /Users/runner/Library/Developer/Xcode/DerivedData/App-bftnsirjgxxrogcvaqjekecjqrkn/Build/Intermediates.noindex/ArchiveIntermediates/App/IntermediateBuildFilesPath/App.build/Release-iphoneos/App.build/App-project-headers.hmap -Xcc -I/Users/runner/Library/Developer/Xcode/DerivedData/App-bftnsirjgxxrogcvaqjekecjqrkn/Build/Intermediates.noindex/ArchiveIntermediates/App/BuildProductsPath/Release-iphoneos/include -Xcc -I/Users/runner/Library/Developer/Xcode/DerivedData/App-bftnsirjgxxrogcvaqjekecjqrkn/Build/Intermediates.noindex/ArchiveIntermediates/App/IntermediateBuildFilesPath/App.build/Release-iphoneos/App.build/DerivedSources-normal/arm64 -Xcc -I/Users/runner/Library/Developer/Xcode/DerivedData/App-bftnsirjgxxrogcvaqjekecjqrkn/Build/Intermediates.noindex/ArchiveIntermediates/App/IntermediateBuildFilesPath/App.build/Release-iphoneos/App.build/DerivedSources/arm64 -Xcc -I/Users/runner/Library/Developer/Xcode/DerivedData/App-bftnsirjgxxrogcvaqjekecjqrkn/Build/Intermediates.noindex/ArchiveIntermediates/App/IntermediateBuildFilesPath/App.build/Release-iphoneos/App.build/DerivedSources -emit-objc-header -emit-objc-header-path /Users/runner/Library/Developer/Xcode/DerivedData/App-bftnsirjgxxrogcvaqjekecjqrkn/Build/Intermediates.noindex/ArchiveIntermediates/App/IntermediateBuildFilesPath/App.build/Release-iphoneos/App.build/Objects-normal/arm64/App-Swift.h -working-directory /Users/runner/work/focusher-app/focusher-app/ios/App -no-emit-module-separately-wmo

SwiftExplicitDependencyGeneratePcm arm64 /Users/runner/Library/Developer/Xcode/DerivedData/ModuleCache.noindex/_Builtin_stddef-DM9FIK1TI14UIQLTPTSDRJRH8.pcm

SwiftExplicitDependencyGeneratePcm arm64 /Users/runner/Library/Developer/Xcode/DerivedData/ModuleCache.noindex/DeveloperToolsSupport-EMHRDK0O1ZXXZII2U7HYGBAAB.pcm

SwiftExplicitDependencyGeneratePcm arm64 /Users/runner/Library/Developer/Xcode/DerivedData/ModuleCache.noindex/_AvailabilityInternal-D134KYCM5B7H7LEX0UZ8E87OC.pcm

SwiftExplicitDependencyGeneratePcm arm64 /Users/runner/Library/Developer/Xcode/DerivedData/ModuleCache.noindex/ptrauth-DABL4NITE6FI9XGP0U5ICP5U7.pcm

SwiftExplicitDependencyGeneratePcm arm64 /Users/runner/Library/Developer/Xcode/DerivedData/ModuleCache.noindex/_Builtin_stdarg-AWNHK52NN9LOBSP9B3ES6N4JP.pcm

SwiftExplicitDependencyGeneratePcm arm64 /Users/runner/Library/Developer/Xcode/DerivedData/ModuleCache.noindex/_Builtin_float-2YO6PSBAHJ04WO49MXMPSPE2E.pcm

SwiftExplicitDependencyGeneratePcm arm64 /Users/runner/Library/Developer/Xcode/DerivedData/ModuleCache.noindex/SwiftShims-72SLMYIIT0DF0R4G8CULVMIGB.pcm

SwiftExplicitDependencyGeneratePcm arm64 /Users/runner/Library/Developer/Xcode/DerivedData/ModuleCache.noindex/ptrcheck-F4E3AJ5OSHOZ9IBB2GP04PWWI.pcm

SwiftExplicitDependencyGeneratePcm arm64 /Users/runner/Library/Developer/Xcode/DerivedData/ModuleCache.noindex/_SwiftConcurrencyShims-11WQO0U6NUPEG5KX0XIBPK7HV.pcm

SwiftExplicitDependencyGeneratePcm arm64 /Users/runner/Library/Developer/Xcode/DerivedData/ModuleCache.noindex/_DarwinFoundation1-AVQP07R3FLQDOZLLLTSBQE6KZ.pcm

SwiftExplicitDependencyGeneratePcm arm64 /Users/runner/Library/Developer/Xcode/DerivedData/ModuleCache.noindex/_Builtin_stdbool-F2JDNPQEX6SQ9OSYLY30YZQUK.pcm

SwiftExplicitDependencyGeneratePcm arm64 /Users/runner/Library/Developer/Xcode/DerivedData/ModuleCache.noindex/_Builtin_limits-5XLAGNJNMUIA35MLR9224J96G.pcm

SwiftExplicitDependencyGeneratePcm arm64 /Users/runner/Library/Developer/Xcode/DerivedData/ModuleCache.noindex/_DarwinFoundation2-CHABC5SS8N2OTC0RLF1PF00IL.pcm

LinkStoryboards (in target 'App' from project 'App')
    cd /Users/runner/work/focusher-app/focusher-app/ios/App
    /Applications/Xcode_26.6.app/Contents/Developer/usr/bin/ibtool --errors --warnings --notices --module App --target-device iphone --minimum-deployment-target 15.0 --output-format human-readable-text --link /Users/runner/Library/Developer/Xcode/DerivedData/App-bftnsirjgxxrogcvaqjekecjqrkn/Build/Intermediates.noindex/ArchiveIntermediates/App/InstallationBuildProductsLocation/Applications/App.app /Users/runner/Library/Developer/Xcode/DerivedData/App-bftnsirjgxxrogcvaqjekecjqrkn/Build/Intermediates.noindex/ArchiveIntermediates/App/IntermediateBuildFilesPath/App.build/Release-iphoneos/App.build/Base.lproj/LaunchScreen.storyboardc /Users/runner/Library/Developer/Xcode/DerivedData/App-bftnsirjgxxrogcvaqjekecjqrkn/Build/Intermediates.noindex/ArchiveIntermediates/App/IntermediateBuildFilesPath/App.build/Release-iphoneos/App.build/Base.lproj/Main.storyboardc

SwiftExplicitDependencyGeneratePcm arm64 /Users/runner/Library/Developer/Xcode/DerivedData/ModuleCache.noindex/_Builtin_stdint-1IVO0O4NH45TV1AYF52FCLU39.pcm

SwiftExplicitDependencyGeneratePcm arm64 /Users/runner/Library/Developer/Xcode/DerivedData/ModuleCache.noindex/_Builtin_tgmath-54R3DMFU6DS0GI3Z1X2FGPB20.pcm

SwiftExplicitDependencyGeneratePcm arm64 /Users/runner/Library/Developer/Xcode/DerivedData/ModuleCache.noindex/sys_types-6VUOHF7N0NSAAA8P9FPHKE8W6.pcm

SwiftExplicitDependencyGeneratePcm arm64 /Users/runner/Library/Developer/Xcode/DerivedData/ModuleCache.noindex/_Builtin_stdatomic-9060L4NKPD5ER5I6FJ57E8WVA.pcm

SwiftExplicitDependencyGeneratePcm arm64 /Users/runner/Library/Developer/Xcode/DerivedData/ModuleCache.noindex/_Builtin_intrinsics-99O65VBQ24FR6L5LL9JW9AR1W.pcm

SwiftExplicitDependencyGeneratePcm arm64 /Users/runner/Library/Developer/Xcode/DerivedData/ModuleCache.noindex/_DarwinFoundation3-DT13DYQO20ZPMHDX5CDK95E4D.pcm

SwiftExplicitDependencyGeneratePcm arm64 /Users/runner/Library/Developer/Xcode/DerivedData/ModuleCache.noindex/CommonCrypto-5IHPQ78JPCVS10S6636W947OU.pcm

SwiftExplicitDependencyGeneratePcm arm64 /Users/runner/Library/Developer/Xcode/DerivedData/ModuleCache.noindex/_Builtin_inttypes-AMA2B4Y7QBKPABLXFSRFWCL9N.pcm

SwiftExplicitDependencyGeneratePcm arm64 /Users/runner/Library/Developer/Xcode/DerivedData/ModuleCache.noindex/Darwin-D9UWKS8G5A983R1DJ4W24YSKP.pcm

SwiftExplicitDependencyGeneratePcm arm64 /Users/runner/Library/Developer/Xcode/DerivedData/ModuleCache.noindex/simd-CLUOIJ1OU38JUV8Q94GRO1JFW.pcm

SwiftExplicitDependencyGeneratePcm arm64 /Users/runner/Library/Developer/Xcode/DerivedData/ModuleCache.noindex/MachO-B6RJ1U22Q2HMP7YR9Z0P7VQ0Z.pcm

SwiftExplicitDependencyGeneratePcm arm64 /Users/runner/Library/Developer/Xcode/DerivedData/ModuleCache.noindex/ObjectiveC-UL57PEN9KLSC4RHLEIGY3HA.pcm

SwiftExplicitDependencyGeneratePcm arm64 /Users/runner/Library/Developer/Xcode/DerivedData/ModuleCache.noindex/os_object-E4IBKKHD0T0YBYBJLG4YXIM1L.pcm

SwiftExplicitDependencyGeneratePcm arm64 /Users/runner/Library/Developer/Xcode/DerivedData/ModuleCache.noindex/os_workgroup-32Z9ZWHZO4UN3G5VTRHGO9J2G.pcm

SwiftExplicitDependencyGeneratePcm arm64 /Users/runner/Library/Developer/Xcode/DerivedData/ModuleCache.noindex/Dispatch-9CU9L6AJGABEPEK1MML5WOJEH.pcm

SwiftExplicitDependencyGeneratePcm arm64 /Users/runner/Library/Developer/Xcode/DerivedData/ModuleCache.noindex/CoreFoundation-AJVBJNWJLXSNXAG6CFR83HFOF.pcm

SwiftExplicitDependencyGeneratePcm arm64 /Users/runner/Library/Developer/Xcode/DerivedData/ModuleCache.noindex/XPC-4PB7SR0PM1G3Z1V4ERK8LTRR6.pcm

SwiftExplicitDependencyGeneratePcm arm64 /Users/runner/Library/Developer/Xcode/DerivedData/ModuleCache.noindex/CFNetwork-4AKTMCE1W2AF00ZV9XZ8XN8BU.pcm

SwiftExplicitDependencyGeneratePcm arm64 /Users/runner/Library/Developer/Xcode/DerivedData/ModuleCache.noindex/os-1REBWOFRQ4PBO7QOUF0V31OPU.pcm

SwiftExplicitDependencyGeneratePcm arm64 /Users/runner/Library/Developer/Xcode/DerivedData/ModuleCache.noindex/Spatial-66ZFZVSPF6NR4DI3VRZP5OD1H.pcm

SwiftExplicitDependencyGeneratePcm arm64 /Users/runner/Library/Developer/Xcode/DerivedData/ModuleCache.noindex/Security-CIWSTZAS0BOTYSHUXXOWYSEX5.pcm

SwiftExplicitDependencyGeneratePcm arm64 /Users/runner/Library/Developer/Xcode/DerivedData/ModuleCache.noindex/dnssd-AB1MJ0IHS4AY4FMB9VINDZFNL.pcm

SwiftExplicitDependencyGeneratePcm arm64 /Users/runner/Library/Developer/Xcode/DerivedData/ModuleCache.noindex/Foundation-1X62Q4Y5CFD79X7DK8WGN1XR7.pcm

SwiftExplicitDependencyGeneratePcm arm64 /Users/runner/Library/Developer/Xcode/DerivedData/ModuleCache.noindex/CoreGraphics-1G5052L8UUCYJ9W6QLENAXY9U.pcm

SwiftExplicitDependencyGeneratePcm arm64 /Users/runner/Library/Developer/Xcode/DerivedData/ModuleCache.noindex/CoreText-7G27BMK29AJO8FLDTQX72AKIO.pcm

SwiftExplicitDependencyGeneratePcm arm64 /Users/runner/Library/Developer/Xcode/DerivedData/ModuleCache.noindex/ImageIO-DO2T5X90PE8HDHJGTWQBWNA65.pcm

SwiftExplicitDependencyGeneratePcm arm64 /Users/runner/Library/Developer/Xcode/DerivedData/ModuleCache.noindex/CoreTransferable-AAQIWS8UG8MGA4ZNEWBZ2W2IY.pcm

SwiftExplicitDependencyGeneratePcm arm64 /Users/runner/Library/Developer/Xcode/DerivedData/ModuleCache.noindex/Network-CV64AECI38K2LZC189XU1XATE.pcm

SwiftExplicitDependencyGeneratePcm arm64 /Users/runner/Library/Developer/Xcode/DerivedData/ModuleCache.noindex/DataDetection-D4KJ1S9E4WLZ9667PTN5AXI9K.pcm

SwiftExplicitDependencyGeneratePcm arm64 /Users/runner/Library/Developer/Xcode/DerivedData/ModuleCache.noindex/CoreData-3FH3JHVLSCG105NRLU6T3RF4G.pcm

SwiftExplicitDependencyGeneratePcm arm64 /Users/runner/Library/Developer/Xcode/DerivedData/ModuleCache.noindex/Symbols-3Z96XHQKJOEPY4CGQ63YIUGXQ.pcm

SwiftExplicitDependencyGeneratePcm arm64 /Users/runner/Library/Developer/Xcode/DerivedData/ModuleCache.noindex/UniformTypeIdentifiers-5SQL832U5YS5P4OFS71ZU71ZH.pcm

SwiftExplicitDependencyGeneratePcm arm64 /Users/runner/Library/Developer/Xcode/DerivedData/ModuleCache.noindex/IOSurface-5JX3VCZ80M38F2Z6PCGNGZCAT.pcm

SwiftExplicitDependencyGeneratePcm arm64 /Users/runner/Library/Developer/Xcode/DerivedData/ModuleCache.noindex/UserNotifications-9XZE59KS9YG29GOP295XNSED9.pcm

SwiftExplicitDependencyGeneratePcm arm64 /Users/runner/Library/Developer/Xcode/DerivedData/ModuleCache.noindex/Accessibility-ZCOQIL8YWBFQ0TLBXFB2N57I.pcm

SwiftExplicitDependencyGeneratePcm arm64 /Users/runner/Library/Developer/Xcode/DerivedData/ModuleCache.noindex/OSLog-DKEX056QW3YCNCO6DBH0EAM0E.pcm

SwiftExplicitDependencyGeneratePcm arm64 /Users/runner/Library/Developer/Xcode/DerivedData/ModuleCache.noindex/Metal-DNRDTVJ2K7CPTS3LY6NISTWHE.pcm

SwiftExplicitDependencyGeneratePcm arm64 /Users/runner/Library/Developer/Xcode/DerivedData/ModuleCache.noindex/OpenGLES-457SP2TZA6UHDMTKTCX1NW350.pcm

SwiftExplicitDependencyGeneratePcm arm64 /Users/runner/Library/Developer/Xcode/DerivedData/ModuleCache.noindex/FileProvider-2IGH0JAASCWFWTHH3HQB16NAT.pcm

SwiftExplicitDependencyGeneratePcm arm64 /Users/runner/Library/Developer/Xcode/DerivedData/ModuleCache.noindex/UIUtilities-68BP72D2ARRWVKR5ND13PTZHD.pcm

SwiftExplicitDependencyGeneratePcm arm64 /Users/runner/Library/Developer/Xcode/DerivedData/ModuleCache.noindex/CoreVideo-BZMXU0P2Z8IQSJANCXSICOTKV.pcm

SwiftExplicitDependencyGeneratePcm arm64 /Users/runner/Library/Developer/Xcode/DerivedData/ModuleCache.noindex/QuartzCore-566Q57FTIWBTHFMCCY09MABDC.pcm

SwiftExplicitDependencyGeneratePcm arm64 /Users/runner/Library/Developer/Xcode/DerivedData/ModuleCache.noindex/CoreImage-27LC9VRXJDFZFMFSKO9E5CY0O.pcm

SwiftExplicitDependencyGeneratePcm arm64 /Users/runner/Library/Developer/Xcode/DerivedData/ModuleCache.noindex/SwiftUICore-9DIEMH4Z9T64AGJB2R6KD3EOR.pcm

SwiftExplicitDependencyGeneratePcm arm64 /Users/runner/Library/Developer/Xcode/DerivedData/ModuleCache.noindex/UIKit-EXU98BO9TKBKUJMALVDROIG6.pcm

SwiftExplicitDependencyGeneratePcm arm64 /Users/runner/Library/Developer/Xcode/DerivedData/ModuleCache.noindex/SwiftUI-6B305YEGM6ZJ1GCRJMNGN14J6.pcm

SwiftExplicitDependencyGeneratePcm arm64 /Users/runner/Library/Developer/Xcode/DerivedData/ModuleCache.noindex/WebKit-BHUTFRGY1UJ4DIE8PORWCVFMS.pcm

SwiftExplicitDependencyGeneratePcm arm64 /Users/runner/Library/Developer/Xcode/DerivedData/App-bftnsirjgxxrogcvaqjekecjqrkn/Build/Intermediates.noindex/ArchiveIntermediates/App/IntermediateBuildFilesPath/SwiftExplicitPrecompiledModules/Cordova-4H8YZBCVV7DLGKMWHB5ZK5H28.pcm

SwiftExplicitDependencyGeneratePcm arm64 /Users/runner/Library/Developer/Xcode/DerivedData/App-bftnsirjgxxrogcvaqjekecjqrkn/Build/Intermediates.noindex/ArchiveIntermediates/App/IntermediateBuildFilesPath/SwiftExplicitPrecompiledModules/Capacitor-EE8Q0EYHFRCSZX0UH0KU3E84L.pcm

SwiftExplicitDependencyCompileModuleFromInterface arm64 /Users/runner/Library/Developer/Xcode/DerivedData/App-bftnsirjgxxrogcvaqjekecjqrkn/Build/Intermediates.noindex/ArchiveIntermediates/App/IntermediateBuildFilesPath/SwiftExplicitPrecompiledModules/Capacitor-2H43HPE59C9Q7.swiftmodule

SwiftCompile normal arm64 Compiling\ AppDelegate.swift,\ SceneDelegate.swift,\ GeneratedAssetSymbols.swift /Users/runner/work/focusher-app/focusher-app/ios/App/App/AppDelegate.swift /Users/runner/work/focusher-app/focusher-app/ios/App/App/SceneDelegate.swift /Users/runner/Library/Developer/Xcode/DerivedData/App-bftnsirjgxxrogcvaqjekecjqrkn/Build/Intermediates.noindex/ArchiveIntermediates/App/IntermediateBuildFilesPath/App.build/Release-iphoneos/App.build/DerivedSources/GeneratedAssetSymbols.swift /Applications/Xcode_26.6.app/Contents/Developer/Toolchains/XcodeDefault.xctoolchain/usr/lib/swift/iphoneos/prebuilt-modules/26.5/QuartzCore.swiftmodule/arm64e-apple-ios.swiftmodule /Applications/Xcode_26.6.app/Contents/Developer/Toolchains/XcodeDefault.xctoolchain/usr/lib/swift/iphoneos/prebuilt-modules/26.5/XPC.swiftmodule/arm64e-apple-ios.swiftmodule /Applications/Xcode_26.6.app/Contents/Developer/Toolchains/XcodeDefault.xctoolchain/usr/lib/swift/iphoneos/prebuilt-modules/26.5/System.swiftmodule/arm64e-apple-ios.swiftmodule /Applications/Xcode_26.6.app/Contents/Developer/Toolchains/XcodeDefault.xctoolchain/usr/lib/swift/iphoneos/prebuilt-modules/26.5/Spatial.swiftmodule/arm64e-apple-ios.swiftmodule /Applications/Xcode_26.6.app/Contents/Developer/Toolchains/XcodeDefault.xctoolchain/usr/lib/swift/iphoneos/prebuilt-modules/26.5/UniformTypeIdentifiers.swiftmodule/arm64e-apple-ios.swiftmodule /Applications/Xcode_26.6.app/Contents/Developer/Toolchains/XcodeDefault.xctoolchain/usr/lib/swift/iphoneos/prebuilt-modules/26.5/SwiftUICore.swiftmodule/arm64e-apple-ios.swiftmodule /Applications/Xcode_26.6.app/Contents/Developer/Toolchains/XcodeDefault.xctoolchain/usr/lib/swift/iphoneos/prebuilt-modules/26.5/ObjectiveC.swiftmodule/arm64e-apple-ios.swiftmodule /Applications/Xcode_26.6.app/Contents/Developer/Toolchains/XcodeDefault.xctoolchain/usr/lib/swift/iphoneos/prebuilt-modules/26.5/CoreFoundation.swiftmodule/arm64e-apple-ios.swiftmodule /Applications/Xcode_26.6.app/Contents/Developer/Toolchains/XcodeDefault.xctoolchain/usr/lib/swift/iphoneos/prebuilt-modules/26.5/_Builtin_float.swiftmodule/arm64e-apple-ios.swiftmodule /Applications/Xcode_26.6.app/Contents/Developer/Toolchains/XcodeDefault.xctoolchain/usr/lib/swift/iphoneos/prebuilt-modules/26.5/_DarwinFoundation2.swiftmodule/arm64e-apple-ios.swiftmodule /Applications/Xcode_26.6.app/Contents/Developer/Toolchains/XcodeDefault.xctoolchain/usr/lib/swift/iphoneos/prebuilt-modules/26.5/Darwin.swiftmodule/arm64e-apple-ios.swiftmodule /Applications/Xcode_26.6.app/Contents/Developer/Toolchains/XcodeDefault.xctoolchain/usr/lib/swift/iphoneos/prebuilt-modules/26.5/FileProvider.swiftmodule/arm64e-apple-ios.swiftmodule /Applications/Xcode_26.6.app/Contents/Developer/Toolchains/XcodeDefault.xctoolchain/usr/lib/swift/iphoneos/prebuilt-modules/26.5/Foundation.swiftmodule/arm64e-apple-ios.swiftmodule /Applications/Xcode_26.6.app/Contents/Developer/Toolchains/XcodeDefault.xctoolchain/usr/lib/swift/iphoneos/prebuilt-modules/26.5/OSLog.swiftmodule/arm64e-apple-ios.swiftmodule /Applications/Xcode_26.6.app/Contents/Developer/Toolchains/XcodeDefault.xctoolchain/usr/lib/swift/iphoneos/prebuilt-modules/26.5/DataDetection.swiftmodule/arm64e-apple-ios.swiftmodule /Applications/Xcode_26.6.app/Contents/Developer/Toolchains/XcodeDefault.xctoolchain/usr/lib/swift/iphoneos/prebuilt-modules/26.5/CoreImage.swiftmodule/arm64e-apple-ios.swiftmodule /Applications/Xcode_26.6.app/Contents/Developer/Toolchains/XcodeDefault.xctoolchain/usr/lib/swift/iphoneos/prebuilt-modules/26.5/CoreTransferable.swiftmodule/arm64e-apple-ios.swiftmodule /Applications/Xcode_26.6.app/Contents/Developer/Toolchains/XcodeDefault.xctoolchain/usr/lib/swift/iphoneos/prebuilt-modules/26.5/WebKit.swiftmodule/arm64e-apple-ios.swiftmodule /Applications/Xcode_26.6.app/Contents/Developer/Toolchains/XcodeDefault.xctoolchain/usr/lib/swift/iphoneos/prebuilt-modules/26.5/os.swiftmodule/arm64e-apple-ios.swiftmodule /Applications/Xcode_26.6.app/Contents/Developer/Toolchains/XcodeDefault.xctoolchain/usr/lib/swift/iphoneos/prebuilt-modules/26.5/CoreGraphics.swiftmodule/arm64e-apple-ios.swiftmodule /Applications/Xcode_26.6.app/Contents/Developer/Toolchains/XcodeDefault.xctoolchain/usr/lib/swift/iphoneos/prebuilt-modules/26.5/Swift.swiftmodule/arm64e-apple-ios.swiftmodule /Applications/Xcode_26.6.app/Contents/Developer/Toolchains/XcodeDefault.xctoolchain/usr/lib/swift/iphoneos/prebuilt-modules/26.5/_StringProcessing.swiftmodule/arm64e-apple-ios.swiftmodule /Applications/Xcode_26.6.app/Contents/Developer/Toolchains/XcodeDefault.xctoolchain/usr/lib/swift/iphoneos/prebuilt-modules/26.5/Combine.swiftmodule/arm64e-apple-ios.swiftmodule /Applications/Xcode_26.6.app/Contents/Developer/Toolchains/XcodeDefault.xctoolchain/usr/lib/swift/iphoneos/prebuilt-modules/26.5/UIKit.swiftmodule/arm64e-apple-ios.swiftmodule /Applications/Xcode_26.6.app/Contents/Developer/Toolchains/XcodeDefault.xctoolchain/usr/lib/swift/iphoneos/prebuilt-modules/26.5/CoreText.swiftmodule/arm64e-apple-ios.swiftmodule /Applications/Xcode_26.6.app/Contents/Developer/Toolchains/XcodeDefault.xctoolchain/usr/lib/swift/iphoneos/prebuilt-modules/26.5/_Concurrency.swiftmodule/arm64e-apple-ios.swiftmodule /Applications/Xcode_26.6.app/Contents/Developer/Toolchains/XcodeDefault.xctoolchain/usr/lib/swift/iphoneos/prebuilt-modules/26.5/Network.swiftmodule/arm64e-apple-ios.swiftmodule /Applications/Xcode_26.6.app/Contents/Developer/Toolchains/XcodeDefault.xctoolchain/usr/lib/swift/iphoneos/prebuilt-modules/26.5/DeveloperToolsSupport.swiftmodule/arm64e-apple-ios.swiftmodule /Applications/Xcode_26.6.app/Contents/Developer/Toolchains/XcodeDefault.xctoolchain/usr/lib/swift/iphoneos/prebuilt-modules/26.5/CoreData.swiftmodule/arm64e-apple-ios.swiftmodule /Applications/Xcode_26.6.app/Contents/Developer/Toolchains/XcodeDefault.xctoolchain/usr/lib/swift/iphoneos/prebuilt-modules/26.5/Dispatch.swiftmodule/arm64e-apple-ios.swiftmodule /Applications/Xcode_26.6.app/Contents/Developer/Toolchains/XcodeDefault.xctoolchain/usr/lib/swift/iphoneos/prebuilt-modules/26.5/Symbols.swiftmodule/arm64e-apple-ios.swiftmodule /Applications/Xcode_26.6.app/Contents/Developer/Toolchains/XcodeDefault.xctoolchain/usr/lib/swift/iphoneos/prebuilt-modules/26.5/CoreVideo.swiftmodule/arm64e-apple-ios.swiftmodule /Applications/Xcode_26.6.app/Contents/Developer/Toolchains/XcodeDefault.xctoolchain/usr/lib/swift/iphoneos/prebuilt-modules/26.5/SwiftUI.swiftmodule/arm64e-apple-ios.swiftmodule /Users/runner/Library/Developer/Xcode/DerivedData/App-bftnsirjgxxrogcvaqjekecjqrkn/Build/Intermediates.noindex/ArchiveIntermediates/App/IntermediateBuildFilesPath/SwiftExplicitPrecompiledModules/Capacitor-2H43HPE59C9Q7.swiftmodule /Applications/Xcode_26.6.app/Contents/Developer/Toolchains/XcodeDefault.xctoolchain/usr/lib/swift/iphoneos/prebuilt-modules/26.5/simd.swiftmodule/arm64e-apple-ios.swiftmodule /Applications/Xcode_26.6.app/Contents/Developer/Toolchains/XcodeDefault.xctoolchain/usr/lib/swift/iphoneos/prebuilt-modules/26.5/_DarwinFoundation1.swiftmodule/arm64e-apple-ios.swiftmodule /Applications/Xcode_26.6.app/Contents/Developer/Toolchains/XcodeDefault.xctoolchain/usr/lib/swift/iphoneos/prebuilt-modules/26.5/Accessibility.swiftmodule/arm64e-apple-ios.swiftmodule /Applications/Xcode_26.6.app/Contents/Developer/Toolchains/XcodeDefault.xctoolchain/usr/lib/swift/iphoneos/prebuilt-modules/26.5/_DarwinFoundation3.swiftmodule/arm64e-apple-ios.swiftmodule /Applications/Xcode_26.6.app/Contents/Developer/Toolchains/XcodeDefault.xctoolchain/usr/lib/swift/iphoneos/prebuilt-modules/26.5/Observation.swiftmodule/arm64e-apple-ios.swiftmodule /Applications/Xcode_26.6.app/Contents/Developer/Toolchains/XcodeDefault.xctoolchain/usr/lib/swift/iphoneos/prebuilt-modules/26.5/Metal.swiftmodule/arm64e-apple-ios.swiftmodule /Applications/Xcode_26.6.app/Contents/Developer/Toolchains/XcodeDefault.xctoolchain/usr/lib/swift/iphoneos/prebuilt-modules/26.5/Distributed.swiftmodule/arm64e-apple-ios.swiftmodule /Users/runner/Library/Developer/Xcode/DerivedData/ModuleCache.noindex/_Builtin_inttypes-AMA2B4Y7QBKPABLXFSRFWCL9N.pcm /Users/runner/Library/Developer/Xcode/DerivedData/ModuleCache.noindex/DataDetection-D4KJ1S9E4WLZ9667PTN5AXI9K.pcm /Users/runner/Library/Developer/Xcode/DerivedData/ModuleCache.noindex/os_workgroup-32Z9ZWHZO4UN3G5VTRHGO9J2G.pcm /Users/runner/Library/Developer/Xcode/DerivedData/ModuleCache.noindex/CoreTransferable-AAQIWS8UG8MGA4ZNEWBZ2W2IY.pcm /Users/runner/Library/Developer/Xcode/DerivedData/ModuleCache.noindex/WebKit-BHUTFRGY1UJ4DIE8PORWCVFMS.pcm /Users/runner/Library/Developer/Xcode/DerivedData/ModuleCache.noindex/SwiftUICore-9DIEMH4Z9T64AGJB2R6KD3EOR.pcm /Users/runner/Library/Developer/Xcode/DerivedData/App-bftnsirjgxxrogcvaqjekecjqrkn/Build/Intermediates.noindex/ArchiveIntermediates/App/IntermediateBuildFilesPath/SwiftExplicitPrecompiledModules/Capacitor-EE8Q0EYHFRCSZX0UH0KU3E84L.pcm /Users/runner/Library/Developer/Xcode/DerivedData/ModuleCache.noindex/_Builtin_limits-5XLAGNJNMUIA35MLR9224J96G.pcm /Users/runner/Library/Developer/Xcode/DerivedData/ModuleCache.noindex/_Builtin_stddef-DM9FIK1TI14UIQLTPTSDRJRH8.pcm /Users/runner/Library/Developer/Xcode/DerivedData/ModuleCache.noindex/SwiftUI-6B305YEGM6ZJ1GCRJMNGN14J6.pcm /Users/runner/Library/Developer/Xcode/DerivedData/ModuleCache.noindex/FileProvider-2IGH0JAASCWFWTHH3HQB16NAT.pcm /Users/runner/Library/Developer/Xcode/DerivedData/ModuleCache.noindex/ObjectiveC-UL57PEN9KLSC4RHLEIGY3HA.pcm /Users/runner/Library/Developer/Xcode/DerivedData/ModuleCache.noindex/simd-CLUOIJ1OU38JUV8Q94GRO1JFW.pcm /Users/runner/Library/Developer/Xcode/DerivedData/ModuleCache.noindex/_DarwinFoundation1-AVQP07R3FLQDOZLLLTSBQE6KZ.pcm /Users/runner/Library/Developer/Xcode/DerivedData/ModuleCache.noindex/CoreData-3FH3JHVLSCG105NRLU6T3RF4G.pcm /Users/runner/Library/Developer/Xcode/DerivedData/ModuleCache.noindex/Symbols-3Z96XHQKJOEPY4CGQ63YIUGXQ.pcm /Users/runner/Library/Developer/Xcode/DerivedData/ModuleCache.noindex/UniformTypeIdentifiers-5SQL832U5YS5P4OFS71ZU71ZH.pcm /Users/runner/Library/Developer/Xcode/DerivedData/ModuleCache.noindex/CoreImage-27LC9VRXJDFZFMFSKO9E5CY0O.pcm /Users/runner/Library/Developer/Xcode/DerivedData/ModuleCache.noindex/CoreText-7G27BMK29AJO8FLDTQX72AKIO.pcm /Users/runner/Library/Developer/Xcode/DerivedData/ModuleCache.noindex/_DarwinFoundation3-DT13DYQO20ZPMHDX5CDK95E4D.pcm /Users/runner/Library/Developer/Xcode/DerivedData/ModuleCache.noindex/_DarwinFoundation2-CHABC5SS8N2OTC0RLF1PF00IL.pcm /Users/runner/Library/Developer/Xcode/DerivedData/ModuleCache.noindex/UIUtilities-68BP72D2ARRWVKR5ND13PTZHD.pcm /Users/runner/Library/Developer/Xcode/DerivedData/ModuleCache.noindex/_Builtin_stdint-1IVO0O4NH45TV1AYF52FCLU39.pcm /Users/runner/Library/Developer/Xcode/DerivedData/ModuleCache.noindex/_AvailabilityInternal-D134KYCM5B7H7LEX0UZ8E87OC.pcm /Users/runner/Library/Developer/Xcode/DerivedData/ModuleCache.noindex/_Builtin_stdatomic-9060L4NKPD5ER5I6FJ57E8WVA.pcm /Users/runner/Library/Developer/Xcode/DerivedData/ModuleCache.noindex/DeveloperToolsSupport-EMHRDK0O1ZXXZII2U7HYGBAAB.pcm /Users/runner/Library/Developer/Xcode/DerivedData/ModuleCache.noindex/ptrcheck-F4E3AJ5OSHOZ9IBB2GP04PWWI.pcm /Users/runner/Library/Developer/Xcode/DerivedData/ModuleCache.noindex/CoreFoundation-AJVBJNWJLXSNXAG6CFR83HFOF.pcm /Users/runner/Library/Developer/Xcode/DerivedData/ModuleCache.noindex/ptrauth-DABL4NITE6FI9XGP0U5ICP5U7.pcm /Users/runner/Library/Developer/Xcode/DerivedData/ModuleCache.noindex/CoreGraphics-1G5052L8UUCYJ9W6QLENAXY9U.pcm /Users/runner/Library/Developer/Xcode/DerivedData/ModuleCache.noindex/Security-CIWSTZAS0BOTYSHUXXOWYSEX5.pcm /Users/runner/Library/Developer/Xcode/DerivedData/ModuleCache.noindex/dnssd-AB1MJ0IHS4AY4FMB9VINDZFNL.pcm /Users/runner/Library/Developer/Xcode/DerivedData/ModuleCache.noindex/Darwin-D9UWKS8G5A983R1DJ4W24YSKP.pcm /Users/runner/Library/Developer/Xcode/DerivedData/ModuleCache.noindex/IOSurface-5JX3VCZ80M38F2Z6PCGNGZCAT.pcm /Users/runner/Library/Developer/Xcode/DerivedData/ModuleCache.noindex/_SwiftConcurrencyShims-11WQO0U6NUPEG5KX0XIBPK7HV.pcm /Users/runner/Library/Developer/Xcode/DerivedData/ModuleCache.noindex/XPC-4PB7SR0PM1G3Z1V4ERK8LTRR6.pcm /Users/runner/Library/Developer/Xcode/DerivedData/ModuleCache.noindex/Spatial-66ZFZVSPF6NR4DI3VRZP5OD1H.pcm /Users/runner/Library/Developer/Xcode/DerivedData/ModuleCache.noindex/OSLog-DKEX056QW3YCNCO6DBH0EAM0E.pcm /Users/runner/Library/Developer/Xcode/DerivedData/ModuleCache.noindex/os_object-E4IBKKHD0T0YBYBJLG4YXIM1L.pcm /Users/runner/Library/Developer/Xcode/DerivedData/ModuleCache.noindex/Foundation-1X62Q4Y5CFD79X7DK8WGN1XR7.pcm /Users/runner/Library/Developer/Xcode/DerivedData/ModuleCache.noindex/_Builtin_stdbool-F2JDNPQEX6SQ9OSYLY30YZQUK.pcm /Users/runner/Library/Developer/Xcode/DerivedData/ModuleCache.noindex/UserNotifications-9XZE59KS9YG29GOP295XNSED9.pcm /Users/runner/Library/Developer/Xcode/DerivedData/ModuleCache.noindex/Accessibility-ZCOQIL8YWBFQ0TLBXFB2N57I.pcm /Users/runner/Library/Developer/Xcode/DerivedData/ModuleCache.noindex/CFNetwork-4AKTMCE1W2AF00ZV9XZ8XN8BU.pcm /Users/runner/Library/Developer/Xcode/DerivedData/ModuleCache.noindex/sys_types-6VUOHF7N0NSAAA8P9FPHKE8W6.pcm /Users/runner/Library/Developer/Xcode/DerivedData/ModuleCache.noindex/_Builtin_intrinsics-99O65VBQ24FR6L5LL9JW9AR1W.pcm /Users/runner/Library/Developer/Xcode/DerivedData/ModuleCache.noindex/_Builtin_float-2YO6PSBAHJ04WO49MXMPSPE2E.pcm /Users/runner/Library/Developer/Xcode/DerivedData/ModuleCache.noindex/Network-CV64AECI38K2LZC189XU1XATE.pcm /Users/runner/Library/Developer/Xcode/DerivedData/ModuleCache.noindex/_Builtin_stdarg-AWNHK52NN9LOBSP9B3ES6N4JP.pcm /Users/runner/Library/Developer/Xcode/DerivedData/ModuleCache.noindex/QuartzCore-566Q57FTIWBTHFMCCY09MABDC.pcm /Users/runner/Library/Developer/Xcode/DerivedData/ModuleCache.noindex/SwiftShims-72SLMYIIT0DF0R4G8CULVMIGB.pcm /Users/runner/Library/Developer/Xcode/DerivedData/ModuleCache.noindex/ImageIO-DO2T5X90PE8HDHJGTWQBWNA65.pcm /Users/runner/Library/Developer/Xcode/DerivedData/ModuleCache.noindex/UIKit-EXU98BO9TKBKUJMALVDROIG6.pcm /Users/runner/Library/Developer/Xcode/DerivedData/ModuleCache.noindex/_Builtin_tgmath-54R3DMFU6DS0GI3Z1X2FGPB20.pcm /Users/runner/Library/Developer/Xcode/DerivedData/ModuleCache.noindex/OpenGLES-457SP2TZA6UHDMTKTCX1NW350.pcm /Users/runner/Library/Developer/Xcode/DerivedData/ModuleCache.noindex/os-1REBWOFRQ4PBO7QOUF0V31OPU.pcm /Users/runner/Library/Developer/Xcode/DerivedData/App-bftnsirjgxxrogcvaqjekecjqrkn/Build/Intermediates.noindex/ArchiveIntermediates/App/IntermediateBuildFilesPath/SwiftExplicitPrecompiledModules/Cordova-4H8YZBCVV7DLGKMWHB5ZK5H28.pcm /Users/runner/Library/Developer/Xcode/DerivedData/ModuleCache.noindex/CoreVideo-BZMXU0P2Z8IQSJANCXSICOTKV.pcm /Users/runner/Library/Developer/Xcode/DerivedData/ModuleCache.noindex/CommonCrypto-5IHPQ78JPCVS10S6636W947OU.pcm /Users/runner/Library/Developer/Xcode/DerivedData/ModuleCache.noindex/MachO-B6RJ1U22Q2HMP7YR9Z0P7VQ0Z.pcm /Users/runner/Library/Developer/Xcode/DerivedData/ModuleCache.noindex/Metal-DNRDTVJ2K7CPTS3LY6NISTWHE.pcm /Users/runner/Library/Developer/Xcode/DerivedData/ModuleCache.noindex/Dispatch-9CU9L6AJGABEPEK1MML5WOJEH.pcm /Users/runner/Library/Developer/Xcode/DerivedData/App-bftnsirjgxxrogcvaqjekecjqrkn/Build/Intermediates.noindex/ArchiveIntermediates/App/IntermediateBuildFilesPath/App.build/Release-iphoneos/App.build/Objects-normal/arm64/App-dependencies-1.json (in target 'App' from project 'App')

CompileSwift normal arm64 (in target 'App' from project 'App')
    cd /Users/runner/work/focusher-app/focusher-app/ios/App
    

SwiftDriverJobDiscovery normal arm64 Compiling AppDelegate.swift, SceneDelegate.swift, GeneratedAssetSymbols.swift (in target 'App' from project 'App')

SwiftDriver\ Compilation\ Requirements App normal arm64 com.apple.xcode.tools.swift.compiler (in target 'App' from project 'App')
    cd /Users/runner/work/focusher-app/focusher-app/ios/App
    builtin-Swift-Compilation-Requirements -- /Applications/Xcode_26.6.app/Contents/Developer/Toolchains/XcodeDefault.xctoolchain/usr/bin/swiftc -module-name App -O -whole-module-optimization @/Users/runner/Library/Developer/Xcode/DerivedData/App-bftnsirjgxxrogcvaqjekecjqrkn/Build/Intermediates.noindex/ArchiveIntermediates/App/IntermediateBuildFilesPath/App.build/Release-iphoneos/App.build/Objects-normal/arm64/App.SwiftFileList -enable-bare-slash-regex -enable-experimental-feature DebugDescriptionMacro -sdk /Applications/Xcode_26.6.app/Contents/Developer/Platforms/iPhoneOS.platform/Developer/SDKs/iPhoneOS26.5.sdk -target arm64-apple-ios15.0 -g -module-cache-path /Users/runner/Library/Developer/Xcode/DerivedData/ModuleCache.noindex -Xfrontend -serialize-debugging-options -swift-version 5 -I /Users/runner/Library/Developer/Xcode/DerivedData/App-bftnsirjgxxrogcvaqjekecjqrkn/Build/Intermediates.noindex/ArchiveIntermediates/App/BuildProductsPath/Release-iphoneos -F /Users/runner/Library/Developer/Xcode/DerivedData/App-bftnsirjgxxrogcvaqjekecjqrkn/Build/Intermediates.noindex/ArchiveIntermediates/App/BuildProductsPath/Release-iphoneos/PackageFrameworks -F /Users/runner/Library/Developer/Xcode/DerivedData/App-bftnsirjgxxrogcvaqjekecjqrkn/Build/Intermediates.noindex/ArchiveIntermediates/App/BuildProductsPath/Release-iphoneos/PackageFrameworks -F /Users/runner/Library/Developer/Xcode/DerivedData/App-bftnsirjgxxrogcvaqjekecjqrkn/Build/Intermediates.noindex/ArchiveIntermediates/App/BuildProductsPath/Release-iphoneos/PackageFrameworks -F /Users/runner/Library/Developer/Xcode/DerivedData/App-bftnsirjgxxrogcvaqjekecjqrkn/Build/Intermediates.noindex/ArchiveIntermediates/App/BuildProductsPath/Release-iphoneos/PackageFrameworks -F /Users/runner/Library/Developer/Xcode/DerivedData/App-bftnsirjgxxrogcvaqjekecjqrkn/Build/Intermediates.noindex/ArchiveIntermediates/App/BuildProductsPath/Release-iphoneos/PackageFrameworks -F /Users/runner/Library/Developer/Xcode/DerivedData/App-bftnsirjgxxrogcvaqjekecjqrkn/Build/Intermediates.noindex/ArchiveIntermediates/App/BuildProductsPath/Release-iphoneos/PackageFrameworks -F /Users/runner/Library/Developer/Xcode/DerivedData/App-bftnsirjgxxrogcvaqjekecjqrkn/Build/Intermediates.noindex/ArchiveIntermediates/App/BuildProductsPath/Release-iphoneos/PackageFrameworks -F /Users/runner/Library/Developer/Xcode/DerivedData/App-bftnsirjgxxrogcvaqjekecjqrkn/Build/Intermediates.noindex/ArchiveIntermediates/App/BuildProductsPath/Release-iphoneos/PackageFrameworks -F /Users/runner/Library/Developer/Xcode/DerivedData/App-bftnsirjgxxrogcvaqjekecjqrkn/Build/Intermediates.noindex/ArchiveIntermediates/App/BuildProductsPath/Release-iphoneos -c -num-threads 3 -Xcc -ivfsstatcache -Xcc /Users/runner/Library/Developer/Xcode/DerivedData/SDKStatCaches.noindex/iphoneos26.5-23F81a-688ef53f1462e2c8f657fdc38a81448fee66e23052a0157c865c76b268046726.sdkstatcache -output-file-map /Users/runner/Library/Developer/Xcode/DerivedData/App-bftnsirjgxxrogcvaqjekecjqrkn/Build/Intermediates.noindex/ArchiveIntermediates/App/IntermediateBuildFilesPath/App.build/Release-iphoneos/App.build/Objects-normal/arm64/App-OutputFileMap.json -use-frontend-parseable-output -save-temps -no-color-diagnostics -explicit-module-build -module-cache-path /Users/runner/Library/Developer/Xcode/DerivedData/App-bftnsirjgxxrogcvaqjekecjqrkn/Build/Intermediates.noindex/ArchiveIntermediates/App/IntermediateBuildFilesPath/SwiftExplicitPrecompiledModules -clang-scanner-module-cache-path /Users/runner/Library/Developer/Xcode/DerivedData/ModuleCache.noindex -sdk-module-cache-path /Users/runner/Library/Developer/Xcode/DerivedData/ModuleCache.noindex -serialize-diagnostics -emit-dependencies -emit-module -emit-module-path /Users/runner/Library/Developer/Xcode/DerivedData/App-bftnsirjgxxrogcvaqjekecjqrkn/Build/Intermediates.noindex/ArchiveIntermediates/App/IntermediateBuildFilesPath/App.build/Release-iphoneos/App.build/Objects-normal/arm64/App.swiftmodule -validate-clang-modules-once -clang-build-session-file /Users/runner/Library/Developer/Xcode/DerivedData/ModuleCache.noindex/Session.modulevalidation -Xcc -I/Users/runner/Library/Developer/Xcode/DerivedData/App-bftnsirjgxxrogcvaqjekecjqrkn/Build/Intermediates.noindex/ArchiveIntermediates/App/IntermediateBuildFilesPath/App.build/Release-iphoneos/App.build/swift-overrides.hmap -emit-const-values -Xfrontend -const-gather-protocols-file -Xfrontend /Users/runner/Library/Developer/Xcode/DerivedData/App-bftnsirjgxxrogcvaqjekecjqrkn/Build/Intermediates.noindex/ArchiveIntermediates/App/IntermediateBuildFilesPath/App.build/Release-iphoneos/App.build/Objects-normal/arm64/App_const_extract_protocols.json -Xcc -iquote -Xcc /Users/runner/Library/Developer/Xcode/DerivedData/App-bftnsirjgxxrogcvaqjekecjqrkn/Build/Intermediates.noindex/ArchiveIntermediates/App/IntermediateBuildFilesPath/App.build/Release-iphoneos/App.build/App-generated-files.hmap -Xcc -I/Users/runner/Library/Developer/Xcode/DerivedData/App-bftnsirjgxxrogcvaqjekecjqrkn/Build/Intermediates.noindex/ArchiveIntermediates/App/IntermediateBuildFilesPath/App.build/Release-iphoneos/App.build/App-own-target-headers.hmap -Xcc -I/Users/runner/Library/Developer/Xcode/DerivedData/App-bftnsirjgxxrogcvaqjekecjqrkn/Build/Intermediates.noindex/ArchiveIntermediates/App/IntermediateBuildFilesPath/App.build/Release-iphoneos/App.build/App-all-non-framework-target-headers.hmap -Xcc -ivfsoverlay -Xcc /Users/runner/Library/Developer/Xcode/DerivedData/App-bftnsirjgxxrogcvaqjekecjqrkn/Build/Intermediates.noindex/ArchiveIntermediates/App/IntermediateBuildFilesPath/App.build/Release-iphoneos/App-0ca3007d900a678c2b4d53418799ee3d-VFS-iphoneos/all-product-headers.yaml -Xcc -iquote -Xcc /Users/runner/Library/Developer/Xcode/DerivedData/App-bftnsirjgxxrogcvaqjekecjqrkn/Build/Intermediates.noindex/ArchiveIntermediates/App/IntermediateBuildFilesPath/App.build/Release-iphoneos/App.build/App-project-headers.hmap -Xcc -I/Users/runner/Library/Developer/Xcode/DerivedData/App-bftnsirjgxxrogcvaqjekecjqrkn/Build/Intermediates.noindex/ArchiveIntermediates/App/BuildProductsPath/Release-iphoneos/include -Xcc -I/Users/runner/Library/Developer/Xcode/DerivedData/App-bftnsirjgxxrogcvaqjekecjqrkn/Build/Intermediates.noindex/ArchiveIntermediates/App/IntermediateBuildFilesPath/App.build/Release-iphoneos/App.build/DerivedSources-normal/arm64 -Xcc -I/Users/runner/Library/Developer/Xcode/DerivedData/App-bftnsirjgxxrogcvaqjekecjqrkn/Build/Intermediates.noindex/ArchiveIntermediates/App/IntermediateBuildFilesPath/App.build/Release-iphoneos/App.build/DerivedSources/arm64 -Xcc -I/Users/runner/Library/Developer/Xcode/DerivedData/App-bftnsirjgxxrogcvaqjekecjqrkn/Build/Intermediates.noindex/ArchiveIntermediates/App/IntermediateBuildFilesPath/App.build/Release-iphoneos/App.build/DerivedSources -emit-objc-header -emit-objc-header-path /Users/runner/Library/Developer/Xcode/DerivedData/App-bftnsirjgxxrogcvaqjekecjqrkn/Build/Intermediates.noindex/ArchiveIntermediates/App/IntermediateBuildFilesPath/App.build/Release-iphoneos/App.build/Objects-normal/arm64/App-Swift.h -working-directory /Users/runner/work/focusher-app/focusher-app/ios/App -no-emit-module-separately-wmo

SwiftMergeGeneratedHeaders /Users/runner/Library/Developer/Xcode/DerivedData/App-bftnsirjgxxrogcvaqjekecjqrkn/Build/Intermediates.noindex/ArchiveIntermediates/App/IntermediateBuildFilesPath/App.build/Release-iphoneos/App.build/DerivedSources/App-Swift.h /Users/runner/Library/Developer/Xcode/DerivedData/App-bftnsirjgxxrogcvaqjekecjqrkn/Build/Intermediates.noindex/ArchiveIntermediates/App/IntermediateBuildFilesPath/App.build/Release-iphoneos/App.build/Objects-normal/arm64/App-Swift.h (in target 'App' from project 'App')
    cd /Users/runner/work/focusher-app/focusher-app/ios/App
    builtin-swiftHeaderTool -arch arm64 /Users/runner/Library/Developer/Xcode/DerivedData/App-bftnsirjgxxrogcvaqjekecjqrkn/Build/Intermediates.noindex/ArchiveIntermediates/App/IntermediateBuildFilesPath/App.build/Release-iphoneos/App.build/Objects-normal/arm64/App-Swift.h -o /Users/runner/Library/Developer/Xcode/DerivedData/App-bftnsirjgxxrogcvaqjekecjqrkn/Build/Intermediates.noindex/ArchiveIntermediates/App/IntermediateBuildFilesPath/App.build/Release-iphoneos/App.build/DerivedSources/App-Swift.h

Copy /Users/runner/Library/Developer/Xcode/DerivedData/App-bftnsirjgxxrogcvaqjekecjqrkn/Build/Intermediates.noindex/ArchiveIntermediates/App/BuildProductsPath/Release-iphoneos/App.swiftmodule/arm64-apple-ios.swiftmodule /Users/runner/Library/Developer/Xcode/DerivedData/App-bftnsirjgxxrogcvaqjekecjqrkn/Build/Intermediates.noindex/ArchiveIntermediates/App/IntermediateBuildFilesPath/App.build/Release-iphoneos/App.build/Objects-normal/arm64/App.swiftmodule (in target 'App' from project 'App')
    cd /Users/runner/work/focusher-app/focusher-app/ios/App
    builtin-copy -exclude .DS_Store -exclude CVS -exclude .svn -exclude .git -exclude .hg -resolve-src-symlinks -rename /Users/runner/Library/Developer/Xcode/DerivedData/App-bftnsirjgxxrogcvaqjekecjqrkn/Build/Intermediates.noindex/ArchiveIntermediates/App/IntermediateBuildFilesPath/App.build/Release-iphoneos/App.build/Objects-normal/arm64/App.swiftmodule /Users/runner/Library/Developer/Xcode/DerivedData/App-bftnsirjgxxrogcvaqjekecjqrkn/Build/Intermediates.noindex/ArchiveIntermediates/App/BuildProductsPath/Release-iphoneos/App.swiftmodule/arm64-apple-ios.swiftmodule

Copy /Users/runner/Library/Developer/Xcode/DerivedData/App-bftnsirjgxxrogcvaqjekecjqrkn/Build/Intermediates.noindex/ArchiveIntermediates/App/BuildProductsPath/Release-iphoneos/App.swiftmodule/arm64-apple-ios.swiftdoc /Users/runner/Library/Developer/Xcode/DerivedData/App-bftnsirjgxxrogcvaqjekecjqrkn/Build/Intermediates.noindex/ArchiveIntermediates/App/IntermediateBuildFilesPath/App.build/Release-iphoneos/App.build/Objects-normal/arm64/App.swiftdoc (in target 'App' from project 'App')
    cd /Users/runner/work/focusher-app/focusher-app/ios/App
    builtin-copy -exclude .DS_Store -exclude CVS -exclude .svn -exclude .git -exclude .hg -resolve-src-symlinks -rename /Users/runner/Library/Developer/Xcode/DerivedData/App-bftnsirjgxxrogcvaqjekecjqrkn/Build/Intermediates.noindex/ArchiveIntermediates/App/IntermediateBuildFilesPath/App.build/Release-iphoneos/App.build/Objects-normal/arm64/App.swiftdoc /Users/runner/Library/Developer/Xcode/DerivedData/App-bftnsirjgxxrogcvaqjekecjqrkn/Build/Intermediates.noindex/ArchiveIntermediates/App/BuildProductsPath/Release-iphoneos/App.swiftmodule/arm64-apple-ios.swiftdoc

Copy /Users/runner/Library/Developer/Xcode/DerivedData/App-bftnsirjgxxrogcvaqjekecjqrkn/Build/Intermediates.noindex/ArchiveIntermediates/App/BuildProductsPath/Release-iphoneos/App.swiftmodule/arm64-apple-ios.abi.json /Users/runner/Library/Developer/Xcode/DerivedData/App-bftnsirjgxxrogcvaqjekecjqrkn/Build/Intermediates.noindex/ArchiveIntermediates/App/IntermediateBuildFilesPath/App.build/Release-iphoneos/App.build/Objects-normal/arm64/App.abi.json (in target 'App' from project 'App')
    cd /Users/runner/work/focusher-app/focusher-app/ios/App
    builtin-copy -exclude .DS_Store -exclude CVS -exclude .svn -exclude .git -exclude .hg -resolve-src-symlinks -rename /Users/runner/Library/Developer/Xcode/DerivedData/App-bftnsirjgxxrogcvaqjekecjqrkn/Build/Intermediates.noindex/ArchiveIntermediates/App/IntermediateBuildFilesPath/App.build/Release-iphoneos/App.build/Objects-normal/arm64/App.abi.json /Users/runner/Library/Developer/Xcode/DerivedData/App-bftnsirjgxxrogcvaqjekecjqrkn/Build/Intermediates.noindex/ArchiveIntermediates/App/BuildProductsPath/Release-iphoneos/App.swiftmodule/arm64-apple-ios.abi.json

Ld /Users/runner/Library/Developer/Xcode/DerivedData/App-bftnsirjgxxrogcvaqjekecjqrkn/Build/Intermediates.noindex/ArchiveIntermediates/App/InstallationBuildProductsLocation/Applications/App.app/App normal (in target 'App' from project 'App')
    cd /Users/runner/work/focusher-app/focusher-app/ios/App
    /Applications/Xcode_26.6.app/Contents/Developer/Toolchains/XcodeDefault.xctoolchain/usr/bin/clang -Xlinker -reproducible -target arm64-apple-ios15.0 -isysroot /Applications/Xcode_26.6.app/Contents/Developer/Platforms/iPhoneOS.platform/Developer/SDKs/iPhoneOS26.5.sdk -Os -L/Users/runner/Library/Developer/Xcode/DerivedData/App-bftnsirjgxxrogcvaqjekecjqrkn/Build/Intermediates.noindex/ArchiveIntermediates/App/IntermediateBuildFilesPath/EagerLinkingTBDs/Release-iphoneos -L/Users/runner/Library/Developer/Xcode/DerivedData/App-bftnsirjgxxrogcvaqjekecjqrkn/Build/Intermediates.noindex/ArchiveIntermediates/App/BuildProductsPath/Release-iphoneos -F/Users/runner/Library/Developer/Xcode/DerivedData/App-bftnsirjgxxrogcvaqjekecjqrkn/Build/Intermediates.noindex/ArchiveIntermediates/App/IntermediateBuildFilesPath/EagerLinkingTBDs/Release-iphoneos -F/Users/runner/Library/Developer/Xcode/DerivedData/App-bftnsirjgxxrogcvaqjekecjqrkn/Build/Intermediates.noindex/ArchiveIntermediates/App/BuildProductsPath/Release-iphoneos/PackageFrameworks -F/Users/runner/Library/Developer/Xcode/DerivedData/App-bftnsirjgxxrogcvaqjekecjqrkn/Build/Intermediates.noindex/ArchiveIntermediates/App/BuildProductsPath/Release-iphoneos/PackageFrameworks -F/Users/runner/Library/Developer/Xcode/DerivedData/App-bftnsirjgxxrogcvaqjekecjqrkn/Build/Intermediates.noindex/ArchiveIntermediates/App/BuildProductsPath/Release-iphoneos/PackageFrameworks -F/Users/runner/Library/Developer/Xcode/DerivedData/App-bftnsirjgxxrogcvaqjekecjqrkn/Build/Intermediates.noindex/ArchiveIntermediates/App/BuildProductsPath/Release-iphoneos/PackageFrameworks -F/Users/runner/Library/Developer/Xcode/DerivedData/App-bftnsirjgxxrogcvaqjekecjqrkn/Build/Intermediates.noindex/ArchiveIntermediates/App/BuildProductsPath/Release-iphoneos/PackageFrameworks -F/Users/runner/Library/Developer/Xcode/DerivedData/App-bftnsirjgxxrogcvaqjekecjqrkn/Build/Intermediates.noindex/ArchiveIntermediates/App/BuildProductsPath/Release-iphoneos/PackageFrameworks -F/Users/runner/Library/Developer/Xcode/DerivedData/App-bftnsirjgxxrogcvaqjekecjqrkn/Build/Intermediates.noindex/ArchiveIntermediates/App/BuildProductsPath/Release-iphoneos/PackageFrameworks -F/Users/runner/Library/Developer/Xcode/DerivedData/App-bftnsirjgxxrogcvaqjekecjqrkn/Build/Intermediates.noindex/ArchiveIntermediates/App/BuildProductsPath/Release-iphoneos/PackageFrameworks -F/Users/runner/Library/Developer/Xcode/DerivedData/App-bftnsirjgxxrogcvaqjekecjqrkn/Build/Intermediates.noindex/ArchiveIntermediates/App/BuildProductsPath/Release-iphoneos -filelist /Users/runner/Library/Developer/Xcode/DerivedData/App-bftnsirjgxxrogcvaqjekecjqrkn/Build/Intermediates.noindex/ArchiveIntermediates/App/IntermediateBuildFilesPath/App.build/Release-iphoneos/App.build/Objects-normal/arm64/App.LinkFileList -Xlinker -rpath -Xlinker /usr/lib/swift -Xlinker -rpath -Xlinker @executable_path/Frameworks -Xlinker -dead_strip -Xlinker -object_path_lto -Xlinker /Users/runner/Library/Developer/Xcode/DerivedData/App-bftnsirjgxxrogcvaqjekecjqrkn/Build/Intermediates.noindex/ArchiveIntermediates/App/IntermediateBuildFilesPath/App.build/Release-iphoneos/App.build/Objects-normal/arm64/App_lto.o -Xlinker -final_output -Xlinker /Applications/App.app/App -Xlinker -dependency_info -Xlinker /Users/runner/Library/Developer/Xcode/DerivedData/App-bftnsirjgxxrogcvaqjekecjqrkn/Build/Intermediates.noindex/ArchiveIntermediates/App/IntermediateBuildFilesPath/App.build/Release-iphoneos/App.build/Objects-normal/arm64/App_dependency_info.dat -fobjc-link-runtime -L/Applications/Xcode_26.6.app/Contents/Developer/Toolchains/XcodeDefault.xctoolchain/usr/lib/swift/iphoneos -L/usr/lib/swift -Xlinker -add_ast_path -Xlinker /Users/runner/Library/Developer/Xcode/DerivedData/App-bftnsirjgxxrogcvaqjekecjqrkn/Build/Intermediates.noindex/ArchiveIntermediates/App/IntermediateBuildFilesPath/App.build/Release-iphoneos/App.build/Objects-normal/arm64/App.swiftmodule @/Users/runner/Library/Developer/Xcode/DerivedData/App-bftnsirjgxxrogcvaqjekecjqrkn/Build/Intermediates.noindex/ArchiveIntermediates/App/IntermediateBuildFilesPath/App.build/Release-iphoneos/App.build/Objects-normal/arm64/App-linker-args.resp -Wl,-no_warn_duplicate_libraries -Wl,-no_warn_duplicate_libraries -Wl,-no_warn_duplicate_libraries -Wl,-no_warn_duplicate_libraries -Wl,-no_warn_duplicate_libraries -Wl,-no_warn_duplicate_libraries -Wl,-no_warn_duplicate_libraries -Wl,-no_warn_duplicate_libraries -framework Capacitor -framework Capacitor -framework Cordova -framework Cordova -framework Capacitor -framework Cordova -framework Capacitor -framework Cordova -framework Capacitor -framework Cordova -framework Capacitor -framework Cordova -framework Capacitor -framework Cordova -o /Users/runner/Library/Developer/Xcode/DerivedData/App-bftnsirjgxxrogcvaqjekecjqrkn/Build/Intermediates.noindex/ArchiveIntermediates/App/InstallationBuildProductsLocation/Applications/App.app/App -Xlinker -add_ast_path -Xlinker /Users/runner/Library/Developer/Xcode/DerivedData/App-bftnsirjgxxrogcvaqjekecjqrkn/Build/Intermediates.noindex/ArchiveIntermediates/App/IntermediateBuildFilesPath/CapApp-SPM.build/Release-iphoneos/CapApp-SPM.build/Objects-normal/arm64/CapApp_SPM.swiftmodule @/Users/runner/Library/Developer/Xcode/DerivedData/App-bftnsirjgxxrogcvaqjekecjqrkn/Build/Intermediates.noindex/ArchiveIntermediates/App/IntermediateBuildFilesPath/CapApp-SPM.build/Release-iphoneos/CapApp-SPM.build/Objects-normal/arm64/CapApp_SPM-linker-args.resp -Xlinker -add_ast_path -Xlinker /Users/runner/Library/Developer/Xcode/DerivedData/App-bftnsirjgxxrogcvaqjekecjqrkn/Build/Intermediates.noindex/ArchiveIntermediates/App/IntermediateBuildFilesPath/CapacitorApp.build/Release-iphoneos/AppPlugin.build/Objects-normal/arm64/AppPlugin.swiftmodule @/Users/runner/Library/Developer/Xcode/DerivedData/App-bftnsirjgxxrogcvaqjekecjqrkn/Build/Intermediates.noindex/ArchiveIntermediates/App/IntermediateBuildFilesPath/CapacitorApp.build/Release-iphoneos/AppPlugin.build/Objects-normal/arm64/AppPlugin-linker-args.resp -Xlinker -add_ast_path -Xlinker /Users/runner/Library/Developer/Xcode/DerivedData/App-bftnsirjgxxrogcvaqjekecjqrkn/Build/Intermediates.noindex/ArchiveIntermediates/App/IntermediateBuildFilesPath/CapacitorLocalNotifications.build/Release-iphoneos/LocalNotificationsPlugin.build/Objects-normal/arm64/LocalNotificationsPlugin.swiftmodule @/Users/runner/Library/Developer/Xcode/DerivedData/App-bftnsirjgxxrogcvaqjekecjqrkn/Build/Intermediates.noindex/ArchiveIntermediates/App/IntermediateBuildFilesPath/CapacitorLocalNotifications.build/Release-iphoneos/LocalNotificationsPlugin.build/Objects-normal/arm64/LocalNotificationsPlugin-linker-args.resp -Xlinker -add_ast_path -Xlinker /Users/runner/Library/Developer/Xcode/DerivedData/App-bftnsirjgxxrogcvaqjekecjqrkn/Build/Intermediates.noindex/ArchiveIntermediates/App/IntermediateBuildFilesPath/CapacitorSplashScreen.build/Release-iphoneos/SplashScreenPlugin.build/Objects-normal/arm64/SplashScreenPlugin.swiftmodule @/Users/runner/Library/Developer/Xcode/DerivedData/App-bftnsirjgxxrogcvaqjekecjqrkn/Build/Intermediates.noindex/ArchiveIntermediates/App/IntermediateBuildFilesPath/CapacitorSplashScreen.build/Release-iphoneos/SplashScreenPlugin.build/Objects-normal/arm64/SplashScreenPlugin-linker-args.resp -Xlinker -add_ast_path -Xlinker /Users/runner/Library/Developer/Xcode/DerivedData/App-bftnsirjgxxrogcvaqjekecjqrkn/Build/Intermediates.noindex/ArchiveIntermediates/App/IntermediateBuildFilesPath/CapacitorStatusBar.build/Release-iphoneos/StatusBarPlugin.build/Objects-normal/arm64/StatusBarPlugin.swiftmodule @/Users/runner/Library/Developer/Xcode/DerivedData/App-bftnsirjgxxrogcvaqjekecjqrkn/Build/Intermediates.noindex/ArchiveIntermediates/App/IntermediateBuildFilesPath/CapacitorStatusBar.build/Release-iphoneos/StatusBarPlugin.build/Objects-normal/arm64/StatusBarPlugin-linker-args.resp -Xlinker -add_ast_path -Xlinker /Users/runner/Library/Developer/Xcode/DerivedData/App-bftnsirjgxxrogcvaqjekecjqrkn/Build/Intermediates.noindex/ArchiveIntermediates/App/IntermediateBuildFilesPath/RevenuecatPurchasesCapacitor.build/Release-iphoneos/RevenuecatPurchasesCapacitor.build/Objects-normal/arm64/RevenuecatPurchasesCapacitor.swiftmodule @/Users/runner/Library/Developer/Xcode/DerivedData/App-bftnsirjgxxrogcvaqjekecjqrkn/Build/Intermediates.noindex/ArchiveIntermediates/App/IntermediateBuildFilesPath/RevenuecatPurchasesCapacitor.build/Release-iphoneos/RevenuecatPurchasesCapacitor.build/Objects-normal/arm64/RevenuecatPurchasesCapacitor-linker-args.resp -Xlinker -add_ast_path -Xlinker /Users/runner/Library/Developer/Xcode/DerivedData/App-bftnsirjgxxrogcvaqjekecjqrkn/Build/Intermediates.noindex/ArchiveIntermediates/App/IntermediateBuildFilesPath/PurchasesHybridCommon.build/Release-iphoneos/PurchasesHybridCommon.build/Objects-normal/arm64/PurchasesHybridCommon.swiftmodule @/Users/runner/Library/Developer/Xcode/DerivedData/App-bftnsirjgxxrogcvaqjekecjqrkn/Build/Intermediates.noindex/ArchiveIntermediates/App/IntermediateBuildFilesPath/PurchasesHybridCommon.build/Release-iphoneos/PurchasesHybridCommon.build/Objects-normal/arm64/PurchasesHybridCommon-linker-args.resp -Xlinker -add_ast_path -Xlinker /Users/runner/Library/Developer/Xcode/DerivedData/App-bftnsirjgxxrogcvaqjekecjqrkn/Build/Intermediates.noindex/ArchiveIntermediates/App/IntermediateBuildFilesPath/RevenueCat.build/Release-iphoneos/RevenueCat.build/Objects-normal/arm64/RevenueCat.swiftmodule @/Users/runner/Library/Developer/Xcode/DerivedData/App-bftnsirjgxxrogcvaqjekecjqrkn/Build/Intermediates.noindex/ArchiveIntermediates/App/IntermediateBuildFilesPath/RevenueCat.build/Release-iphoneos/RevenueCat.build/Objects-normal/arm64/RevenueCat-linker-args.resp

LinkAssetCatalog /Users/runner/work/focusher-app/focusher-app/ios/App/App/Assets.xcassets (in target 'App' from project 'App')
    cd /Users/runner/work/focusher-app/focusher-app/ios/App
    builtin-linkAssetCatalog --thinned /Users/runner/Library/Developer/Xcode/DerivedData/App-bftnsirjgxxrogcvaqjekecjqrkn/Build/Intermediates.noindex/ArchiveIntermediates/App/IntermediateBuildFilesPath/App.build/Release-iphoneos/App.build/assetcatalog_output/thinned --thinned-dependencies /Users/runner/Library/Developer/Xcode/DerivedData/App-bftnsirjgxxrogcvaqjekecjqrkn/Build/Intermediates.noindex/ArchiveIntermediates/App/IntermediateBuildFilesPath/App.build/Release-iphoneos/App.build/assetcatalog_dependencies_thinned --thinned-info-plist-content /Users/runner/Library/Developer/Xcode/DerivedData/App-bftnsirjgxxrogcvaqjekecjqrkn/Build/Intermediates.noindex/ArchiveIntermediates/App/IntermediateBuildFilesPath/App.build/Release-iphoneos/App.build/assetcatalog_generated_info.plist_thinned --unthinned /Users/runner/Library/Developer/Xcode/DerivedData/App-bftnsirjgxxrogcvaqjekecjqrkn/Build/Intermediates.noindex/ArchiveIntermediates/App/IntermediateBuildFilesPath/App.build/Release-iphoneos/App.build/assetcatalog_output/unthinned --unthinned-dependencies /Users/runner/Library/Developer/Xcode/DerivedData/App-bftnsirjgxxrogcvaqjekecjqrkn/Build/Intermediates.noindex/ArchiveIntermediates/App/IntermediateBuildFilesPath/App.build/Release-iphoneos/App.build/assetcatalog_dependencies_unthinned --unthinned-info-plist-content /Users/runner/Library/Developer/Xcode/DerivedData/App-bftnsirjgxxrogcvaqjekecjqrkn/Build/Intermediates.noindex/ArchiveIntermediates/App/IntermediateBuildFilesPath/App.build/Release-iphoneos/App.build/assetcatalog_generated_info.plist_unthinned --output /Users/runner/Library/Developer/Xcode/DerivedData/App-bftnsirjgxxrogcvaqjekecjqrkn/Build/Intermediates.noindex/ArchiveIntermediates/App/InstallationBuildProductsLocation/Applications/App.app --plist-output /Users/runner/Library/Developer/Xcode/DerivedData/App-bftnsirjgxxrogcvaqjekecjqrkn/Build/Intermediates.noindex/ArchiveIntermediates/App/IntermediateBuildFilesPath/App.build/Release-iphoneos/App.build/assetcatalog_generated_info.plist
note: Emplaced /Users/runner/Library/Developer/Xcode/DerivedData/App-bftnsirjgxxrogcvaqjekecjqrkn/Build/Intermediates.noindex/ArchiveIntermediates/App/InstallationBuildProductsLocation/Applications/App.app/AppIcon60x60@2x.png (in target 'App' from project 'App')
note: Emplaced /Users/runner/Library/Developer/Xcode/DerivedData/App-bftnsirjgxxrogcvaqjekecjqrkn/Build/Intermediates.noindex/ArchiveIntermediates/App/InstallationBuildProductsLocation/Applications/App.app/AppIcon76x76@2x~ipad.png (in target 'App' from project 'App')
note: Emplaced /Users/runner/Library/Developer/Xcode/DerivedData/App-bftnsirjgxxrogcvaqjekecjqrkn/Build/Intermediates.noindex/ArchiveIntermediates/App/InstallationBuildProductsLocation/Applications/App.app/Assets.car (in target 'App' from project 'App')

ProcessInfoPlistFile /Users/runner/Library/Developer/Xcode/DerivedData/App-bftnsirjgxxrogcvaqjekecjqrkn/Build/Intermediates.noindex/ArchiveIntermediates/App/InstallationBuildProductsLocation/Applications/App.app/Info.plist /Users/runner/work/focusher-app/focusher-app/ios/App/App/Info.plist (in target 'App' from project 'App')
    cd /Users/runner/work/focusher-app/focusher-app/ios/App
    builtin-infoPlistUtility /Users/runner/work/focusher-app/focusher-app/ios/App/App/Info.plist -producttype com.apple.product-type.application -genpkginfo /Users/runner/Library/Developer/Xcode/DerivedData/App-bftnsirjgxxrogcvaqjekecjqrkn/Build/Intermediates.noindex/ArchiveIntermediates/App/InstallationBuildProductsLocation/Applications/App.app/PkgInfo -expandbuildsettings -format binary -platform iphoneos -additionalcontentfile /Users/runner/Library/Developer/Xcode/DerivedData/App-bftnsirjgxxrogcvaqjekecjqrkn/Build/Intermediates.noindex/ArchiveIntermediates/App/IntermediateBuildFilesPath/App.build/Release-iphoneos/App.build/Base.lproj/LaunchScreen-SBPartialInfo.plist -additionalcontentfile /Users/runner/Library/Developer/Xcode/DerivedData/App-bftnsirjgxxrogcvaqjekecjqrkn/Build/Intermediates.noindex/ArchiveIntermediates/App/IntermediateBuildFilesPath/App.build/Release-iphoneos/App.build/Base.lproj/Main-SBPartialInfo.plist -additionalcontentfile /Users/runner/Library/Developer/Xcode/DerivedData/App-bftnsirjgxxrogcvaqjekecjqrkn/Build/Intermediates.noindex/ArchiveIntermediates/App/IntermediateBuildFilesPath/App.build/Release-iphoneos/App.build/assetcatalog_generated_info.plist -scanforprivacyfile /Users/runner/Library/Developer/Xcode/DerivedData/App-bftnsirjgxxrogcvaqjekecjqrkn/Build/Intermediates.noindex/ArchiveIntermediates/App/InstallationBuildProductsLocation/Applications/App.app/Frameworks/Capacitor.framework -scanforprivacyfile /Users/runner/Library/Developer/Xcode/DerivedData/App-bftnsirjgxxrogcvaqjekecjqrkn/Build/Intermediates.noindex/ArchiveIntermediates/App/InstallationBuildProductsLocation/Applications/App.app/Frameworks/Cordova.framework -scanforprivacyfile /Users/runner/Library/Developer/Xcode/DerivedData/App-bftnsirjgxxrogcvaqjekecjqrkn/Build/Intermediates.noindex/ArchiveIntermediates/App/InstallationBuildProductsLocation/Applications/App.app/RevenueCat_RevenueCat.bundle -requiredArchitecture arm64 -o /Users/runner/Library/Developer/Xcode/DerivedData/App-bftnsirjgxxrogcvaqjekecjqrkn/Build/Intermediates.noindex/ArchiveIntermediates/App/InstallationBuildProductsLocation/Applications/App.app/Info.plist

ExtractAppIntentsMetadata (in target 'App' from project 'App')
    cd /Users/runner/work/focusher-app/focusher-app/ios/App
    /Applications/Xcode_26.6.app/Contents/Developer/Toolchains/XcodeDefault.xctoolchain/usr/bin/appintentsmetadataprocessor --toolchain-dir /var/run/com.apple.security.cryptexd/mnt/com.apple.MobileAsset.MetalToolchain-v17.6.109.0.Or93n4/Metal.xctoolchain --module-name App --sdk-root /Applications/Xcode_26.6.app/Contents/Developer/Platforms/iPhoneOS.platform/Developer/SDKs/iPhoneOS26.5.sdk --xcode-version 17F113 --platform-family iOS --deployment-target 15.0 --bundle-identifier de.vellunaprints.focusher --output /Users/runner/Library/Developer/Xcode/DerivedData/App-bftnsirjgxxrogcvaqjekecjqrkn/Build/Intermediates.noindex/ArchiveIntermediates/App/InstallationBuildProductsLocation/Applications/App.app --target-triple arm64-apple-ios15.0 --binary-file /Users/runner/Library/Developer/Xcode/DerivedData/App-bftnsirjgxxrogcvaqjekecjqrkn/Build/Intermediates.noindex/ArchiveIntermediates/App/InstallationBuildProductsLocation/Applications/App.app/App --dependency-file /Users/runner/Library/Developer/Xcode/DerivedData/App-bftnsirjgxxrogcvaqjekecjqrkn/Build/Intermediates.noindex/ArchiveIntermediates/App/IntermediateBuildFilesPath/App.build/Release-iphoneos/App.build/Objects-normal/arm64/App_dependency_info.dat --stringsdata-file /Users/runner/Library/Developer/Xcode/DerivedData/App-bftnsirjgxxrogcvaqjekecjqrkn/Build/Intermediates.noindex/ArchiveIntermediates/App/IntermediateBuildFilesPath/App.build/Release-iphoneos/App.build/Objects-normal/arm64/ExtractedAppShortcutsMetadata.stringsdata --source-file-list /Users/runner/Library/Developer/Xcode/DerivedData/App-bftnsirjgxxrogcvaqjekecjqrkn/Build/Intermediates.noindex/ArchiveIntermediates/App/IntermediateBuildFilesPath/App.build/Release-iphoneos/App.build/Objects-normal/arm64/App.SwiftFileList --metadata-file-list /Users/runner/Library/Developer/Xcode/DerivedData/App-bftnsirjgxxrogcvaqjekecjqrkn/Build/Intermediates.noindex/ArchiveIntermediates/App/IntermediateBuildFilesPath/App.build/Release-iphoneos/App.build/App.DependencyMetadataFileList --static-metadata-file-list /Users/runner/Library/Developer/Xcode/DerivedData/App-bftnsirjgxxrogcvaqjekecjqrkn/Build/Intermediates.noindex/ArchiveIntermediates/App/IntermediateBuildFilesPath/App.build/Release-iphoneos/App.build/App.DependencyStaticMetadataFileList --swift-const-vals-list /Users/runner/Library/Developer/Xcode/DerivedData/App-bftnsirjgxxrogcvaqjekecjqrkn/Build/Intermediates.noindex/ArchiveIntermediates/App/IntermediateBuildFilesPath/App.build/Release-iphoneos/App.build/Objects-normal/arm64/App.SwiftConstValuesFileList --compile-time-extraction --deployment-aware-processing --validate-assistant-intents --no-app-shortcuts-localization
2026-10-06 21:44:54.282 appintentsmetadataprocessor[7361:25328] Starting appintentsmetadataprocessor export
2026-10-06 21:44:54.285 appintentsmetadataprocessor[7361:25328] warning: Metadata extraction skipped. No AppIntents.framework dependency found.

CopySwiftLibs /Users/runner/Library/Developer/Xcode/DerivedData/App-bftnsirjgxxrogcvaqjekecjqrkn/Build/Intermediates.noindex/ArchiveIntermediates/App/InstallationBuildProductsLocation/Applications/App.app (in target 'App' from project 'App')
    cd /Users/runner/work/focusher-app/focusher-app/ios/App
    builtin-swiftStdLibTool --copy --verbose --scan-executable /Users/runner/Library/Developer/Xcode/DerivedData/App-bftnsirjgxxrogcvaqjekecjqrkn/Build/Intermediates.noindex/ArchiveIntermediates/App/InstallationBuildProductsLocation/Applications/App.app/App --scan-folder /Users/runner/Library/Developer/Xcode/DerivedData/App-bftnsirjgxxrogcvaqjekecjqrkn/Build/Intermediates.noindex/ArchiveIntermediates/App/InstallationBuildProductsLocation/Applications/App.app/Frameworks --scan-folder /Users/runner/Library/Developer/Xcode/DerivedData/App-bftnsirjgxxrogcvaqjekecjqrkn/Build/Intermediates.noindex/ArchiveIntermediates/App/InstallationBuildProductsLocation/Applications/App.app/PlugIns --scan-folder /Users/runner/Library/Developer/Xcode/DerivedData/App-bftnsirjgxxrogcvaqjekecjqrkn/Build/Intermediates.noindex/ArchiveIntermediates/App/InstallationBuildProductsLocation/Applications/App.app/SystemExtensions --scan-folder /Users/runner/Library/Developer/Xcode/DerivedData/App-bftnsirjgxxrogcvaqjekecjqrkn/Build/Intermediates.noindex/ArchiveIntermediates/App/InstallationBuildProductsLocation/Applications/App.app/Extensions --platform iphoneos --toolchain /var/run/com.apple.security.cryptexd/mnt/com.apple.MobileAsset.MetalToolchain-v17.6.109.0.Or93n4/Metal.xctoolchain --toolchain /Applications/Xcode_26.6.app/Contents/Developer/Toolchains/XcodeDefault.xctoolchain --destination /Users/runner/Library/Developer/Xcode/DerivedData/App-bftnsirjgxxrogcvaqjekecjqrkn/Build/Intermediates.noindex/ArchiveIntermediates/App/InstallationBuildProductsLocation/Applications/App.app/Frameworks --unsigned-destination /Users/runner/Library/Developer/Xcode/DerivedData/App-bftnsirjgxxrogcvaqjekecjqrkn/Build/Intermediates.noindex/ArchiveIntermediates/App/BuildProductsPath/SwiftSupport --strip-bitcode --strip-bitcode-tool /Applications/Xcode_26.6.app/Contents/Developer/Toolchains/XcodeDefault.xctoolchain/usr/bin/bitcode_strip --emit-dependency-info /Users/runner/Library/Developer/Xcode/DerivedData/App-bftnsirjgxxrogcvaqjekecjqrkn/Build/Intermediates.noindex/ArchiveIntermediates/App/IntermediateBuildFilesPath/App.build/Release-iphoneos/App.build/SwiftStdLibToolInputDependencies.dep --filter-for-swift-os --back-deploy-swift-span
Ignoring --strip-bitcode because --sign was not passed

GenerateDSYMFile /Users/runner/Library/Developer/Xcode/DerivedData/App-bftnsirjgxxrogcvaqjekecjqrkn/Build/Intermediates.noindex/ArchiveIntermediates/App/BuildProductsPath/Release-iphoneos/App.app.dSYM /Users/runner/Library/Developer/Xcode/DerivedData/App-bftnsirjgxxrogcvaqjekecjqrkn/Build/Intermediates.noindex/ArchiveIntermediates/App/InstallationBuildProductsLocation/Applications/App.app/App (in target 'App' from project 'App')
    cd /Users/runner/work/focusher-app/focusher-app/ios/App
    /Applications/Xcode_26.6.app/Contents/Developer/Toolchains/XcodeDefault.xctoolchain/usr/bin/dsymutil /Users/runner/Library/Developer/Xcode/DerivedData/App-bftnsirjgxxrogcvaqjekecjqrkn/Build/Intermediates.noindex/ArchiveIntermediates/App/InstallationBuildProductsLocation/Applications/App.app/App -o /Users/runner/Library/Developer/Xcode/DerivedData/App-bftnsirjgxxrogcvaqjekecjqrkn/Build/Intermediates.noindex/ArchiveIntermediates/App/BuildProductsPath/Release-iphoneos/App.app.dSYM

AppIntentsSSUTraining (in target 'App' from project 'App')
    cd /Users/runner/work/focusher-app/focusher-app/ios/App
    /Applications/Xcode_26.6.app/Contents/Developer/Toolchains/XcodeDefault.xctoolchain/usr/bin/appintentsnltrainingprocessor --infoplist-path /Users/runner/Library/Developer/Xcode/DerivedData/App-bftnsirjgxxrogcvaqjekecjqrkn/Build/Intermediates.noindex/ArchiveIntermediates/App/InstallationBuildProductsLocation/Applications/App.app/Info.plist --temp-dir-path /Users/runner/Library/Developer/Xcode/DerivedData/App-bftnsirjgxxrogcvaqjekecjqrkn/Build/Intermediates.noindex/ArchiveIntermediates/App/IntermediateBuildFilesPath/App.build/Release-iphoneos/App.build/ssu --bundle-id de.vellunaprints.focusher --product-path /Users/runner/Library/Developer/Xcode/DerivedData/App-bftnsirjgxxrogcvaqjekecjqrkn/Build/Intermediates.noindex/ArchiveIntermediates/App/InstallationBuildProductsLocation/Applications/App.app --extracted-metadata-path /Users/runner/Library/Developer/Xcode/DerivedData/App-bftnsirjgxxrogcvaqjekecjqrkn/Build/Intermediates.noindex/ArchiveIntermediates/App/InstallationBuildProductsLocation/Applications/App.app/Metadata.appintents --deployment-postprocessing --metadata-file-list /Users/runner/Library/Developer/Xcode/DerivedData/App-bftnsirjgxxrogcvaqjekecjqrkn/Build/Intermediates.noindex/ArchiveIntermediates/App/IntermediateBuildFilesPath/App.build/Release-iphoneos/App.build/App.DependencyMetadataFileList --source-file /Users/runner/Library/Developer/Xcode/DerivedData/App-bftnsirjgxxrogcvaqjekecjqrkn/Build/Intermediates.noindex/ArchiveIntermediates/App/InstallationBuildProductsLocation/Applications/App.app/Info.plist --archive-ssu-assets
2026-10-06 21:44:54.356 appintentsnltrainingprocessor[7369:25343] Parsing options for appintentsnltrainingprocessor
2026-10-06 21:44:54.356 appintentsnltrainingprocessor[7369:25343] Starting AppIntents SSU YAML Generation
2026-10-06 21:44:54.362 appintentsnltrainingprocessor[7369:25343] No AppShortcuts found - Skipping.

Strip /Users/runner/Library/Developer/Xcode/DerivedData/App-bftnsirjgxxrogcvaqjekecjqrkn/Build/Intermediates.noindex/ArchiveIntermediates/App/InstallationBuildProductsLocation/Applications/App.app/App (in target 'App' from project 'App')
    cd /Users/runner/work/focusher-app/focusher-app/ios/App
    /Applications/Xcode_26.6.app/Contents/Developer/Toolchains/XcodeDefault.xctoolchain/usr/bin/strip -D /Users/runner/Library/Developer/Xcode/DerivedData/App-bftnsirjgxxrogcvaqjekecjqrkn/Build/Intermediates.noindex/ArchiveIntermediates/App/InstallationBuildProductsLocation/Applications/App.app/App

SetOwnerAndGroup runner:staff /Users/runner/Library/Developer/Xcode/DerivedData/App-bftnsirjgxxrogcvaqjekecjqrkn/Build/Intermediates.noindex/ArchiveIntermediates/App/InstallationBuildProductsLocation/Applications/App.app (in target 'App' from project 'App')
    cd /Users/runner/work/focusher-app/focusher-app/ios/App
    /usr/sbin/chown -RH runner:staff /Users/runner/Library/Developer/Xcode/DerivedData/App-bftnsirjgxxrogcvaqjekecjqrkn/Build/Intermediates.noindex/ArchiveIntermediates/App/InstallationBuildProductsLocation/Applications/App.app

SetMode u+w,go-w,a+rX /Users/runner/Library/Developer/Xcode/DerivedData/App-bftnsirjgxxrogcvaqjekecjqrkn/Build/Intermediates.noindex/ArchiveIntermediates/App/InstallationBuildProductsLocation/Applications/App.app (in target 'App' from project 'App')
    cd /Users/runner/work/focusher-app/focusher-app/ios/App
    /bin/chmod -RH u+w,go-w,a+rX /Users/runner/Library/Developer/Xcode/DerivedData/App-bftnsirjgxxrogcvaqjekecjqrkn/Build/Intermediates.noindex/ArchiveIntermediates/App/InstallationBuildProductsLocation/Applications/App.app

RegisterExecutionPolicyException /Users/runner/Library/Developer/Xcode/DerivedData/App-bftnsirjgxxrogcvaqjekecjqrkn/Build/Intermediates.noindex/ArchiveIntermediates/App/InstallationBuildProductsLocation/Applications/App.app (in target 'App' from project 'App')
    cd /Users/runner/work/focusher-app/focusher-app/ios/App
    builtin-RegisterExecutionPolicyException /Users/runner/Library/Developer/Xcode/DerivedData/App-bftnsirjgxxrogcvaqjekecjqrkn/Build/Intermediates.noindex/ArchiveIntermediates/App/InstallationBuildProductsLocation/Applications/App.app

Validate /Users/runner/Library/Developer/Xcode/DerivedData/App-bftnsirjgxxrogcvaqjekecjqrkn/Build/Intermediates.noindex/ArchiveIntermediates/App/InstallationBuildProductsLocation/Applications/App.app (in target 'App' from project 'App')
    cd /Users/runner/work/focusher-app/focusher-app/ios/App
    builtin-validationUtility /Users/runner/Library/Developer/Xcode/DerivedData/App-bftnsirjgxxrogcvaqjekecjqrkn/Build/Intermediates.noindex/ArchiveIntermediates/App/InstallationBuildProductsLocation/Applications/App.app -validate-for-store -shallow-bundle -infoplist-subpath Info.plist

Touch /Users/runner/Library/Developer/Xcode/DerivedData/App-bftnsirjgxxrogcvaqjekecjqrkn/Build/Intermediates.noindex/ArchiveIntermediates/App/InstallationBuildProductsLocation/Applications/App.app (in target 'App' from project 'App')
    cd /Users/runner/work/focusher-app/focusher-app/ios/App
    /usr/bin/touch -c /Users/runner/Library/Developer/Xcode/DerivedData/App-bftnsirjgxxrogcvaqjekecjqrkn/Build/Intermediates.noindex/ArchiveIntermediates/App/InstallationBuildProductsLocation/Applications/App.app

** ARCHIVE SUCCEEDED **

